cod_dtm,tr1,pscore_tr1,tr2r2,pscore_tr2r2,weight,region
1,,0.41231373,,0.5240523,1156.1277,1.0
2,,0.28995952,,0.30352464,1052.6385,1.0
3,,0.24518643,,0.51317596,955.4703,1.0
4,,0.75780165,,0.727262,1242.2445,2.0
5,,,,,696.5632,1.0
6,0.0,0.22063115,0.0,0.29284507,773.3706,1.0
7,,0.53116596,0.0,0.63623464,508.86008,1.0
8,,0.345341,1.0,0.48461077,587.20905,1.0
9,,0.5426877,,0.61766315,477.1987,1.0
10,,,,,650.09686,1.0
11,,0.52983475,,0.58870363,599.5273,1.0
12,,0.20307323,,0.30237964,17424.377,1.0
13,,,,,2649.307,1.0
14,,0.25850666,,0.4281107,1818.6523,1.0
15,,0.519136,,0.66314375,2151.0684,1.0
16,,0.4524794,,0.5966239,2104.776,1.0
17,1.0,0.6472107,1.0,0.69148326,389.74176,1.0
18,0.0,0.25625774,0.0,0.4469525,488.0109,1.0
19,,0.45945755,1.0,0.5762659,414.0834,1.0
20,,0.45792148,1.0,0.6135516,440.7946,1.0
21,,0.5208114,0.0,0.67551523,473.4993,1.0
22,,0.09360967,0.0,0.38740203,578.5545,1.0
23,,,,,494.66086,1.0
24,,0.24451292,,0.43990216,10498.299,1.0
25,,,,,873.20514,1.0
26,,,,,751.50714,1.0
27,,0.32878545,,0.4743735,864.39923,1.0
28,,0.28278056,,0.453104,883.19586,1.0
29,,0.43828017,,0.53869915,744.5021,1.0
30,0.0,0.29839355,0.0,0.496106,802.16925,1.0
31,1.0,0.42611057,1.0,0.482185,882.7114,1.0
32,1.0,0.302802,1.0,0.45799112,935.0202,1.0
33,,0.45568627,0.0,0.4557291,867.7101,1.0
34,,0.5317104,,0.57476294,4103.8545,1.0
35,,0.79925084,,0.8545518,4041.0676,1.0
36,,0.41271144,1.0,0.57717174,430.17413,1.0
37,,0.23496316,1.0,0.19836661,593.0741,1.0
38,,0.6052806,,0.67406213,544.4059,1.0
39,,0.23680677,,0.27823123,474.19473,3.0
40,,0.6394,1.0,0.69147336,504.40616,1.0
41,,0.56125635,1.0,0.5692161,304.9344,1.0
42,,,,,526.5279,1.0
43,,0.05083949,0.0,0.32792795,580.1257,1.0
44,,0.22841823,0.0,0.40280437,8117.6406,1.0
45,,,,,7770.157,1.0
46,,0.8508924,,0.8240039,912.3705,1.0
47,,0.567043,,0.6054854,1235.3888,1.0
48,,0.5149959,,0.4879133,1334.4978,1.0
49,,,,,1069.0455,1.0
50,,,,,1201.7765,1.0
51,0.0,0.3659159,0.0,0.38152876,1360.6578,1.0
52,,,,,1494.0927,1.0
53,0.0,0.15101098,0.0,0.3784891,1363.8387,1.0
54,,0.15135622,,0.39385232,1438.0757,1.0
55,0.0,0.3058982,0.0,0.29030982,1617.1127,1.0
56,0.0,0.5898715,0.0,0.61029494,1179.1786,1.0
57,,0.13658792,,0.34749404,20341.35,1.0
58,,0.8606467,,0.825733,1239.6191,1.0
59,,,,,1589.5128,1.0
60,,0.8119445,,0.7583686,1198.5969,1.0
61,1.0,0.50418985,1.0,0.5668028,813.8187,1.0
62,,,,,1119.0422,1.0
63,,,,,940.28467,1.0
64,,,,,781.48846,1.0
65,,,,,900.60034,1.0
66,0.0,0.4267992,0.0,0.44889,1162.4069,1.0
67,0.0,0.39679903,0.0,0.380847,745.4234,3.0
68,,,,,18602.111,1.0
69,,0.85620534,,0.82233596,796.266,1.0
70,,0.7568598,,0.7081391,1052.7408,1.0
71,,0.84834594,,0.8040913,777.1607,1.0
72,,0.66093355,,0.5513038,1210.4824,1.0
73,,0.82625574,0.0,0.79575044,494.50925,1.0
74,,,,,471.7064,1.0
75,,,,,513.88855,1.0
76,1.0,0.5349618,1.0,0.5703105,513.67816,1.0
77,0.0,0.82475764,0.0,0.73827213,400.20944,1.0
78,,0.44802445,0.0,0.40769255,698.36633,1.0
79,1.0,0.79476345,1.0,0.7778644,491.31393,1.0
80,,,,,13693.49,1.0
81,,,0.0,,740.917,1.0
82,,,,,845.4787,1.0
83,,0.64965147,,0.57208765,879.1724,1.0
84,,0.79381025,,0.74729234,788.5256,1.0
85,,0.312626,,0.30295983,1343.9391,1.0
86,0.0,0.64841896,0.0,0.60767096,1190.9109,1.0
87,,0.7636212,,0.71210444,767.097,1.0
88,,0.5976678,0.0,0.58465976,971.4151,1.0
89,,,,,1362.6451,1.0
90,,0.29590613,,0.3546684,1128.3231,1.0
91,,0.68920904,1.0,0.6583571,20195.805,1.0
92,,,,,566.7081,1.0
93,,0.06985731,,0.22433192,480.67975,1.0
94,,,,,716.7418,1.0
95,,0.6182133,,0.5682631,367.66977,1.0
96,,0.45282727,0.0,0.46046427,1105.6338,1.0
97,,0.6146169,1.0,0.63065404,822.71344,1.0
98,,,,,875.1328,1.0
99,,0.45668536,1.0,0.49104267,793.68195,1.0
100,,0.36418504,0.0,0.40595785,891.56915,1.0
101,,,,,621.5982,1.0
102,0.0,0.5835709,0.0,0.6198183,777.94684,1.0
103,,,,,34409.87,1.0
104,,0.20688395,,0.2092626,1220.4044,1.0
105,,0.6955836,,0.6842379,904.8747,1.0
106,,,,,627.1956,1.0
107,1.0,0.31147552,1.0,0.34106913,885.0839,1.0
108,0.0,0.34137994,0.0,0.31836408,645.4202,1.0
109,,,,,821.12177,1.0
110,,,,,821.06024,1.0
111,,0.21942754,,0.21182287,873.1516,1.0
112,0.0,0.41021657,0.0,0.3977026,769.65985,1.0
113,0.0,0.67603415,0.0,0.70816433,580.0558,1.0
114,,,,,17525.48,1.0
115,,0.089916565,,0.11474719,17873.025,1.0
116,,,,,330.85892,1.0
117,,0.13558343,,0.43600544,405.63678,1.0
118,,0.17951247,,0.20685506,494.59842,1.0
119,,0.23961098,,0.29008615,320.24075,1.0
120,0.0,0.11698329,0.0,0.25760677,627.6562,1.0
121,,0.18925966,,0.2117627,912.2215,1.0
122,0.0,0.2902912,0.0,0.41052666,938.20325,1.0
123,,0.15329494,0.0,0.30360326,859.26843,1.0
124,,0.2535726,0.0,0.43676934,585.13995,1.0
125,,0.17186396,,0.2904833,758.7667,1.0
126,,0.22563395,,0.3023474,758.66547,1.0
127,,0.1184965,,0.1633485,14727.029,1.0
128,,0.27882412,,0.4009564,259.34576,1.0
129,,0.25999802,0.0,0.42994773,255.2141,1.0
130,,0.43869138,0.0,0.5769751,312.67328,1.0
131,,0.44553298,1.0,0.5537035,214.44923,1.0
132,,0.1319326,,0.19514404,529.6905,1.0
133,,,,,604.61743,1.0
134,,0.30994385,1.0,0.5632599,664.52057,1.0
135,,0.4900365,0.0,0.6691203,519.95386,1.0
136,,0.48748544,,0.6161018,701.64343,1.0
137,,0.20958754,0.0,0.4645818,678.5482,1.0
138,,0.117668234,0.0,0.27465203,583.7276,1.0
139,,0.38582948,,0.4597868,16087.835,1.0
140,,0.5593375,,0.69029516,669.0826,1.0
141,,0.54623556,,0.6107599,698.3826,1.0
142,,0.44369695,,0.567994,795.13666,1.0
143,,0.19007392,,0.48265246,565.24304,1.0
144,,,,,533.28094,1.0
145,0.0,0.3437908,0.0,0.4947766,1034.3696,1.0
146,,0.46464148,0.0,0.582541,919.83,1.0
147,,,,,860.9056,1.0
148,,0.30991304,0.0,0.4629417,909.22003,1.0
149,,0.27494603,0.0,0.33557782,993.6613,1.0
150,,0.117261924,,0.18007645,1135.6345,1.0
151,,0.13213833,,0.23370542,16457.895,1.0
152,,0.18502022,,0.28781554,2094.697,1.0
153,,0.451377,,0.5610127,1478.3313,1.0
154,,,,,869.0192,1.0
155,,,,,770.4059,1.0
156,,0.064565144,,0.15967636,903.0529,1.0
157,,0.059850898,,0.39698622,833.43207,1.0
158,,0.08218486,,0.31627294,869.08716,1.0
159,,,,,1019.48395,1.0
160,,0.5177195,1.0,0.6645034,857.6012,1.0
161,,0.36250696,,0.44544655,871.0677,1.0
162,,0.17714421,0.0,0.15915455,4943.531,3.0
163,,,,,3220.5337,1.0
164,,0.41928798,1.0,0.4799279,1236.9486,1.0
165,,0.31144804,1.0,0.3173907,1327.214,1.0
166,,0.3298956,,0.38402793,1224.3396,1.0
167,,,,,1067.7302,1.0
168,,0.043452095,0.0,0.11705917,908.4767,1.0
169,,0.115878046,0.0,0.18472394,801.1146,1.0
170,,0.18674468,0.0,0.38445905,887.4452,1.0
171,,0.67033744,1.0,0.7892223,919.26117,1.0
172,,,,,753.7732,1.0
173,,,,,890.6728,1.0
174,,0.3765222,0.0,0.51940745,981.3891,1.0
175,,,,,9948.857,1.0
176,,,,,518.9821,1.0
177,,0.37585312,,0.45368695,518.82227,1.0
178,,0.36500677,,0.50525457,504.89804,1.0
179,,0.50209904,1.0,0.57946557,569.84094,1.0
180,,,,,836.8696,1.0
181,,0.11419464,0.0,0.2124933,672.2398,1.0
182,,,0.0,,971.33374,1.0
183,,0.25029814,0.0,0.29766324,738.2191,1.0
184,,0.31760582,,0.41691118,760.05066,1.0
185,0.0,0.07523167,0.0,0.30434287,867.8051,1.0
186,,0.41377863,,0.5350239,623.3766,1.0
187,,0.054043423,0.0,0.14773509,16838.785,1.0
188,,0.5695378,,0.7157686,815.65326,1.0
189,,0.5057208,,0.5587468,921.51105,1.0
190,,,,,795.0261,1.0
191,,0.43318358,,0.5724409,909.337,1.0
192,1.0,0.5689964,1.0,0.6158971,262.49686,1.0
193,,,,,187.2708,1.0
194,0.0,0.22938788,0.0,0.37177515,233.94472,1.0
195,0.0,0.507481,0.0,0.64464587,148.12962,1.0
196,,,,,245.93875,1.0
197,0.0,0.45174602,0.0,0.57361335,226.06894,1.0
198,,0.15171157,,0.38351476,218.74582,1.0
199,,,,,9014.902,1.0
200,,0.51772887,,0.66450924,256.07635,1.0
201,,0.57109344,,0.7349569,241.97716,1.0
202,,0.32676885,,0.5397846,273.6187,1.0
203,,0.51233304,,0.6690873,259.18726,1.0
204,,,,,283.05322,1.0
205,,,,,285.61084,1.0
206,,,,,144.25606,1.0
207,,0.077862285,,0.5278046,234.69165,1.0
208,,0.37931368,0.0,0.5214955,258.89682,1.0
209,,0.34443703,,0.5545699,220.8285,1.0
210,,,,,273.47546,1.0
211,,0.14308208,0.0,0.3534637,5726.652,1.0
212,,,,,321.69574,1.0
213,,0.6620127,,0.80819386,273.5677,1.0
214,,0.30412602,,0.57109386,293.00076,1.0
215,,0.52004,,0.7891533,297.97095,1.0
216,,0.53216213,1.0,0.7867872,232.90924,1.0
217,0.0,0.39823508,0.0,0.7059192,617.6743,1.0
218,,,,,506.9314,1.0
219,1.0,0.5898612,1.0,0.7797771,394.9667,1.0
220,1.0,0.05933669,1.0,0.57580936,371.6611,1.0
221,,,,,471.91925,1.0
222,,0.2581088,,0.46498913,491.90216,1.0
223,,0.18178122,1.0,0.5157262,9458.31,1.0
224,,0.7966239,,0.9518355,582.72345,1.0
225,,,,,759.4863,1.0
226,1.0,0.21344776,1.0,0.5338793,793.6919,1.0
227,0.0,0.35785803,0.0,0.5415524,824.66254,1.0
228,1.0,0.46619013,1.0,0.80443144,715.15594,1.0
229,0.0,0.7297141,0.0,0.89833796,685.9517,1.0
230,1.0,0.6000184,1.0,0.77229077,784.00195,1.0
231,,,,,713.4534,1.0
232,,,,,771.0352,1.0
233,0.0,0.42487586,0.0,0.75057745,590.009,1.0
234,,0.4980932,0.0,0.6689858,4109.397,1.0
235,,0.58979714,,0.7776424,4949.386,1.0
265,,0.8280962,,0.94521636,611.62683,1.0
266,,0.68474483,,0.8881589,611.6544,1.0
267,,0.79094124,,0.9343799,616.19366,1.0
268,,0.5154968,,0.83206224,686.89703,1.0
269,,,,,1180.431,1.0
270,,0.56704146,,0.8640918,1105.1501,1.0
271,1.0,0.82083154,1.0,0.9260862,1020.516,1.0
272,,,,,1057.3026,1.0
273,,,,,571.3638,1.0
274,1.0,0.58843106,1.0,0.81075895,1233.1652,1.0
275,0.0,0.53725535,0.0,0.8191043,1109.8263,1.0
276,,0.7156876,,0.8875823,12767.373,1.0
236,,0.8318209,,0.9532706,718.07715,1.0
237,,0.6941226,,0.8577485,848.4017,1.0
238,,0.71941537,,0.9006023,552.7202,1.0
239,,0.807809,,0.92650723,899.94354,1.0
240,,0.7692428,0.0,0.92528886,802.1876,1.0
241,,0.7422911,0.0,0.9022669,997.1794,1.0
242,,0.6793744,,0.8738621,1079.6283,1.0
243,,0.78124946,1.0,0.93151397,1031.8467,1.0
244,1.0,0.6717931,1.0,0.84902257,1284.82,1.0
245,1.0,0.8833345,1.0,0.97771466,983.59735,1.0
246,1.0,0.82279104,1.0,0.9391935,1083.8798,1.0
247,,0.6092505,,0.82110393,13895.631,1.0
248,,0.5303201,,0.3601359,1336.9753,1.0
249,,0.50531733,,0.3581169,1507.5538,1.0
277,,0.45280015,1.0,0.31358534,1133.6703,1.0
278,,0.5480317,,0.35749528,1747.6711,1.0
279,,,,,729.86005,1.0
250,,0.65654325,1.0,0.51775473,580.19574,1.0
251,,0.31268302,,0.22790314,1108.5303,1.0
280,1.0,0.77466565,1.0,0.5523928,868.21735,1.0
252,,,,,1010.1015,1.0
281,,0.28664157,,0.23559563,1065.5674,1.0
282,,,,,1221.0171,1.0
283,,0.24018732,0.0,0.12262956,32333.873,1.0
253,,0.75616664,,0.5246574,439.52194,1.0
254,,0.61850935,,0.3632907,474.86472,1.0
255,,0.37363526,,0.22866778,501.71115,1.0
256,,,,,424.29028,1.0
257,1.0,0.12198486,1.0,0.14446107,618.83105,4.0
258,0.0,0.2142142,0.0,0.21649006,338.15625,1.0
259,,0.69974506,0.0,0.49391267,439.60513,1.0
260,,,,,529.7359,1.0
261,,0.6686005,,0.48414555,466.00623,1.0
262,,0.43020418,,0.3014234,368.16473,1.0
263,0.0,0.1669118,0.0,0.15480204,516.2247,1.0
264,,0.38971126,0.0,0.23862992,49828.25,1.0
284,,,,,1689.3313,1.0
285,,,,,401.28885,1.0
286,,,,,629.1901,1.0
287,,,,,536.95166,1.0
288,,,,,580.216,1.0
289,,,,,781.99524,1.0
290,,,,,745.334,1.0
291,,0.8161421,1.0,0.7028748,573.2993,1.0
292,,0.9391699,,0.8323961,524.5493,1.0
293,,0.9434714,,0.36539635,180.60823,1.0
294,,,,,473.43576,1.0
295,,,,,993.14185,1.0
296,,,,,1008.9725,1.0
297,,,,,990.3161,1.0
298,,,,,803.2694,1.0
299,,,,,657.2697,1.0
300,0.0,0.5536143,0.0,0.46286666,871.24554,1.0
301,1.0,0.93288743,1.0,0.78532976,609.9229,1.0
302,,0.89222544,0.0,0.7207314,963.83734,1.0
303,,0.88291276,,0.73257065,756.39777,1.0
304,,0.97391444,,0.89033616,614.1746,1.0
305,,,,,784.5089,1.0
306,,,,,757.26996,1.0
307,,,,,938.4775,1.0
308,0.0,0.9045487,0.0,0.73180044,821.30237,1.0
309,1.0,0.96749055,1.0,0.8773925,724.03516,1.0
310,,,,,705.1708,1.0
311,,0.9430784,,0.837804,680.54956,1.0
312,,,,,771.0061,1.0
313,,,,,802.4037,1.0
314,,,,,9496.011,1.0
315,,,,,1623.4276,1.0
316,,,,,1686.0267,1.0
317,,,,,637.3854,1.0
318,,,,,524.3201,1.0
319,,,,,687.3093,1.0
320,,,,,756.9468,1.0
321,,,,,598.8101,1.0
322,,0.0764429,1.0,0.36468652,580.0026,1.0
323,,,,,637.34705,1.0
324,,,,,926.9618,1.0
325,,,,,4188.697,1.0
326,,,,,3534.9463,1.0
327,,0.5582121,0.0,0.76352733,263.51685,1.0
328,,0.8023691,,0.83892214,141.2078,1.0
329,,,,,199.35393,1.0
330,,0.78101546,,0.90073377,184.34729,1.0
331,,0.31727564,0.0,0.67584,1039.3191,1.0
332,0.0,,0.0,,898.6691,1.0
333,,0.7017016,0.0,0.79844916,920.4727,1.0
334,,0.6157304,0.0,0.7621867,1330.3951,1.0
335,,0.6569439,0.0,0.838214,1148.144,1.0
336,1.0,0.79884887,1.0,0.91982937,853.8402,1.0
337,,,,,10484.507,1.0
338,,0.2324462,1.0,0.69082814,599.3583,1.0
339,,0.09717212,,0.62860054,514.62354,1.0
340,,,,,654.7558,1.0
341,1.0,0.52929187,1.0,0.103394315,229.99023,1.0
342,,0.2629779,1.0,0.72521216,1292.3534,1.0
343,,0.49218687,,0.8140229,1146.5083,1.0
344,,,,,1160.3257,1.0
345,1.0,0.24299629,1.0,0.6865568,1323.7496,1.0
346,,0.67280847,,0.8787801,1063.8392,1.0
347,,0.077238135,,0.49754623,5781.087,1.0
348,,0.3033124,,0.5002427,317.00443,1.0
349,,,,,142.24713,1.0
350,,0.18967994,1.0,0.51486236,593.3471,1.0
351,,,,,198.30424,1.0
352,,0.048698477,,0.4298902,1182.5454,1.0
353,,,,,1037.8546,1.0
354,,,,,1707.589,1.0
355,,,,,1410.1387,1.0
356,,0.5393885,1.0,0.7783037,291.7376,1.0
357,,0.06274375,,0.31155226,1447.4735,1.0
358,,0.74755013,,0.8923035,356.5461,1.0
763,,,,,705.94556,1.0
764,,0.58461,,0.9155839,402.75174,1.0
765,,,,,354.32587,1.0
766,,0.116028905,,0.47458124,984.164,1.0
767,,,,,659.58044,1.0
768,,0.6463003,,0.83267474,508.16824,1.0
769,,0.63280994,,0.8621779,832.742,1.0
770,,,,,971.07153,1.0
771,,0.39586616,,0.7524003,899.4611,1.0
359,,0.19794971,,0.6577926,984.4829,1.0
772,,0.058957867,,0.49307275,11084.899,1.0
360,,0.06684028,,0.19479921,1337.9473,1.0
361,,0.59962744,,0.39915112,894.7259,1.0
362,,,,,346.6389,1.0
363,,0.60280067,,0.3871751,1562.0681,1.0
364,,,,,920.26807,1.0
365,,0.6119122,0.0,0.39528263,839.8918,1.0
366,,,,,944.4195,1.0
367,,,,,959.1466,1.0
368,,0.6762489,,0.18315612,484.07214,1.0
369,0.0,0.28460342,0.0,0.25235465,831.90344,1.0
370,,0.23416634,1.0,0.14073926,7776.8667,1.0
371,,0.70273834,,0.19666295,926.222,1.0
372,,,,,1521.6328,1.0
373,,,,,844.7154,1.0
374,,,,,1682.8286,1.0
375,,,,,1091.3531,1.0
376,,0.5096417,1.0,0.23013604,1014.3038,1.0
377,,0.083358854,,0.0834001,1510.1737,1.0
378,0.0,0.15239093,0.0,0.16160497,1253.6675,1.0
379,1.0,0.42180377,1.0,0.27148542,627.74255,1.0
380,,0.2631135,,0.23992209,971.7787,1.0
381,0.0,0.5400114,0.0,0.34522972,788.8988,1.0
382,,0.07647201,0.0,0.17614083,5430.722,1.0
383,,,,,1431.3834,1.0
384,,,,,1703.0419,1.0
385,,0.55112624,,0.3287589,796.6142,1.0
386,,0.57871145,,0.3438195,1626.1586,1.0
387,1.0,0.48733875,1.0,0.3080938,1027.5018,1.0
388,,,,,789.44507,1.0
389,,,,,1115.0121,1.0
390,,0.7417689,1.0,0.50966793,1136.4972,1.0
391,,0.18707873,0.0,0.16120523,990.8264,1.0
392,1.0,0.49215993,1.0,0.29606616,1106.227,1.0
393,,,,,2319.6418,1.0
394,,,,,5014.856,1.0
395,,0.38931793,,0.10330135,1720.8348,1.0
396,,0.2533654,,0.36667162,9538.637,1.0
397,,0.21978335,,0.32409447,8688.484,1.0
398,,,,,7428.3525,1.0
399,,0.11648971,,0.18948925,18397.662,1.0
400,,0.31840718,0.0,0.45398748,11305.4,1.0
401,,0.28465042,0.0,0.21184452,6923.7207,1.0
402,,0.15406668,,0.33362192,11220.6455,1.0
403,,,1.0,,12565.859,1.0
404,0.0,0.3985156,0.0,0.51641333,15423.141,1.0
405,,0.21244106,0.0,0.30151388,15129.793,1.0
406,,0.3471247,1.0,0.48865074,215.34663,1.0
407,,0.2680443,,0.37647727,397.82355,1.0
408,,,,,326.2812,1.0
409,,0.18313213,1.0,0.23383634,261.16046,1.0
410,1.0,0.39604828,1.0,0.48887393,162.27605,1.0
411,0.0,0.35090148,0.0,0.4868439,324.0875,1.0
412,,0.01859855,0.0,0.1077751,8125.117,1.0
413,,0.18511291,0.0,0.32764125,7380.6104,1.0
414,,,,,10251.345,1.0
415,,0.28429395,1.0,0.39393145,9064.172,1.0
416,,,,,7320.1567,1.0
417,,0.038027126,,0.2200014,9790.786,1.0
418,,0.29146266,,0.46933997,378.7288,1.0
419,,0.35573235,,0.4580187,523.28503,1.0
420,,,,,425.79654,1.0
421,,0.020987226,,0.11759347,532.3936,1.0
422,,0.19290712,0.0,0.33580008,667.9175,1.0
423,,0.17054337,,0.27589923,874.5264,1.0
424,,0.27973145,0.0,0.40659988,526.14325,1.0
425,0.0,0.18871726,0.0,0.2649315,579.444,1.0
426,,0.3447207,1.0,0.5737504,572.5989,1.0
427,,,,,1188.6278,1.0
428,,0.29779944,0.0,0.3646761,857.15967,1.0
429,,0.16243294,,0.25625703,833.9586,1.0
430,,0.3696744,,0.55531305,622.553,1.0
431,,0.20581989,,0.3079695,709.0656,1.0
432,,0.21184866,,0.31054553,728.34357,1.0
433,,0.27585334,,0.38599378,627.97046,1.0
434,,0.038850307,0.0,0.1135874,1099.9207,1.0
435,1.0,0.12682109,1.0,0.21127115,1368.9421,1.0
436,,0.22180101,1.0,0.33248568,518.53296,1.0
437,,0.19195415,0.0,0.3773682,790.46655,1.0
438,1.0,0.21827072,1.0,0.32920313,970.8971,1.0
439,,0.14491777,0.0,0.24621005,1237.8268,1.0
440,,0.12307621,,0.19725674,1069.5405,1.0
441,,0.33750296,1.0,0.43643457,1047.0908,1.0
442,,,,,1976.1779,1.0
443,,0.26236036,,0.32215184,1949.0944,1.0
444,,0.0938103,,0.2948915,1508.4562,1.0
445,,0.09372353,1.0,0.2045082,1897.2594,1.0
446,,0.35822165,1.0,0.4766215,1762.9072,1.0
447,,0.15275066,,0.20199141,2080.3674,1.0
448,1.0,0.123087734,1.0,0.25378588,2084.9697,1.0
449,0.0,0.31742886,0.0,0.38546106,1223.758,1.0
450,,0.06281138,0.0,0.12057194,1741.2676,1.0
451,,,,,1524.7041,1.0
452,,0.04032468,0.0,0.21788386,1482.1816,1.0
453,,,,,5955.0747,1.0
454,,0.058472004,,0.1582002,4510.6943,1.0
455,,,,,773.07947,1.0
456,,,,,640.6152,1.0
457,,0.019963242,,0.07977632,886.55707,1.0
458,,,,,517.803,1.0
459,,0.23805693,0.0,0.39884487,492.64005,1.0
460,0.0,0.1823453,0.0,0.2559697,730.3161,1.0
461,0.0,0.10686294,0.0,0.17788811,878.1161,1.0
462,0.0,0.16891517,0.0,0.20455314,870.0882,1.0
463,,,,,759.83496,1.0
464,,,,,673.2671,1.0
465,,0.21165109,,0.3007207,576.9371,1.0
466,,,,,273.47452,1.0
467,,0.29839253,1.0,0.42583627,436.16257,1.0
468,,0.27238107,,0.38045517,449.62857,1.0
469,,0.31784418,,0.20327215,316.55063,1.0
470,,0.1335991,0.0,0.23790532,310.32367,1.0
471,,0.08751186,1.0,0.1846156,298.27512,1.0
472,,0.20240514,0.0,0.2836569,237.28197,1.0
473,,0.3124732,,0.4431735,343.5764,1.0
474,,0.17271808,1.0,0.29982606,250.88924,1.0
475,1.0,0.33676755,1.0,0.47101563,367.7117,1.0
476,,0.08338785,,0.17836644,336.23083,1.0
477,,0.350456,,0.50970685,190.51912,1.0
478,,,,,263.97495,1.0
479,,,,,215.87169,1.0
480,,,,,233.28938,1.0
481,,0.24054915,,0.35062224,247.03006,1.0
482,,,,,239.32027,1.0
483,,0.15204994,,0.2603929,203.11472,1.0
484,,0.07530327,,0.18913133,28050.035,1.0
485,,,,,31762.947,1.0
486,,0.2729482,,0.2738627,270.73666,1.0
487,,0.27343565,,0.32195845,424.05118,1.0
488,,0.063484855,0.0,0.14654787,476.7195,1.0
489,,0.1770127,1.0,0.29900065,513.54755,1.0
490,,0.28364068,,0.43181628,526.981,1.0
491,0.0,0.20789789,0.0,0.2363573,940.83496,1.0
492,,0.06574894,,0.2014676,850.82947,1.0
493,,0.12998372,1.0,0.20120448,557.6302,1.0
494,,0.30192217,0.0,0.4255029,994.1791,1.0
495,,0.040277854,0.0,0.23057427,924.51483,1.0
496,,0.18059514,0.0,0.2613868,652.3901,1.0
497,,0.22420934,0.0,0.2904827,37046.535,1.0
773,,,,,148.12634,1.0
774,,0.3136426,0.0,0.24826673,160.39383,1.0
775,,,,,249.44702,1.0
776,,,,,533.0751,1.0
777,,,,,636.5595,1.0
778,,,,,615.5093,1.0
779,,,,,383.62827,1.0
780,,,,,622.27496,1.0
781,,0.25654137,1.0,0.36748695,471.0727,1.0
782,,0.1788019,0.0,0.259519,422.04593,1.0
783,,0.26153243,,0.04277145,113.149216,1.0
784,,,,,239.40062,1.0
785,,0.0789755,0.0,0.17155957,275.55017,1.0
786,,,,,3424.7231,1.0
787,,,,,3252.81,1.0
788,,0.17420588,,0.26191357,4700.5947,1.0
789,,,,,4873.5225,1.0
790,,,,,4578.785,1.0
791,,,,,3647.7432,1.0
792,,0.13321309,0.0,0.20569114,4593.086,1.0
793,,,,,3180.638,1.0
794,,,,,4576.492,1.0
795,,0.2313206,,0.3217949,4060.3774,1.0
796,,,,,416.63226,1.0
797,,,,,401.42023,1.0
798,0.0,0.11015247,0.0,0.33386922,409.0635,1.0
799,,0.3049557,,0.4343913,12800.759,1.0
800,,,,,6946.45,1.0
801,,0.20608778,0.0,0.23905462,14951.489,1.0
802,,0.2759321,0.0,0.3215968,6932.721,1.0
803,,0.08351876,,0.21084738,356.3665,1.0
498,,0.2709711,,0.23739332,324.4933,1.0
804,,0.31576052,,0.4316837,292.33105,1.0
805,,,,,8850.597,1.0
806,,0.2021867,,0.33492586,6287.8716,1.0
499,,0.20578374,,0.18893503,5137.1704,1.0
807,,0.09040029,0.0,0.15727708,9423.598,1.0
808,,0.3011066,0.0,0.4243411,7732.906,1.0
500,,0.052011225,,0.16393758,7759.859,1.0
501,,0.1387473,0.0,0.22928287,9105.427,1.0
809,,0.06685942,0.0,0.20440508,7896.7563,1.0
810,,0.17837225,0.0,0.26635873,9274.113,1.0
502,,0.13024062,,0.23563036,934.63354,1.0
503,,,,,984.11224,1.0
504,,,,,925.1307,1.0
505,,0.80959505,,0.8023124,666.1438,2.0
506,,,,,900.4045,1.0
507,,,,,1034.4009,1.0
508,,,,,1144.1056,1.0
509,,,1.0,,1131.5271,1.0
510,,,,,309.63834,1.0
511,,,,,960.5718,1.0
512,,,,,369.58875,1.0
513,,0.32275313,,0.4013756,860.50824,1.0
514,,,,,852.02563,1.0
515,,0.36428183,,0.21426283,737.3331,1.0
516,,0.20985806,1.0,0.38207406,527.84973,1.0
517,,0.1442091,0.0,0.22477655,550.3987,1.0
518,,0.06671679,1.0,0.08600574,711.7958,1.0
519,,,,,527.19257,1.0
520,,0.12162467,,0.2506311,638.78394,1.0
521,,,,,549.0986,1.0
522,,0.25739443,,0.27526638,483.6949,1.0
523,,0.10746729,1.0,0.18136606,29433.207,1.0
524,,,,,1735.2141,1.0
525,,0.29245466,1.0,0.51324993,348.7542,1.0
526,,0.28471783,0.0,0.41262662,396.77158,1.0
527,,0.22702031,,0.33341393,557.3304,1.0
528,,0.2910689,1.0,0.36571693,345.92072,1.0
529,,,,,511.91193,1.0
530,,0.19600873,1.0,0.290375,102.10967,1.0
531,,0.15659858,,0.21742767,496.2622,1.0
532,,0.07211626,1.0,0.16071081,566.9752,1.0
533,,,,,1365.0143,1.0
534,,0.13544299,,0.20956445,1665.6884,1.0
535,,0.5454595,0.0,0.50114554,1552.5754,1.0
536,,0.4626967,,0.3821954,1733.8606,1.0
537,,0.48496085,,0.47395378,1541.3246,1.0
538,,,,,3012.576,1.0
539,,0.086245075,1.0,0.17282107,2258.7205,1.0
540,,0.5069306,0.0,0.47252283,2543.9062,1.0
541,1.0,0.7761399,1.0,0.660652,2077.2026,2.0
542,,,,,3456.5908,1.0
543,0.0,0.38022837,0.0,0.44967613,2744.8208,1.0
544,,,,,2457.8035,1.0
811,,0.42439738,,0.600216,1248.6813,1.0
812,,0.32596996,,0.4596493,1308.4786,1.0
813,,,,,1298.2576,1.0
814,,0.13043565,,0.05639562,514.309,1.0
815,,,,,921.4728,1.0
816,0.0,0.2094809,0.0,0.38727885,996.03436,1.0
817,,,,,1243.8893,1.0
818,,,,,911.2971,1.0
819,,0.5062796,0.0,0.69477904,935.5291,1.0
820,,0.17664531,1.0,0.22314395,796.54517,1.0
821,,0.09781597,0.0,0.14744167,1029.0911,1.0
545,,,,,1842.9952,1.0
546,1.0,0.66552895,1.0,0.55681,485.05032,1.0
547,,,,,801.57874,1.0
548,,0.41770095,0.0,0.16535404,740.4005,1.0
549,,0.64320517,,0.44068116,541.3564,1.0
550,0.0,0.11095879,0.0,0.09044516,661.74976,1.0
551,0.0,0.5481523,0.0,0.32467124,690.6616,1.0
552,1.0,0.4770352,1.0,0.303977,645.4434,1.0
553,,,,,662.34924,1.0
554,,,,,620.13043,1.0
555,0.0,0.66730624,0.0,0.31475735,576.7292,1.0
556,,,,,5168.8667,1.0
557,,0.5677364,1.0,0.42190558,1303.7672,1.0
558,,0.22773013,0.0,0.08632956,1907.1469,1.0
559,,0.68760467,1.0,0.46362114,451.76913,1.0
560,0.0,0.6149143,0.0,0.44858655,723.2208,1.0
561,0.0,0.3238311,0.0,0.099067375,521.2525,1.0
562,0.0,0.23271857,0.0,0.052963037,766.4468,1.0
563,,0.2362211,0.0,0.1880111,680.3561,1.0
564,,0.46458167,1.0,0.15339835,398.2977,1.0
565,,,,,588.83856,1.0
566,0.0,0.57090944,0.0,0.37873325,731.6018,1.0
567,,,,,2801.1497,1.0
568,,0.43727314,,0.24225524,2262.8037,1.0
822,,0.6828979,,0.5743611,1281.8885,1.0
569,,0.70093113,,0.5503364,2402.8538,1.0
570,,0.3046854,,0.1629981,1938.7639,1.0
571,,0.64423513,,0.42165962,2094.7615,1.0
823,0.0,0.64460546,0.0,0.44167382,288.82617,1.0
824,1.0,0.89611644,1.0,0.82617855,237.86295,1.0
825,,,,,467.14297,1.0
572,,0.3491057,,0.24519932,638.6499,1.0
573,,0.82303333,1.0,0.5937657,305.0827,1.0
574,0.0,0.3961195,0.0,0.19112189,512.2529,1.0
575,,,,,267.22726,1.0
576,,0.40484816,,0.24141693,4340.468,1.0
577,,0.3406929,,0.19974817,2172.7944,1.0
578,,0.59136766,,0.33441833,2548.6575,1.0
579,,0.4052505,1.0,0.169137,1849.5149,1.0
580,,0.74661905,,0.5698528,2134.0474,1.0
581,0.0,0.5942367,0.0,0.3993722,961.8038,1.0
582,0.0,0.4926736,0.0,0.28741914,738.5322,1.0
583,1.0,0.7627512,1.0,0.54459184,705.3842,1.0
584,,,,,814.39996,1.0
585,0.0,,0.0,,932.5147,1.0
586,,0.7533281,,0.5002809,777.31146,1.0
587,1.0,0.21166179,1.0,0.1493753,1031.179,1.0
588,,0.41246933,,0.15621406,4226.7793,1.0
589,,,,,1221.9984,1.0
590,,0.4047732,,0.43306544,628.8174,1.0
591,,0.10585255,,0.29369467,919.10986,1.0
592,,0.51148915,,0.29942456,302.04794,1.0
593,1.0,0.40437186,1.0,0.29712123,811.6562,1.0
594,,0.1770516,0.0,0.30033556,963.8699,1.0
595,,0.39279258,,0.4812121,1096.3835,1.0
596,,0.084556706,0.0,0.25762695,828.5859,1.0
597,,0.14233404,,0.31498465,915.805,1.0
598,,0.46838635,,0.5869845,827.30054,1.0
599,,,0.0,,1380.3862,1.0
600,,0.016225653,,0.0470611,7307.1343,1.0
601,,0.031613182,,0.2435269,1361.9988,1.0
602,,0.55825156,,0.7626813,648.42645,1.0
603,0.0,0.3919494,0.0,0.41172007,491.55453,1.0
604,,0.037090078,,0.2891643,1365.2251,1.0
605,,0.36163318,0.0,0.6197034,948.4096,1.0
606,,0.4150905,1.0,0.5932141,792.35583,1.0
607,,,,,333.03058,1.0
608,1.0,0.2183681,1.0,0.5062565,1333.645,1.0
609,,,,,1180.4146,1.0
610,,,,,791.4222,1.0
611,,0.20777594,,0.47356874,8266.753,1.0
612,,,,,845.33997,1.0
613,,0.23534685,,0.50172883,975.39844,1.0
614,,0.17845505,,0.48127297,1081.5667,1.0
615,,0.26454028,,0.5557939,1433.7783,1.0
616,0.0,,0.0,,899.9008,
617,,0.46520767,,0.57749915,706.35406,1.0
618,,0.099020936,0.0,0.3202787,1645.8584,1.0
619,,,,,1515.2302,1.0
620,0.0,0.095594585,0.0,0.41531917,1170.6774,1.0
621,0.0,0.4058334,0.0,0.6788982,1291.3639,1.0
622,,,,,1418.1726,1.0
623,,0.18452479,0.0,0.40682587,7835.4404,1.0
624,,0.13760675,,0.43675336,3106.0955,1.0
625,,0.37019745,,0.59689194,2318.3132,1.0
626,,0.30787346,,0.59832877,1151.3947,1.0
627,,,1.0,,864.59515,1.0
628,,,,,1293.5779,1.0
629,,0.02876778,,0.47613156,1413.2618,1.0
630,1.0,0.47150803,1.0,0.6541619,836.3598,1.0
631,0.0,0.459737,0.0,0.67472464,606.4389,1.0
632,1.0,0.3875709,1.0,0.6193519,892.30096,1.0
633,,0.1120717,,0.46441904,3064.831,1.0
634,0.0,0.16881761,0.0,0.5856832,2322.6072,1.0
635,,,,,1786.6113,1.0
636,,,,,3093.213,1.0
637,,0.46086967,,0.7381256,2155.992,1.0
638,,,,,3243.4624,1.0
639,,0.7411504,,0.81986934,1038.3663,2.0
640,,0.5486239,1.0,0.7143447,335.26587,1.0
641,,0.16060889,0.0,0.43431282,1799.6399,1.0
642,,0.5120459,1.0,0.6730872,622.09106,1.0
643,,,,,388.29788,1.0
644,1.0,0.60926473,1.0,0.82192636,1134.6102,1.0
645,,,,,1488.7876,1.0
646,,0.3489918,1.0,0.6341009,1805.7449,1.0
826,1.0,0.37040222,1.0,0.60929877,1053.6687,1.0
827,,0.44029915,,0.6965404,1725.3887,1.0
828,,0.4820333,,0.7167948,1917.0032,1.0
829,,0.4222482,,0.68741655,1498.4371,1.0
647,,0.7838876,1.0,0.221261,209.16507,1.0
830,,0.18600485,,0.45364138,1267.2968,1.0
831,0.0,0.39386344,0.0,0.59115696,1131.6466,1.0
832,,0.63035613,1.0,0.8081299,716.4239,1.0
833,,,,,526.332,1.0
648,,,1.0,,764.3097,1.0
649,,0.101390325,0.0,0.34440982,1159.3499,1.0
650,,0.20652898,0.0,0.472468,3938.8635,1.0
651,,0.40699887,,0.66043365,1237.3623,1.0
652,,0.4516634,,0.70216507,1218.8939,1.0
653,,0.831582,0.0,0.361704,621.0487,1.0
654,,,,,1075.4825,1.0
655,,0.26474994,,0.47329882,1624.271,1.0
656,,,,,1193.7886,1.0
657,,0.10342234,,0.43176457,1359.9655,1.0
658,0.0,0.054557547,0.0,0.41097206,1106.096,1.0
659,,0.39854512,1.0,0.66702056,1307.5868,1.0
660,,,0.0,,1229.1896,1.0
661,,,,,251.99948,1.0
662,,0.08465994,0.0,0.3515307,1046.499,1.0
663,,0.40846366,,0.69065124,316.06787,1.0
664,,0.46511954,,0.7465928,611.71674,1.0
665,,0.49081495,,0.7003419,375.22522,1.0
666,,0.1519456,,0.34758228,505.1862,1.0
667,,0.5687188,1.0,0.730008,178.95097,1.0
668,,0.22070655,,0.4856655,479.30698,1.0
669,0.0,0.457951,0.0,0.59728205,187.57765,1.0
670,,0.5309811,1.0,0.74261594,327.37363,1.0
671,0.0,0.46142936,0.0,0.5892367,333.182,1.0
672,,0.25959724,,0.64073133,373.37082,1.0
673,,0.10984066,,0.5164305,7689.623,1.0
674,,0.20078714,,0.28178415,9124.156,1.0
675,,0.7791552,,0.056556024,158.88104,1.0
676,,0.3626201,,0.50707334,448.8156,1.0
677,,0.33735445,,0.5842705,330.0754,1.0
678,,0.33313823,,0.609807,430.6316,1.0
679,,0.610462,1.0,0.6339624,424.67374,1.0
680,1.0,0.3563296,1.0,0.53538096,240.8961,1.0
681,,,,,231.33612,1.0
682,,0.17946622,0.0,0.5470551,537.2344,1.0
683,1.0,0.61216843,1.0,0.4793538,316.71765,1.0
684,1.0,0.5160635,1.0,0.6733379,684.4652,1.0
685,1.0,0.24478093,1.0,0.4842852,121.881584,1.0
686,,0.17836228,,0.49597755,7566.1025,1.0
687,,,,,539.5756,1.0
688,,0.39134976,,0.60750985,753.932,1.0
689,,0.552061,,0.75549054,570.9907,1.0
690,,0.446273,,0.6235113,800.12494,1.0
691,1.0,0.5650481,1.0,0.5700879,210.50945,1.0
692,,,,,346.2102,1.0
693,0.0,0.5500011,0.0,0.72193426,629.04144,1.0
694,,0.5205552,1.0,0.652457,315.84656,1.0
695,1.0,0.55567545,1.0,0.633859,357.97006,1.0
696,,0.41995823,,0.693347,485.24396,1.0
697,,0.20786032,,0.32694578,10515.197,1.0
698,,0.23850591,,0.5233148,459.67654,1.0
699,,0.5314103,,0.7430471,361.80215,1.0
700,,0.41755763,,0.3442257,99.07102,1.0
701,,0.5512247,,0.6646922,477.81345,1.0
702,1.0,0.36325645,1.0,0.6382885,543.7207,1.0
703,1.0,0.30564627,1.0,0.5220277,470.1679,1.0
704,0.0,0.11701213,0.0,0.4019626,650.49695,1.0
705,,0.38377392,,0.69882107,511.9978,1.0
706,,,,,499.1922,1.0
707,,,,,143.39647,1.0
708,,,,,7709.0723,1.0
709,,0.7046344,,0.468468,364.06378,1.0
710,,,,,609.3172,1.0
711,,0.6470127,,0.6980008,697.5698,1.0
712,,0.5706681,,0.7274642,221.49268,1.0
713,1.0,0.672371,1.0,0.78903013,449.33307,1.0
714,,,,,607.9027,1.0
715,0.0,0.32479438,0.0,0.5830853,555.83575,1.0
716,,,,,619.39594,1.0
717,,,,,556.9108,1.0
718,,0.64400905,,0.8005244,586.2849,1.0
719,1.0,0.6218977,1.0,0.75474226,240.85341,1.0
720,,0.50002265,,0.7046224,10637.276,1.0
721,,0.3119991,,0.54035294,737.67523,1.0
722,,0.15654252,,0.3427919,785.99835,1.0
723,,,,,724.58307,1.0
724,,0.63479143,,0.8364126,481.4119,3.0
725,,,,,86.04073,1.0
726,0.0,0.84436685,0.0,0.90179056,322.3519,2.0
727,,0.62395614,1.0,0.71976364,272.80533,1.0
728,,0.6332188,,0.7492846,242.36333,1.0
729,,,,,175.7133,1.0
730,1.0,0.3246694,1.0,0.593266,428.5905,1.0
731,,0.38118044,,0.65912354,286.90042,1.0
732,,,,,14844.554,1.0
733,,0.5206306,,0.68224263,1691.7942,1.0
834,,0.42269382,,0.7347174,872.2859,1.0
734,0.0,0.6679557,0.0,0.8692399,512.88824,1.0
735,,0.53756166,1.0,0.73245394,396.48816,1.0
736,,,,,480.28564,1.0
835,,0.341081,,0.5798383,730.6769,1.0
836,1.0,0.35358897,1.0,0.48518363,604.82697,1.0
837,1.0,0.66527385,1.0,0.5268674,441.55145,1.0
737,,0.47711948,1.0,0.6990082,133.73259,1.0
838,,,,,277.5177,1.0
839,,0.5873164,1.0,0.76548547,2432.7056,1.0
738,,0.66127676,1.0,0.55668783,531.6973,1.0
739,,0.71783906,,0.85733837,412.96817,1.0
740,,0.62907475,,0.7018042,316.88986,1.0
741,,0.6637389,,0.88825357,344.91312,1.0
742,,0.62227565,,0.7325469,288.6791,1.0
743,,0.38405335,1.0,0.6344478,681.63776,1.0
744,,,,,426.28415,1.0
745,1.0,0.54045933,1.0,0.84920096,336.01938,1.0
746,1.0,0.29567012,1.0,0.6422989,421.6827,1.0
747,,,,,306.66733,1.0
748,,0.5293874,1.0,0.74601924,310.98325,1.0
749,1.0,0.22080839,1.0,0.5600433,424.3348,1.0
750,,,,,6710.177,1.0
751,,0.49869013,,0.68996984,716.7754,1.0
752,,0.6072869,,0.82502943,343.8614,1.0
753,,0.65855914,,0.8986073,413.9411,1.0
754,,,,,648.42365,1.0
755,,0.3552497,1.0,0.5822788,628.85547,1.0
756,,0.41500935,1.0,0.5843211,474.68747,1.0
757,,0.33573604,1.0,0.60942185,771.2655,1.0
758,,0.70798415,1.0,0.9263102,601.9915,1.0
759,,0.62337303,1.0,0.8671481,567.2678,1.0
760,,,,,192.6276,1.0
761,,0.50614846,1.0,0.69512933,628.1781,1.0
762,,0.18731503,,0.4011596,11697.153,1.0
840,,0.10011248,,0.5135703,349.03894,1.0
841,,0.045074254,,0.39365727,410.35477,1.0
842,,0.09734188,,0.37666854,434.5962,1.0
843,,0.28459224,,0.60409284,177.91046,1.0
844,,0.039699104,1.0,0.33090028,661.2305,1.0
845,,0.3578247,,0.667882,540.1527,1.0
846,,0.24688882,,0.3120371,286.62378,1.0
847,,0.0681389,1.0,0.3114535,532.04456,1.0
848,,0.2465323,,0.411095,857.9567,1.0
849,,0.32920277,,0.67369956,374.89685,1.0
850,,0.22913511,,0.4816633,366.36615,1.0
1495,,0.29543126,1.0,0.57891494,314.96643,1.0
851,,0.041679434,,0.13337205,374.30127,1.0
852,,0.2824854,0.0,0.6235277,468.19833,1.0
1496,,0.07744462,1.0,0.31889763,375.64957,1.0
853,,0.06795201,1.0,0.43117428,349.96503,1.0
1497,,0.040217884,,0.25189537,355.31107,1.0
1498,,0.19833653,1.0,0.46461168,323.27856,1.0
854,,0.2687941,,0.5789221,484.43713,1.0
1499,,,1.0,,293.9335,1.0
855,,0.1168796,1.0,0.32049397,2703.7727,1.0
856,,0.16853732,,0.37652615,255.90619,1.0
857,,0.2038986,,0.4592536,276.01175,1.0
858,,0.24716815,,0.4985204,279.70825,1.0
859,,0.2384199,,0.30783468,108.52579,1.0
860,,0.0910594,,0.3178997,347.0601,1.0
861,,0.108549744,,0.34727272,515.9562,1.0
862,,0.23128527,,0.53830636,458.17157,1.0
863,,0.33352298,,0.6392588,432.3274,1.0
864,,0.17102563,1.0,0.46479213,261.53885,1.0
865,0.0,0.032485675,0.0,0.22463796,555.4062,1.0
866,,0.09249609,,0.23211499,483.15067,1.0
867,,0.14926888,,0.3635039,15228.178,1.0
868,,0.121986054,1.0,0.36782327,1046.6746,1.0
869,,0.1851382,0.0,0.3004955,792.6745,1.0
870,,0.13426545,,0.5369378,408.8491,1.0
871,,0.058008965,1.0,0.4390479,484.43115,1.0
872,,0.118132494,1.0,0.3222818,525.0916,1.0
873,,0.24048129,1.0,0.5487225,446.5435,1.0
874,,0.43161732,,0.7696729,429.79263,1.0
875,,0.24859896,1.0,0.62448144,293.02707,1.0
876,,0.04578186,1.0,0.26959702,475.1684,1.0
877,,0.17101961,,0.43502423,353.19022,1.0
878,,0.25352812,1.0,0.45605388,4163.711,1.0
879,,,,,1692.8077,1.0
880,,0.17323245,,0.5590028,1321.3939,1.0
881,,0.13751763,1.0,0.43494582,584.9386,1.0
882,,0.17248414,,0.5428357,703.6598,1.0
883,,0.041569408,,0.44972727,642.4051,1.0
884,,0.5535942,,0.8612678,617.5756,1.0
885,1.0,0.039960165,1.0,0.46980962,492.90677,1.0
886,,0.42116967,,0.77223045,605.8386,1.0
887,,0.45330688,,0.6675494,295.89035,1.0
888,,,,,490.21335,1.0
889,,0.31454363,,0.6226562,769.21277,1.0
890,,0.3229211,,0.66759306,742.17535,1.0
891,,0.016642835,1.0,0.31320363,336.6516,1.0
892,,0.40868518,,0.31308305,337.80762,1.0
893,,0.24936749,1.0,0.50051916,695.5687,1.0
894,,0.10471324,,0.34110427,547.7504,1.0
895,,0.26025975,,0.700311,187.318,1.0
896,,0.27866438,1.0,0.5888478,644.68384,1.0
897,,0.44469368,1.0,0.778654,569.41736,1.0
898,,0.072430946,,0.29234046,10262.642,1.0
899,,0.3986128,,0.19280694,196.84238,1.0
900,,0.4660459,,0.005570265,64.73081,1.0
901,,,,,63.84018,1.0
902,0.0,0.19044495,0.0,0.11394703,252.00536,1.0
903,,0.5354283,1.0,0.24267499,491.37405,1.0
904,0.0,0.13441645,0.0,0.12905222,1308.123,1.0
905,0.0,0.03846011,0.0,0.044445667,1710.1243,1.0
906,0.0,0.15143248,0.0,0.17257428,1219.7426,1.0
907,0.0,0.41416344,0.0,0.26866218,1109.5166,1.0
908,0.0,0.3655057,0.0,0.23470715,1248.6125,1.0
909,,0.37037483,0.0,0.31697994,1076.3982,1.0
910,,0.3552342,,0.21433839,4497.412,1.0
911,,0.4962536,,0.6370089,518.45337,1.0
912,,0.0852588,,0.11871873,527.0763,1.0
913,,0.04631823,,0.133499,646.4988,1.0
914,,0.24180914,,0.3446209,476.26456,1.0
915,,0.30648476,1.0,0.36327007,427.1197,1.0
916,,0.09877115,1.0,0.27956438,325.7226,1.0
917,,0.12308592,,0.20972022,432.47537,1.0
918,,0.30192494,,0.45118687,412.61313,1.0
919,,0.39026615,1.0,0.48659688,393.8374,1.0
920,,0.6348885,1.0,0.690888,275.6475,1.0
921,,0.049191255,,0.11177725,6648.5933,1.0
922,,0.026669359,,0.13773313,613.61444,1.0
923,,0.088930145,,0.29298836,553.46106,1.0
924,,,,,658.67633,1.0
925,1.0,0.38641942,1.0,0.4601733,1038.494,1.0
926,1.0,0.35021234,1.0,0.48062745,686.52454,1.0
927,,0.41953364,1.0,0.5431691,558.0121,1.0
928,1.0,0.45996118,1.0,0.6152422,770.3912,1.0
929,,0.28472507,0.0,0.2927555,912.31903,1.0
930,,0.47251695,1.0,0.6619335,2775.2163,1.0
931,,0.042042833,,0.14768675,907.6393,1.0
932,,0.28336895,,0.41226476,767.5846,1.0
933,0.0,0.19010286,0.0,0.3253718,665.8524,1.0
934,,0.43524823,1.0,0.4861609,381.72455,1.0
935,,0.35062516,1.0,0.49991485,467.56195,1.0
936,,0.18505074,,0.37512654,413.33777,1.0
937,,0.36385906,,0.38515386,546.1728,1.0
938,,0.33799815,1.0,0.4501522,608.2666,1.0
939,,0.059869085,,0.14657286,3916.664,1.0
940,,0.16637911,,0.1935899,700.3045,1.0
941,,0.37884223,,0.44121873,546.65094,1.0
942,,0.07299391,,0.23490967,650.2954,1.0
943,,0.40298948,,0.56421584,584.18164,1.0
944,0.0,0.33549526,0.0,0.38017982,637.6015,1.0
945,,0.3326881,,0.31408095,667.21405,1.0
946,0.0,0.312891,0.0,0.30539715,647.6572,1.0
947,0.0,0.39754578,0.0,0.53129673,637.68756,1.0
948,,0.9503176,,0.90473276,282.90073,1.0
949,,0.8837142,,0.8253792,332.96713,1.0
950,,0.8306357,,0.91649276,239.3762,1.0
951,,,,,3242.9167,1.0
952,,0.9072928,,0.81367093,636.8563,1.0
953,,0.9344375,,0.8827286,91.685425,1.0
954,,0.95860624,,0.9077006,135.15166,1.0
955,,0.9147597,,0.73968226,95.74697,1.0
956,,0.9263658,,0.8521389,89.701385,1.0
957,,0.9091928,1.0,0.75538033,215.95078,1.0
958,,0.87466913,0.0,0.71366715,218.97777,1.0
959,,,,,441.01334,1.0
960,,0.8665695,0.0,0.6915257,228.4088,1.0
961,,,,,347.30197,1.0
962,,,,,339.51718,1.0
963,,,,,6006.757,1.0
964,,0.502892,,0.35510695,408.732,1.0
965,,0.62601584,,0.56687284,271.29648,1.0
966,,0.2779519,0.0,0.2927642,151.29637,1.0
967,,0.6032761,1.0,0.44097465,96.57741,1.0
968,0.0,0.10900616,0.0,0.14670056,151.42355,1.0
969,0.0,0.4710642,0.0,0.36442807,168.45743,1.0
970,,0.574631,,0.4528329,106.87028,1.0
971,1.0,0.5168361,1.0,0.269822,199.04716,1.0
972,,0.33081514,1.0,0.27633423,152.11943,1.0
973,,0.043053802,,0.05955692,4019.7603,1.0
974,,0.28530216,0.0,0.1915785,4091.405,1.0
975,,0.52858645,0.0,0.36929968,135.83624,1.0
976,,0.32718453,,0.18149376,212.06235,1.0
977,,0.39743012,,0.34510532,128.67703,1.0
978,,0.61382234,,0.5156661,163.93854,1.0
979,,0.44875312,0.0,0.26803148,183.52074,1.0
980,,0.14105555,1.0,0.1223926,184.53186,1.0
981,0.0,0.31793246,0.0,0.16866636,187.47714,1.0
982,,0.19637282,1.0,0.15594444,129.04105,1.0
983,,0.34165922,,0.30881464,161.36777,1.0
984,,0.32705355,,0.21642563,197.94069,1.0
985,,0.304797,1.0,0.26481676,188.95688,1.0
986,,0.20369783,0.0,0.12041824,2425.7354,1.0
987,,0.49341738,,0.43369526,209.02408,1.0
988,,0.4238605,,0.3064629,306.81522,1.0
989,,0.70163375,,0.7040129,236.3701,1.0
990,,0.46915084,,0.3083141,215.669,1.0
991,0.0,0.5388075,0.0,0.29111338,262.66733,1.0
992,,0.2871133,1.0,0.22316329,256.50693,1.0
993,,0.55798703,1.0,0.4379793,287.71063,1.0
994,0.0,0.24537788,0.0,0.1626096,243.72284,1.0
995,0.0,0.5611086,0.0,0.44808078,259.4811,1.0
996,,0.50210613,0.0,0.35319045,5281.381,1.0
997,,,,,589.1102,1.0
998,,0.35716054,,0.35254592,310.5701,1.0
999,,,,,894.3817,1.0
1000,,0.38588744,0.0,0.27146846,366.41626,1.0
1001,,0.29957983,,0.116693825,414.12015,1.0
1002,,0.6181409,0.0,0.6340299,328.59436,1.0
1003,,0.17850354,1.0,0.18700998,342.9621,1.0
1004,,0.58670646,0.0,0.36916736,369.97226,1.0
1005,,0.6852838,1.0,0.639739,334.7303,1.0
1006,,,1.0,,243.94165,1.0
1007,,0.42117614,1.0,0.2989576,6712.2847,1.0
1008,,0.50025225,,0.4875204,56.22738,1.0
1009,,0.19660161,1.0,0.15634505,120.01342,1.0
1010,,0.097708195,0.0,0.059548,120.35026,1.0
1011,,0.4352828,0.0,0.3384243,117.23627,1.0
1012,,0.19981825,0.0,0.1620293,119.53094,1.0
1013,,0.3555545,,0.20851906,118.12301,1.0
1014,,0.2619957,1.0,0.10484314,116.07446,1.0
1015,,0.23942083,,0.09667967,2921.9617,1.0
1016,,0.5656887,0.0,0.31430897,4351.148,1.0
1017,,0.30446815,0.0,0.15098111,4946.61,1.0
1018,,0.3712313,0.0,0.16166724,3595.1736,1.0
1019,,0.5647599,,0.5241149,98.07163,1.0
1020,,0.84785706,,0.758525,156.73824,1.0
1021,,0.40769285,,0.22786202,101.08963,1.0
1022,,0.5448761,,0.39635092,166.38216,1.0
1023,,0.42249838,0.0,0.30801016,388.7804,1.0
1024,,0.8065433,1.0,0.5965271,427.23782,1.0
1025,,0.32965404,1.0,0.18500993,536.20496,1.0
1026,,0.32834083,0.0,0.18313539,404.22742,1.0
1027,,0.61385465,0.0,0.27265233,137.45982,1.0
1028,,0.46469676,0.0,0.29529783,394.32544,1.0
1029,,0.50757223,0.0,0.3666152,5921.138,1.0
1030,,0.10288222,0.0,0.12641059,5724.964,1.0
1031,,0.69948435,,0.55669045,501.79428,1.0
1032,,0.44550574,,0.36360198,404.78543,1.0
1033,,0.70975035,,0.5892658,520.0605,1.0
1034,,0.7847095,,0.80319613,468.4451,1.0
1035,,0.56795466,1.0,0.47043002,245.54207,1.0
1036,,,,,57.93073,1.0
1037,,0.28660625,,0.22202031,224.20456,1.0
1038,,0.3541623,1.0,0.4346459,253.59547,1.0
1039,1.0,0.7159202,1.0,0.62471586,227.46048,1.0
1040,,0.76790017,,0.6999722,237.10602,1.0
1041,,0.61512977,0.0,0.52090025,296.68317,1.0
1042,,0.6870017,0.0,0.64669424,261.15054,1.0
1043,,0.08101873,0.0,0.08236437,13129.42,1.0
1044,,0.58316356,,0.5139992,153.22537,1.0
1045,,0.52867246,,0.27379718,193.95479,1.0
1046,,0.2589362,,0.36199972,262.03723,1.0
1047,,,,,173.88757,1.0
1048,0.0,,0.0,,181.62543,1.0
1049,,0.6834814,0.0,0.5523535,155.38805,1.0
1050,,0.38142166,0.0,0.24856001,173.3544,1.0
1051,0.0,0.31255636,0.0,0.3334695,196.89984,1.0
1052,,0.6279327,1.0,0.4057998,206.16362,1.0
1053,1.0,0.29241797,1.0,0.23529918,189.01349,1.0
1054,,0.25234994,,0.106417134,124.008675,1.0
1055,0.0,0.14444453,0.0,0.13054474,177.73262,1.0
1056,,0.58550715,,0.5855673,147.09032,1.0
1057,,0.38692454,,0.3306335,138.92377,1.0
1058,,0.3270842,,0.43088105,197.90584,1.0
1059,,0.5651607,,0.4612796,235.41525,1.0
1060,,,,,119.56237,1.0
1061,0.0,0.60364044,0.0,0.4750885,120.836174,1.0
1062,1.0,0.49276444,1.0,0.43162242,108.843216,1.0
1063,,0.23921469,0.0,0.15029342,166.96492,1.0
1064,,0.25297984,0.0,0.18355367,136.63791,1.0
1065,,0.7546955,,0.72418636,618.5102,1.0
1066,,0.46334207,,0.17127125,236.34015,1.0
1067,,0.7204991,,0.27395102,166.93149,1.0
1068,,0.10288084,,0.12640628,234.46382,1.0
1069,,0.37907213,,0.24467327,230.14986,1.0
1070,0.0,0.060127333,0.0,0.1489728,254.99886,1.0
1071,,0.29242864,,0.34244147,260.89056,1.0
1072,0.0,0.44125804,0.0,0.35305524,226.72783,1.0
1073,0.0,0.39833406,0.0,0.109660015,79.40756,1.0
1074,,0.36057705,,0.21829385,4718.7,1.0
1075,,0.43087545,,0.32779664,3215.9497,1.0
1076,,0.6468072,,0.22024101,112.72981,1.0
1077,,0.6399175,,0.41814077,421.3692,1.0
1500,,0.68814504,,0.58593386,293.26443,1.0
1078,1.0,0.6188726,1.0,0.37611026,351.9641,1.0
1501,,0.64966667,1.0,0.61534894,186.24995,1.0
1079,,0.27521122,1.0,0.29259676,118.72884,1.0
1080,,0.5313907,,0.3085508,211.06032,1.0
1081,,,0.0,,213.53046,1.0
1082,,,0.0,,149.17,1.0
1502,,0.3162404,1.0,0.32613385,51.157875,1.0
1083,,0.37719363,1.0,0.42396286,192.82367,1.0
1084,,0.18289813,0.0,0.20203687,5393.635,1.0
1503,,0.67386836,,0.5926808,467.0116,1.0
1504,,0.3450381,,0.43923426,382.05984,1.0
1505,,0.61134845,,0.61385125,358.73218,1.0
1506,,0.69593185,,0.7051881,359.9585,1.0
1507,,0.4841414,1.0,0.38653234,235.54796,1.0
1508,0.0,0.76011044,0.0,0.74597925,189.66989,1.0
1509,0.0,0.38207376,0.0,0.43987176,158.50247,1.0
1510,,0.1248641,1.0,0.35272652,183.75441,1.0
1511,,,,,193.68817,1.0
1512,0.0,0.4994538,0.0,0.44296372,182.23387,1.0
1513,,0.56230724,,0.45197514,212.58875,1.0
1514,,0.56177026,1.0,0.45022944,15359.131,1.0
1085,,0.6340942,,0.5623903,217.81956,1.0
1086,,0.35161054,,0.33992207,203.44669,1.0
1087,,0.26212776,,0.31506976,224.26361,1.0
1088,,0.8152764,,0.7324573,187.29655,1.0
1089,,0.3412384,0.0,0.3075254,399.8922,1.0
1090,,0.32621056,,0.33948678,372.3923,1.0
1091,,0.42157692,,0.3000723,444.32062,1.0
1092,,0.52626115,1.0,0.41726872,297.9831,1.0
1093,0.0,0.6232402,0.0,0.5533766,402.87924,1.0
1094,,,,,350.06888,1.0
1095,,0.2990931,1.0,0.25101438,392.541,1.0
1096,,0.6564229,,0.5372578,417.40976,1.0
1097,,0.38000822,,0.30236492,83.83172,1.0
1098,,0.39356706,,0.269153,83.33208,1.0
1099,,0.45054263,,0.29877293,53.54593,1.0
1100,,0.34253907,,0.2421927,79.20706,1.0
1101,0.0,0.56250966,0.0,0.45263427,251.5588,1.0
1102,1.0,0.19887657,1.0,0.10028592,225.20508,1.0
1103,,0.20896894,,0.10921069,272.4241,1.0
1104,0.0,0.34574637,0.0,0.3231849,238.51157,1.0
1105,,0.34573057,,0.2704649,159.646,1.0
1106,0.0,0.20756961,0.0,0.107952766,220.2665,1.0
1107,,0.3370318,0.0,0.17479904,22400.234,1.0
1108,,0.55311775,,0.42235684,1021.99475,1.0
1109,,0.68415314,,0.6599107,756.0011,1.0
1110,,0.54151034,,0.38591057,211.482,1.0
1111,,0.59379494,,0.5052666,216.00783,1.0
1112,,0.14402407,1.0,0.1295176,236.72145,1.0
1113,,0.58547837,,0.3625971,221.6114,1.0
1114,,0.75602776,0.0,0.07198332,65.52938,1.0
1115,,0.480698,,0.29187983,128.0322,1.0
1116,0.0,0.5103365,0.0,0.3734872,243.70203,1.0
1117,,0.5095574,,0.37154528,236.77193,1.0
1118,,0.23638825,,0.14396994,4113.739,1.0
1119,,0.22044049,,0.15170206,3711.6035,1.0
1120,,0.5629171,,0.46630096,56.688396,1.0
1121,,0.43649334,1.0,0.4239993,213.25691,1.0
1122,,0.6056987,,0.5528825,204.49586,1.0
1123,,0.17919888,,0.29842496,277.7743,1.0
1124,,0.14399555,,0.25171185,356.95926,1.0
1125,,0.65136224,1.0,0.4868196,282.0035,1.0
1126,,0.71243465,,0.59933126,245.03561,1.0
1127,,0.38133594,,0.2730055,320.75256,1.0
1128,,0.64268875,1.0,0.46242413,323.99658,1.0
1129,,0.7112045,,0.54057705,273.71283,1.0
1130,,0.3856954,,0.31606635,239.22057,1.0
1131,,0.60428095,,0.57184404,252.16573,1.0
1132,,0.5826825,,0.5138036,204.91399,1.0
1133,,0.64968556,,0.49575654,330.97205,1.0
1134,,,,,275.4906,1.0
1135,,0.53563976,0.0,0.42330474,280.9921,1.0
1136,,0.118689746,0.0,0.090965204,300.39304,1.0
1137,,0.60187876,0.0,0.46812314,214.03639,1.0
1138,,0.51767665,1.0,0.3478145,294.40427,1.0
1139,,,1.0,,214.54514,1.0
1140,0.0,0.5581621,0.0,0.43854424,254.97784,1.0
1141,,0.2942943,0.0,0.21860833,7529.5967,1.0
1142,,0.96347725,,0.3663215,865.2318,1.0
1143,,0.9127209,,0.4106696,1015.00494,1.0
1144,,0.8464012,,0.24620196,1373.5295,1.0
1145,0.0,0.5926894,0.0,0.10838849,1478.7432,1.0
1146,1.0,0.71504796,1.0,0.13582791,1494.2244,1.0
1147,,0.8418868,0.0,0.28902727,604.1644,1.0
1148,,0.9541158,1.0,0.75386786,902.1123,1.0
1149,,0.96278405,1.0,0.54935044,354.22937,1.0
1150,,0.9635006,1.0,0.6019097,1508.6443,1.0
1151,,0.9216065,,0.34201485,1016.36584,1.0
1152,,0.5444914,,0.18330783,5068.072,1.0
1153,,0.7035096,0.0,0.32026005,4861.9746,1.0
1154,,0.8654068,,0.04297424,40.884674,1.0
1155,1.0,0.31795436,1.0,0.26865286,178.75832,1.0
1156,,0.4695518,,0.35630888,173.89273,1.0
1157,,0.6905205,,0.6059789,190.89948,1.0
1158,,0.4828286,,0.47746485,212.0737,1.0
1159,,0.25224087,1.0,0.31031582,310.1808,1.0
1160,0.0,0.6961188,0.0,0.6040359,344.64948,1.0
1161,,0.20707443,,0.353796,293.74512,1.0
1162,,0.5611348,1.0,0.49022815,255.18498,1.0
1163,0.0,0.29690057,0.0,0.32486194,349.63342,1.0
1164,0.0,0.6444716,0.0,0.42451137,280.13,1.0
1165,,0.06695197,,0.14072214,11442.882,1.0
1166,,0.67113006,,0.585951,148.89311,1.0
1167,,,,,29.34567,1.0
1168,,0.69012874,,0.60557103,114.19722,1.0
1169,,0.69071776,,0.6027392,124.195114,1.0
1170,0.0,0.71155757,0.0,0.64009243,315.2058,1.0
1171,0.0,0.6293792,0.0,0.5095071,258.50742,1.0
1172,,0.8523181,1.0,0.82154024,312.29626,1.0
1173,,0.32848752,,0.37819532,521.5592,1.0
1174,,0.79741746,1.0,0.7294706,348.11722,1.0
1175,,,,,352.5909,1.0
1176,,0.71602017,,0.65221894,427.84442,1.0
1177,0.0,0.59374875,0.0,0.48701888,9704.183,1.0
1178,,0.7014305,,0.59141475,354.71848,1.0
1179,,,,,366.85614,1.0
1180,,0.34619054,,0.41367063,243.63136,1.0
1181,,0.8924607,,0.85362923,220.35576,1.0
1182,,0.7899895,,0.66159606,391.49493,1.0
1183,0.0,0.7763168,0.0,0.73802704,324.3807,1.0
1184,0.0,0.6902615,0.0,0.58463484,362.802,1.0
1185,1.0,0.22367004,1.0,0.23073417,313.92282,1.0
1186,,0.8104445,1.0,0.4225007,180.63924,1.0
1187,,0.8326217,,0.6762796,349.52173,1.0
1188,1.0,0.896385,1.0,0.864887,301.54385,1.0
1189,1.0,0.84582126,1.0,0.7533855,5616.286,1.0
1190,,0.24807012,,0.16271922,3905.6772,1.0
1191,,0.74332625,,0.63903356,464.50317,1.0
1192,1.0,0.33890006,1.0,0.24902254,762.8874,1.0
1193,,0.79758567,,0.72742003,639.23236,1.0
1194,,0.52901286,,0.44186026,707.6666,1.0
1195,,0.08759363,,0.21913546,789.5682,1.0
1196,0.0,0.42609864,0.0,0.29191253,788.032,1.0
1197,0.0,0.6957669,0.0,0.60588944,641.0194,1.0
1198,0.0,0.7433836,0.0,0.64409673,619.422,1.0
1199,,0.31389344,,0.46876666,1655.7751,1.0
1200,,0.086204536,,0.118341655,2020.536,1.0
1201,,0.42073536,,0.5590563,445.36478,1.0
1202,1.0,0.38201582,1.0,0.44057363,573.3382,1.0
1203,,0.17215435,,0.19350389,695.1184,1.0
1204,,0.5505179,1.0,0.5588095,582.3674,1.0
1205,1.0,0.30134735,1.0,0.23849697,652.30054,1.0
1206,0.0,0.32752827,0.0,0.35757133,507.01724,1.0
1207,0.0,0.48286614,0.0,0.5584356,540.79144,1.0
1208,0.0,0.37034595,0.0,0.33677483,693.8012,1.0
1209,,,,,8108.712,1.0
1210,,0.030172942,,0.070183925,8932.954,1.0
1211,,0.035269286,,0.054427672,8682.267,1.0
1212,,0.051007424,,0.08523055,7256.491,1.0
1213,,0.05341502,,0.088586085,5156.362,1.0
1214,,0.1797447,,0.16315179,7702.8604,1.0
1215,,0.027096896,,0.0620546,7465.348,1.0
1216,,0.17466292,,0.21849956,95.3397,1.0
1217,,0.22278395,,0.21686806,161.75114,1.0
1218,,0.41290236,,0.35559884,148.47528,1.0
1219,,0.30309322,,0.28247705,169.84393,1.0
1220,,0.17869315,,0.11722244,530.09607,1.0
1221,,0.25342858,1.0,0.305583,356.7602,1.0
1222,,0.14627601,,0.19994982,412.24338,1.0
1223,,0.100097224,,0.12667178,402.96393,1.0
1224,,0.18165204,,0.23107916,351.984,1.0
1225,,0.053138185,,0.08523845,516.65216,1.0
1226,,0.067026764,,0.10705752,459.58594,1.0
1227,,0.07096578,,0.101347834,170.16463,1.0
1228,,0.22484659,,0.30833283,194.50406,1.0
1229,,0.27838248,,0.2822714,148.1721,1.0
1230,,0.24312483,1.0,0.24078286,674.09265,1.0
1231,,,,,421.63586,1.0
1232,,0.21352361,,0.27492645,701.9529,1.0
1233,,0.34323376,,0.35542426,756.45593,1.0
1234,,0.28575945,,0.29356673,748.9586,1.0
1235,,0.24495485,,0.23933977,708.775,1.0
1236,,,,,852.1892,
1237,,0.3080075,,0.3474536,530.4365,1.0
1238,,0.087100506,,0.18245897,831.6912,1.0
1239,,0.34994093,,0.17110232,429.8158,1.0
1240,,0.17137179,1.0,0.16894233,1620.8938,1.0
1241,,0.1891333,,0.21082348,1162.0115,1.0
1242,,0.12466523,,0.23815158,1634.3895,1.0
1243,,0.24951126,,0.24323498,1078.3319,1.0
1244,,0.09788918,,0.11315745,1119.288,1.0
1245,,0.28470126,,0.22079463,658.912,1.0
1246,,0.22927596,1.0,0.22446728,1334.1638,1.0
1247,,0.1354017,,0.09491461,1055.2626,1.0
1248,,0.426649,,0.54835314,825.7623,1.0
1249,,0.08722554,,0.18281376,1012.1435,1.0
1250,,0.06420454,,0.10776046,1040.8761,1.0
1251,,0.45399785,0.0,0.48528764,863.6717,1.0
1252,,0.16080865,,0.22839808,991.85266,1.0
1253,,0.29214546,,0.36058953,1163.3942,1.0
1254,,0.24515812,,0.28378394,923.08746,1.0
1255,,0.24588826,1.0,0.24405433,897.9567,1.0
1256,,0.42607898,1.0,0.4095568,930.10834,1.0
1257,,0.07840657,,0.07549094,1198.5099,1.0
1258,,0.0918217,,0.17073262,16991.334,1.0
1259,,0.3070113,,0.28939825,234.22409,1.0
1260,,0.078470804,,0.12229442,312.58514,1.0
1261,,0.0317157,,0.10108242,318.11298,1.0
1262,,,,,223.79462,1.0
1263,,0.20570698,,0.24942729,881.8595,1.0
1264,,0.12142557,,0.15775907,934.91846,1.0
1265,,0.22295588,,0.25050017,713.12305,1.0
1266,,0.15095393,,0.1768391,786.58014,1.0
1267,,0.10304961,,0.1814593,730.5333,1.0
1268,,0.30982426,1.0,0.29439798,897.3188,1.0
1269,,0.24765755,1.0,0.2139849,1101.9581,1.0
1270,,0.03238037,,0.07606327,27111.26,1.0
1271,,0.019263241,,0.073733844,220.78592,1.0
1272,,0.22518715,,0.26058364,120.67688,1.0
1273,,0.16748537,,0.18300974,185.77068,1.0
1274,,0.048877317,,0.13234037,198.46155,1.0
1275,,0.2815976,,0.29579267,538.94073,1.0
1276,,0.12248949,,0.22952142,547.1148,1.0
1277,,0.104254216,,0.1327631,574.98413,1.0
1278,,0.1862326,,0.22649753,498.4969,1.0
1279,0.0,0.067861065,0.0,0.122225195,582.5486,1.0
1280,,0.21805954,,0.14816992,659.6947,1.0
1281,0.0,0.1531351,0.0,0.17406942,471.22098,1.0
1282,,0.31771922,,0.4754407,79.30941,1.0
1283,,0.17343429,,0.19062,97.893265,1.0
1284,,0.25892666,,0.23638515,123.5689,1.0
1285,,0.44658384,,0.41524473,107.764786,1.0
1286,,,,,271.15726,1.0
1287,1.0,0.22404552,1.0,0.15493022,329.77078,1.0
1288,,0.2014788,,0.18057996,296.96628,1.0
1289,,0.16475691,,0.15913138,332.4975,1.0
1290,,,,,63.400593,1.0
1291,0.0,0.32270157,0.0,0.31758758,281.03442,1.0
1292,,0.13878961,,0.10980665,141.5221,1.0
1293,,0.39934495,,0.36173096,308.9232,1.0
1294,,0.5076624,,0.38225067,1088.2588,1.0
1295,,0.06763743,,0.09733502,1020.8829,1.0
1296,,0.440974,,0.43034938,800.4334,1.0
1297,,0.27985078,,0.28451282,1212.2417,1.0
1298,1.0,0.2944589,1.0,0.30698955,920.4272,1.0
1299,0.0,0.08524851,0.0,0.092575766,894.5021,1.0
1300,0.0,0.06454981,0.0,0.15921654,948.77094,1.0
1301,1.0,0.19703588,1.0,0.18079498,607.6421,1.0
1302,,,,,792.1696,1.0
1303,0.0,0.23296037,0.0,0.22879444,806.98486,1.0
1304,,0.18780755,,0.22925419,810.50305,1.0
1305,,0.27363893,,0.3114213,18395.215,1.0
1306,,,,,360.41196,1.0
1307,,0.27835393,,0.28222793,586.7136,1.0
1308,,0.15251088,,0.21373913,709.76587,1.0
1309,0.0,0.44666994,0.0,0.39927593,785.7907,1.0
1310,,0.3520673,1.0,0.3262031,458.2034,1.0
1311,,0.21480761,,0.16090868,514.59216,1.0
1312,,0.33337906,,0.35653144,570.36676,1.0
1313,0.0,0.22244358,0.0,0.2615596,592.35547,1.0
1314,,0.4257758,1.0,0.47571877,580.62585,1.0
1315,,0.3897847,,0.40692267,361.44144,1.0
1316,,0.023374977,,0.11331664,15445.206,1.0
1317,,0.09600163,,0.11056098,16612.227,1.0
1318,,0.21826996,,0.22006848,404.4896,1.0
1319,,0.40235353,,0.09185514,241.80234,1.0
1320,,0.09582065,,0.12043137,450.32117,1.0
1321,,0.13491961,,0.13975482,419.89844,1.0
1322,,0.23073466,,0.13460207,476.91443,1.0
1323,,0.35528365,,0.3894636,422.73526,1.0
1324,,0.16980487,,0.1666036,498.86804,1.0
1325,,0.4748231,,0.54123896,323.25116,1.0
1326,,0.22822993,,0.27347246,448.65674,1.0
1327,,0.250465,,0.21947844,520.838,1.0
1328,,0.119989194,,0.15032102,329.85007,1.0
1329,,0.40633148,,0.48110503,266.18692,1.0
1330,,0.1779239,,0.17761889,340.06808,1.0
1331,,0.10216225,,0.12969467,342.41165,1.0
1332,,,,,226.77295,1.0
1333,0.0,0.09567581,0.0,0.18481527,1050.5255,1.0
1334,,0.21999799,1.0,0.24954052,889.1386,1.0
1335,1.0,0.055983625,1.0,0.09887167,630.8442,1.0
1336,,0.1953562,1.0,0.21887273,791.18787,1.0
1337,0.0,0.04573345,0.0,0.07531278,1208.504,1.0
1338,,,,,207.83412,1.0
1339,0.0,0.39705306,0.0,0.4219361,870.3059,1.0
1340,,,,,687.08484,1.0
1341,,0.48911995,,0.42145985,468.59833,1.0
1342,,,,,436.94754,1.0
1343,,,,,667.7897,1.0
1344,0.0,,0.0,,1392.2045,1.0
1345,,,,,600.884,1.0
1346,,,,,1369.7443,1.0
1347,0.0,,0.0,,1454.0815,1.0
1348,,,,,1429.9565,1.0
1349,,,,,1305.4398,1.0
1350,0.0,,0.0,,1043.6578,1.0
1351,0.0,,0.0,,1549.2212,1.0
1352,,0.29254326,,0.30402496,720.4718,1.0
1353,,0.11589112,,0.1499276,691.5564,1.0
1354,,0.15676981,,0.27117768,649.8867,1.0
1355,,0.42860734,,0.18807082,870.3117,1.0
1356,0.0,0.45771503,0.0,0.36260414,1351.3218,1.0
1357,1.0,0.13676044,1.0,0.18166493,1325.765,1.0
1358,0.0,0.4043845,0.0,0.41001529,1242.5127,1.0
1359,0.0,0.329618,0.0,0.33022723,1250.0505,1.0
1360,0.0,0.08601636,0.0,0.13566595,1215.0454,1.0
1361,0.0,0.415678,0.0,0.33170116,1214.2667,1.0
1362,,0.15183723,,0.21185352,1159.7682,1.0
1363,,0.50422734,,0.5115995,805.50385,1.0
1364,,0.5272098,,0.5152406,4134.9346,1.0
1365,,0.63365614,,0.49420786,3655.1028,1.0
1366,0.0,0.4835311,0.0,0.4653357,922.3752,1.0
1367,,0.30065152,,0.23701204,1212.8088,1.0
1368,,0.34436008,1.0,0.38340986,1022.82446,1.0
1369,,,,,1140.3195,1.0
1370,,0.32888806,,0.35103786,673.9716,1.0
1371,,0.3370397,,0.5993895,573.91315,1.0
1372,0.0,0.13793303,0.0,0.09462898,1289.9417,1.0
1373,,0.19840163,,0.25307423,868.6576,1.0
1374,,0.22345561,1.0,0.2254282,5266.51,1.0
1375,,0.4861717,1.0,0.5274605,4395.5806,1.0
1376,,0.43616766,,0.37425262,1091.5334,1.0
1377,,,,,1051.7238,
1378,,0.35629198,,0.39245218,1027.8998,1.0
1379,,0.32454833,,0.31629938,958.82,1.0
1380,,0.107335806,1.0,0.13729328,872.40924,1.0
1381,,0.4708047,,0.29786092,671.2344,1.0
1382,,0.14124526,,0.18241125,789.4264,1.0
1383,,0.2658741,,0.20870171,1044.4562,1.0
1384,,,,,832.9593,1.0
1385,1.0,0.20474152,1.0,0.19179161,996.7274,1.0
1386,,0.24671283,,0.24084327,685.6487,1.0
1387,,0.5189313,1.0,0.5868487,632.1964,1.0
1388,,0.38341272,1.0,0.37015954,407.56104,1.0
1389,,0.281049,,0.28634444,532.9208,1.0
1390,,0.20244485,,0.1442811,604.129,1.0
1391,,0.22485286,,0.25757572,501.32516,1.0
1392,,0.13486661,,0.14852126,624.5736,1.0
1393,,0.14216103,,0.16666123,419.2916,1.0
1394,0.0,0.06301314,0.0,0.10913991,673.52313,1.0
1395,,0.26592955,,0.14672452,483.36884,1.0
1396,,,,,474.77875,1.0
1397,0.0,0.44893676,0.0,0.44703585,556.71454,1.0
1398,,0.31755036,0.0,0.3082545,705.2961,1.0
1399,,0.3337867,,0.35716802,559.60345,1.0
1400,,,,,740.76935,1.0
1401,,0.57563967,,0.68657,1309.0797,1.0
1402,,0.6076533,,0.7431699,1494.4546,1.0
1403,0.0,0.14674456,0.0,0.46395257,1240.8688,1.0
1404,,0.49023828,1.0,0.40150738,629.1331,1.0
1405,,0.27034447,,0.51189435,1133.0205,1.0
1406,,0.20040536,,0.4257485,1206.3577,1.0
1407,,0.4628086,,0.8591685,564.28,1.0
1408,,0.44874057,,0.5541918,592.9874,1.0
1409,0.0,0.62583023,0.0,0.77511555,1164.5804,1.0
1410,,0.5447501,,0.692656,6640.8027,1.0
1411,,0.5270975,,0.70618075,479.92404,1.0
1412,,0.55096334,,0.63951457,876.6737,1.0
1413,,0.44697815,,0.5729447,684.18567,1.0
1414,,0.54580724,,0.58841246,919.764,1.0
1415,,0.62432456,,0.76165354,880.42847,1.0
1416,0.0,0.5531933,0.0,0.06877009,263.6797,1.0
1417,0.0,0.71290225,0.0,0.8597591,784.0522,1.0
1418,,0.68091345,,0.8320023,831.1389,1.0
1419,1.0,0.40804392,1.0,0.583384,1075.3672,1.0
1420,,0.6138262,,0.81645405,580.23236,1.0
1421,,0.20001179,,0.52381974,769.3919,1.0
1422,,0.1277676,,0.24584514,6778.648,1.0
1423,,0.255636,,0.36931393,770.0373,1.0
1424,,0.6959205,,0.8260113,516.2516,1.0
1425,,0.74217314,,0.46482033,357.08557,1.0
1426,,0.5318452,,0.5656621,665.6609,1.0
1427,0.0,0.55692697,0.0,0.70293313,1090.5702,1.0
1428,,0.7285407,1.0,0.6796873,747.79675,1.0
1429,,0.4915543,,0.64710486,862.05743,1.0
1430,0.0,0.25198016,0.0,0.4645075,1069.7355,1.0
1431,,0.3613039,1.0,0.50936294,1217.9669,1.0
1432,1.0,0.68244797,1.0,0.7958687,1016.45013,1.0
1433,1.0,0.5253253,1.0,0.6430358,1022.43823,1.0
1434,,0.2599673,,0.28998014,2722.423,1.0
1435,,0.34001318,,0.51657337,1227.5143,1.0
1436,,0.41962543,,0.56329364,983.7919,1.0
1437,,0.32135445,,0.47852024,778.02344,1.0
1438,1.0,0.5364805,1.0,0.68911266,428.2768,1.0
1439,,0.39411253,,0.50902027,605.65814,1.0
1440,1.0,0.28043327,1.0,0.39497453,658.2243,1.0
1441,0.0,0.36807767,0.0,0.54842174,602.6273,1.0
1442,1.0,0.5725725,1.0,0.6574069,640.4124,1.0
1443,1.0,0.4771666,1.0,0.6332717,659.28687,1.0
1444,0.0,0.29299748,0.0,0.4402123,668.096,1.0
1445,,0.32992294,,0.49046147,3970.6025,1.0
1446,,0.33772895,,0.53500414,1677.292,1.0
1447,,0.22128004,,0.42077807,389.22723,1.0
1448,,0.40081826,,0.5150343,431.8247,1.0
1449,0.0,0.45132926,0.0,0.59604925,409.0736,1.0
1450,1.0,0.515716,1.0,0.63540286,345.44476,1.0
1451,,0.36610508,,0.41290098,502.70145,1.0
1452,0.0,0.25586477,0.0,0.34614545,568.87146,1.0
1453,,0.11946348,,0.21716309,807.23035,1.0
1454,,0.40208775,,0.5161687,728.5202,1.0
1455,0.0,0.4751413,0.0,0.5346726,825.35724,1.0
1456,0.0,0.30325633,0.0,0.4528441,840.2994,1.0
1457,0.0,0.23107603,0.0,0.35782525,500.749,1.0
1458,,0.06265432,,0.23200454,12044.881,1.0
1459,,0.67569655,,0.8034897,785.14856,1.0
1460,,0.7347671,,0.75103396,940.55066,1.0
1461,,,1.0,,667.70557,1.0
1462,,0.5257108,,0.6433408,946.0278,1.0
1463,,0.12866227,,0.25973612,585.79626,1.0
1464,,0.5775245,1.0,0.63550454,465.91034,1.0
1465,,0.5914013,,0.68856233,546.4418,1.0
1466,,0.22023632,1.0,0.509674,678.97003,1.0
1467,,0.595773,,0.701908,645.80756,1.0
1468,,0.5232165,,0.6435887,475.35437,1.0
1469,,0.104134426,,0.28813243,867.4994,1.0
1470,,0.7248822,,0.8559107,10220.842,1.0
1471,,0.7377204,,0.8335994,397.25388,1.0
1472,,0.6759385,,0.45233324,470.0635,1.0
1473,,0.30860737,,0.48954415,483.2878,1.0
1474,,0.5819537,,0.61719096,485.59418,1.0
1475,0.0,0.7396255,0.0,0.40665388,487.55072,1.0
1476,,0.14765318,,0.43160027,600.0956,1.0
1477,1.0,0.55006367,1.0,0.47121522,579.07434,1.0
1478,,0.6707865,,0.72324795,502.0421,1.0
1479,,0.74828607,,0.75967866,271.23703,1.0
1480,0.0,0.52941966,0.0,0.34202132,490.16492,1.0
1481,0.0,0.4363305,0.0,0.4944396,672.7889,1.0
1482,,,,,1614.3986,1.0
1483,,0.28705782,,0.5141682,400.93643,1.0
1484,,0.64402944,,0.6192465,478.36096,1.0
1485,,0.25477308,,0.5480493,462.22705,1.0
1486,,0.7557096,,0.63117087,618.5328,1.0
1487,1.0,0.34764886,1.0,0.488356,402.19324,1.0
1488,1.0,0.669926,1.0,0.43997416,233.09251,1.0
1489,,0.67074317,,0.63411903,195.46086,1.0
1490,1.0,0.53770953,1.0,0.35823587,397.36295,1.0
1491,1.0,0.26021296,1.0,0.35234565,373.2649,1.0
1492,1.0,0.6705089,1.0,0.7887362,202.82544,1.0
1493,0.0,0.40005347,0.0,0.51556426,401.9023,1.0
1494,,0.65931976,,0.66450983,2257.2385,1.0
1515,,0.21012928,1.0,0.60898286,140.35223,1.0
1516,,0.17008683,1.0,0.573843,158.0259,1.0
1517,,,1.0,,138.57822,1.0
1518,,0.35315433,,0.47700086,88.35463,1.0
1519,,,,,46.504333,1.0
1520,,0.042400606,,0.39422154,270.58258,1.0
1521,,0.2386626,,0.8470294,119.67333,1.0
1522,,0.048687566,,0.34560013,247.2298,1.0
1523,,0.20249034,0.0,0.68992144,162.46071,1.0
1524,,0.1850291,,0.65824056,214.7278,1.0
1525,,0.25793537,1.0,0.7679796,217.29031,1.0
1526,,0.17267555,1.0,0.57632744,10417.842,1.0
1527,,0.31208596,,0.8333868,381.0033,1.0
1528,,,,,392.33118,1.0
1529,,0.47572792,1.0,0.81550443,208.35225,1.0
1530,,0.08550934,1.0,0.6905618,510.90768,1.0
1531,,0.26450002,1.0,0.7701943,506.7123,1.0
1532,,0.41791594,1.0,0.86792463,573.2061,1.0
1533,,0.5095102,1.0,0.89502937,498.59625,1.0
1534,,0.46762338,1.0,0.86295795,429.0628,1.0
1535,,0.2777497,1.0,0.78121233,471.50925,1.0
1536,,0.33676767,1.0,0.7770733,6035.6313,1.0
1537,,0.080991626,,0.17758055,156.9557,1.0
1538,,0.6300152,,0.52231115,230.38367,1.0
1539,,0.19823927,,0.158674,367.69727,1.0
1540,,0.5018922,,0.3416543,434.17514,1.0
1541,0.0,0.7428312,0.0,0.3698523,626.1713,1.0
1542,0.0,0.5237133,0.0,0.38517553,622.12,1.0
1543,,0.3056027,1.0,0.23501456,568.8669,1.0
1544,,0.566299,,0.305051,611.58624,1.0
1545,,0.40338874,1.0,0.29230005,528.93524,1.0
1546,,0.48229384,,0.376372,496.5283,1.0
1547,,0.17595252,,0.1610638,512.8014,1.0
1548,,0.31558597,,0.0777682,3231.3809,1.0
1549,,0.33506066,1.0,0.33939704,511.067,1.0
1550,,0.80709237,,0.2978183,504.83945,1.0
1551,,,,,502.907,1.0
1552,,0.9384005,,0.48190048,620.1977,1.0
1553,,0.62841684,1.0,0.44390947,336.9625,1.0
1554,,0.9101715,1.0,0.7234512,246.89731,1.0
1555,,0.58537525,1.0,0.39937323,376.12708,1.0
1556,,0.31158638,,0.3096639,368.7106,1.0
1557,,0.44930744,1.0,0.40878677,278.1436,1.0
1558,,,,,331.7459,1.0
1570,,0.41297704,,0.36714482,608.25946,1.0
1571,,0.4202051,,0.32683873,799.6177,1.0
1572,,0.29464456,,0.27281055,573.17755,1.0
1573,,0.35128066,,0.36776543,495.89423,1.0
1574,,0.4390506,1.0,0.38872918,588.62335,1.0
1575,,0.38382614,,0.3637226,514.02905,1.0
1576,,0.5821087,1.0,0.5543008,473.20593,1.0
1577,0.0,0.82799065,0.0,0.4516859,554.6064,1.0
1578,1.0,0.63990796,1.0,0.5372333,504.70117,1.0
1579,,0.42250568,,0.29451022,570.9097,1.0
1580,,0.6662113,1.0,0.31318134,662.8743,1.0
1581,,0.107743226,,0.22180924,7205.8623,1.0
1582,,0.5265895,,0.42068675,1218.1077,1.0
1583,,0.5461499,,0.5044685,1079.7141,1.0
1584,,0.819437,,0.7513797,1060.711,1.0
1585,,,,,1440.0077,
1586,0.0,0.8454636,0.0,0.23120444,309.1526,1.0
1587,0.0,0.27958903,0.0,0.37071067,594.1991,1.0
1588,,0.80932355,1.0,0.6536491,352.44543,1.0
1589,,0.4196349,,0.37806666,617.0096,1.0
1590,0.0,0.47197044,0.0,0.40448695,740.6376,1.0
1591,1.0,0.47770256,1.0,0.40965924,736.6747,1.0
1592,,0.16417491,,0.16211036,5729.9907,1.0
1593,,0.39765015,,0.7143836,171.55652,1.0
1594,,0.2908042,,0.6102998,154.19199,1.0
1595,,0.5679927,,0.7933359,160.97069,1.0
1596,,0.61651623,,0.816762,185.19843,1.0
1597,1.0,0.44081527,1.0,0.71886814,93.437485,1.0
1598,,0.27357236,0.0,0.49597937,95.08314,1.0
1599,,0.2500024,1.0,0.5209646,90.612175,1.0
1600,1.0,0.389907,1.0,0.6432913,84.91963,1.0
1601,1.0,0.6611592,1.0,0.8925451,86.73771,1.0
1602,,0.5794845,,0.8361103,86.261284,1.0
1603,,0.41390052,,0.7115099,83.76023,1.0
1604,,,,,7729.111,1.0
1605,1.0,0.64945394,1.0,0.73616815,174.7928,1.0
1606,,0.6207352,,0.85389876,256.96884,1.0
1607,,0.68104625,,0.8492884,231.92252,1.0
1608,,0.4058355,,0.8967579,147.1611,1.0
1609,,0.37651235,,0.75725806,339.2292,1.0
1610,,0.353189,0.0,0.55997866,318.4039,1.0
1611,,0.48414126,,0.8118903,163.79623,1.0
1612,0.0,0.15338892,0.0,0.4492348,385.5734,1.0
1613,,,,,238.04742,1.0
1614,,,,,297.42548,1.0
1615,0.0,0.5557121,0.0,0.832208,293.39624,1.0
1616,,,1.0,,7119.929,1.0
1617,,0.397071,,0.5923663,187.9183,1.0
1618,,0.57303846,,0.7275715,270.9931,1.0
1619,,0.4222851,,0.60625035,187.29735,1.0
1620,,0.5371398,,0.26733622,140.03975,1.0
1621,1.0,0.3641356,1.0,0.6388003,170.93356,1.0
1622,0.0,0.3212812,0.0,0.52642804,157.15239,1.0
1623,,0.20050514,1.0,0.4444063,179.56752,1.0
1624,0.0,0.39171097,0.0,0.5423374,145.70346,1.0
1625,1.0,0.44943228,1.0,0.64841455,187.48895,1.0
1626,0.0,0.53428984,0.0,0.7095317,181.09697,1.0
1627,0.0,0.32599366,0.0,0.45756766,217.78017,1.0
1628,,0.13813591,,0.8195493,383.89923,1.0
1629,,0.63824844,,0.814405,547.4271,1.0
1630,,0.23390412,,0.6713239,224.61145,1.0
1631,,0.36287868,,0.6379571,353.3856,1.0
1632,,0.19228129,1.0,0.5127662,326.28705,1.0
1633,,0.53929186,1.0,0.8835423,235.55804,1.0
1634,0.0,0.37335125,0.0,0.6282541,322.90292,1.0
1635,,0.62248677,1.0,0.8487348,386.50143,1.0
1636,0.0,0.110647194,0.0,0.44688684,308.9078,1.0
1637,,0.07459042,0.0,0.2655368,4097.626,1.0
1638,,0.629746,,0.8550499,248.11815,1.0
1639,,0.40251088,,0.7128053,190.02693,1.0
1640,,0.7217159,,0.93838304,176.12491,1.0
1641,,0.4241797,,0.6240874,172.28152,1.0
1642,,0.13856545,1.0,0.61496836,376.1834,1.0
1643,0.0,0.49011958,0.0,0.7494342,454.9352,1.0
1644,0.0,0.3593435,0.0,0.61704856,564.1755,1.0
1645,0.0,0.25007582,0.0,0.68651485,455.53537,1.0
1646,,0.57559305,,0.8724454,347.7216,1.0
1647,,0.072665535,,0.54702646,522.9913,1.0
1648,1.0,0.3307226,1.0,0.7178075,499.41818,1.0
1649,,0.36728033,0.0,0.628315,3030.2126,1.0
1650,,0.5070016,,0.764943,350.86234,1.0
1651,,0.6740046,,0.8969636,394.82056,1.0
1652,,0.5813086,,0.8340145,380.56744,1.0
1653,,0.67521167,,0.9234973,316.42758,1.0
1654,0.0,0.09387814,0.0,0.25409022,315.23346,1.0
1655,1.0,0.05981474,1.0,0.51213557,219.06458,1.0
1656,1.0,0.516512,1.0,0.7054372,217.1356,1.0
1657,1.0,0.5079837,1.0,0.73400205,235.90594,1.0
1658,1.0,0.5674024,1.0,0.78330964,278.65836,1.0
1659,,0.5285671,,0.7715782,308.49887,1.0
1660,,0.18251424,,0.5920743,213.82555,1.0
1661,,0.44859698,1.0,0.6202862,7401.4907,1.0
1662,,0.42216945,,0.6756705,301.61395,1.0
1663,,0.6146718,,0.8101853,274.0564,1.0
1664,,0.31445885,,0.7236524,218.02844,1.0
1665,,0.5322235,,0.79429257,229.0206,1.0
1666,,0.44077915,1.0,0.747453,260.29315,1.0
1667,,0.57228136,,0.8360026,183.0683,1.0
1668,,0.19689438,0.0,0.51723576,270.36572,1.0
1669,,0.15601046,,0.5721325,300.50476,1.0
1670,,0.53666365,1.0,0.8359784,231.19913,1.0
1671,,0.49967554,,0.77203524,247.02118,1.0
1672,,0.5240557,,0.7755758,283.83704,1.0
1673,,0.14321107,1.0,0.3678238,3909.306,1.0
1674,,0.376469,,0.65422726,180.37094,1.0
1675,,0.43117812,,0.55847687,267.03024,1.0
1676,,0.5906611,,0.84103566,216.52837,1.0
1677,,0.50450844,,0.7795222,215.90108,1.0
1678,1.0,0.3309723,1.0,0.5800346,380.20093,1.0
1679,1.0,0.51759386,1.0,0.7653932,497.56985,1.0
1680,0.0,0.3449944,0.0,0.6413968,436.38315,1.0
1681,,0.4846972,,0.68973726,308.21323,1.0
1682,,0.73949736,,0.68056893,215.26228,1.0
1683,,0.22199085,,0.65941066,415.01108,1.0
1684,,0.31182823,,0.34164461,305.55573,1.0
1685,,0.13983859,,0.2488206,8176.17,1.0
1686,1.0,0.29299682,1.0,0.48975685,69.89727,1.0
1687,,0.27985257,,0.42764357,124.82853,1.0
1688,,0.37046614,,0.61073345,74.824005,1.0
1689,,0.17979428,,0.28194454,117.06929,1.0
1690,1.0,0.49646556,1.0,0.7475348,176.35849,1.0
1691,,0.35208994,1.0,0.4671353,81.00068,1.0
1692,1.0,0.45512336,1.0,0.68345296,181.69131,1.0
1693,,0.33507553,,0.5466402,221.36432,1.0
1694,,0.24540558,,0.5473729,192.0565,1.0
1695,,,,,188.35776,1.0
1696,,0.20994884,,0.3626276,190.29247,1.0
1697,,0.17560776,,0.37882292,12598.721,1.0
1698,,0.70121104,,0.90350205,2075.7798,1.0
1699,1.0,0.6964596,1.0,0.9064298,398.8856,1.0
1700,1.0,0.55470407,1.0,0.892615,201.16269,1.0
1701,,0.581111,,0.83969754,372.6279,1.0
1702,1.0,0.7250405,1.0,0.9008313,477.59012,1.0
1703,,0.11953475,,0.6739669,351.08783,1.0
1704,,0.63858485,,0.8226383,252.30295,1.0
1705,,0.57147443,,0.707102,448.5875,1.0
1706,1.0,0.5323096,1.0,0.8140009,1605.6763,1.0
1707,,0.3347114,,0.6828758,1707.3516,1.0
1708,,,,,766.77295,1.0
1709,,0.39945945,,0.67274296,611.90295,1.0
1710,,0.4788181,,0.8340954,497.45306,1.0
1711,,0.27847117,,0.7275068,525.50055,1.0
1712,1.0,0.48478222,1.0,0.79545164,445.57175,1.0
1713,,0.49384463,,0.7713185,281.24994,1.0
1714,,0.24696775,,0.62613606,416.37006,1.0
1715,,0.49627206,1.0,0.7933322,374.51544,1.0
1716,,0.59541875,0.0,0.8475212,328.70856,1.0
1717,1.0,0.630787,1.0,0.91246563,308.65952,1.0
1718,,,,,439.96298,1.0
1719,,0.27753335,0.0,0.68286216,4431.5347,1.0
1720,,0.20120484,,0.5440463,335.75394,1.0
1721,,0.5108742,,0.8158456,272.66293,1.0
1722,,0.487468,1.0,0.78803724,438.14258,1.0
1723,,0.5049194,,0.7444642,233.75978,1.0
1724,0.0,0.16797888,0.0,0.51217794,288.20602,1.0
1725,,0.49565643,1.0,0.7177462,356.96005,1.0
1726,0.0,0.17178078,0.0,0.5800608,383.2974,1.0
1727,,,,,288.84738,1.0
1728,1.0,0.35274056,1.0,0.5596533,439.81104,1.0
1729,0.0,0.38386968,0.0,0.651774,318.47894,1.0
1730,,0.47275573,1.0,0.6936762,293.5109,1.0
1731,,0.25221035,1.0,0.50616974,7039.215,1.0
1559,1.0,0.33148906,1.0,0.86072063,631.0052,1.0
1560,,,,,646.399,1.0
1561,,0.33505142,,0.86408365,494.85724,1.0
1732,,0.2880878,,0.83653224,478.44724,1.0
1562,,0.09432084,,0.569185,1136.5392,1.0
1563,,0.20852461,,0.7252418,695.87006,1.0
1564,,0.3115014,0.0,0.85389006,747.88916,1.0
1565,0.0,0.43393263,0.0,0.8887007,724.4282,1.0
1566,,0.18014574,1.0,0.85260063,967.96124,1.0
1567,1.0,,1.0,,723.7863,1.0
1568,0.0,0.29880777,0.0,0.7807303,988.5282,1.0
1569,,0.1649681,,0.546069,7619.144,1.0
1733,,,,,406.51685,1.0
1734,,,,,591.06696,1.0
1735,,0.38490656,,0.86841124,609.4719,1.0
1736,,0.40731913,,0.8719836,203.4982,1.0
1737,,0.3018492,0.0,0.7641058,428.28384,1.0
1738,,0.40153974,,0.900154,582.5845,1.0
1739,,0.48901978,0.0,0.909306,541.849,1.0
1740,,0.3002891,0.0,0.84162265,578.89636,1.0
1741,,0.31629965,,0.6233451,346.94424,1.0
1742,0.0,0.28621116,0.0,0.81038636,742.0021,1.0
1743,,0.026006786,1.0,0.3156807,529.5139,1.0
1744,,,,,9134.403,1.0
1745,,0.42039913,,0.4575583,82.74143,1.0
1746,,0.22337675,,0.2662326,234.12917,1.0
1747,,0.21440695,1.0,0.36241707,295.23944,1.0
1748,,,1.0,,145.896,1.0
1749,,0.14232755,,0.23326868,196.53728,1.0
1750,,0.056355834,,0.1630194,225.62187,1.0
1751,,0.812345,,0.22470072,144.53796,1.0
1752,0.0,0.35332626,0.0,0.38526088,5391.214,1.0
1753,,0.73544943,,0.5506724,215.47984,1.0
1754,,0.68511766,,0.5291826,247.94647,1.0
1755,,,,,484.48022,1.0
1756,,0.6628515,,0.6596502,277.1202,1.0
1757,0.0,0.39811593,0.0,0.3816551,247.44156,1.0
1758,,,,,234.88188,1.0
1759,0.0,0.33982652,0.0,0.35011464,211.91626,1.0
1760,0.0,0.63854563,0.0,0.6522056,151.41583,1.0
1761,,0.32960692,,0.35774592,159.62213,1.0
1762,0.0,0.5639347,0.0,0.57154566,124.13327,1.0
1763,,,,,247.74486,1.0
1764,0.0,0.2800538,0.0,0.28835908,2507.9314,1.0
1765,,0.80774754,,0.7702377,180.80412,1.0
1766,,0.68468016,,0.603576,243.64192,1.0
1767,,0.7616266,,0.7858066,134.31612,1.0
1768,,0.35731164,,0.44254473,233.79422,1.0
1769,,0.8880832,,0.70574045,21.869162,1.0
1770,,0.23717645,,0.3772137,110.9374,1.0
1771,,0.29763186,,0.28650248,109.49225,1.0
1772,,0.6381684,,0.591676,79.09008,1.0
1773,,,,,91.025795,1.0
1774,,0.3429134,,0.43435925,89.2288,1.0
1775,,,,,2910.5322,1.0
1776,,0.42002738,,0.6995712,1171.0248,1.0
1777,,0.5698999,,0.72091407,903.69214,1.0
1778,,0.3415165,,0.3625351,1456.0266,1.0
1779,,0.84205,1.0,0.7622841,956.0935,1.0
1780,,0.30118003,,0.59699565,838.8534,1.0
1781,,0.40553996,,0.6782802,863.3773,1.0
1782,1.0,0.53135586,1.0,0.4946142,606.2363,1.0
1783,,0.67437124,,0.8400385,855.95776,1.0
1784,,0.25578654,1.0,0.4811612,983.539,1.0
1785,,0.2477083,,0.4383025,16502.322,1.0
1786,1.0,0.53095925,1.0,0.801819,713.34607,1.0
1787,,0.45053446,1.0,0.7642111,683.20166,1.0
1788,,0.14148265,,0.7931671,699.3827,1.0
1789,,0.5302523,1.0,0.75189227,831.0507,1.0
1790,0.0,0.31367606,0.0,0.48627105,1579.3564,1.0
1791,,0.5775563,1.0,0.6720421,1392.5045,1.0
1792,0.0,0.1862186,0.0,0.36671346,1715.6422,1.0
1793,,0.7212692,1.0,0.8208163,966.27435,1.0
1794,0.0,0.2611962,0.0,0.50955784,1332.8503,1.0
1795,0.0,,0.0,,976.36035,1.0
1796,,0.6332325,1.0,0.6906433,1304.3584,1.0
1797,,0.6408864,,0.81458926,1085.3933,1.0
1798,,,0.0,,1062.2449,1.0
1799,,0.35440472,,0.70991975,1256.3105,1.0
1800,,0.16094428,1.0,0.34587413,1748.4991,1.0
1801,,0.43320405,1.0,0.56268954,1362.1956,1.0
1802,,0.40948838,,0.57592666,1068.1355,1.0
1803,,0.63841635,1.0,0.82713443,868.78656,1.0
1804,,0.6226475,1.0,0.8050811,1064.8649,1.0
1805,,0.7702314,1.0,0.8607504,585.8352,1.0
1806,,0.6022178,1.0,0.7075353,1874.5579,1.0
1807,,0.34581727,,0.66338253,14971.237,1.0
1808,,0.63550436,,0.8607671,1850.7408,1.0
1809,,0.57218313,,0.6548118,1957.7109,1.0
1810,0.0,0.40355557,0.0,0.52162445,759.45667,1.0
1811,,0.56670654,,0.6520817,536.3027,1.0
1812,,0.41862014,,0.51574916,560.48846,1.0
1813,,0.7118892,,0.8309664,597.8162,1.0
1814,,0.31616595,,0.5202305,770.31006,1.0
1815,,0.3826533,1.0,0.6025138,803.6075,1.0
1816,0.0,0.6960451,0.0,0.8571665,728.445,1.0
1817,,0.62513137,0.0,0.7353446,6272.8706,1.0
1818,1.0,0.51166797,1.0,0.70716137,6074.7085,1.0
1819,,0.38728964,,0.57665324,1966.3647,1.0
1820,,0.7329256,,0.8538956,2329.6406,1.0
1821,,0.37571102,,0.6547035,2146.1128,1.0
1822,,0.5100192,,0.6710422,810.96436,1.0
1823,,0.36393872,,0.5788142,1295.7446,1.0
1824,0.0,,0.0,,1013.3751,1.0
1825,,0.4052673,1.0,0.768108,1009.9425,1.0
1826,,0.74327886,,0.9288231,794.1541,1.0
1827,1.0,0.64835876,1.0,0.8172754,984.4697,1.0
1828,0.0,0.269081,0.0,0.57273036,1134.9594,1.0
1829,1.0,0.31124884,1.0,0.6512112,20884.543,1.0
1830,,0.45247495,,0.43663844,969.48,1.0
1831,,0.412625,,0.5591503,1185.8044,1.0
1832,,0.6062297,,0.78734475,929.06824,1.0
1833,,0.5944434,,0.31352422,315.98138,1.0
1834,,0.23919536,,0.27813223,414.55154,1.0
1835,0.0,0.6939118,0.0,0.80878,378.41318,1.0
1836,,0.8179813,1.0,0.96417916,324.091,1.0
1837,,0.6684055,1.0,0.87609714,274.02618,1.0
1838,,0.43036398,,0.49740055,441.5918,1.0
1839,,0.46178326,,0.64808315,415.08807,1.0
1840,,0.11364353,,0.3202576,37656.062,1.0
1841,,0.34976637,,0.38965583,1484.2028,1.0
1842,,0.36681437,,0.61151767,1437.5972,1.0
1843,,0.5846368,,0.71357554,575.48846,1.0
1844,,0.37145224,,0.3591424,2194.1448,1.0
1845,,0.5468986,,0.675134,667.0768,1.0
1846,,0.33085346,,0.31624386,705.3915,1.0
1847,0.0,0.40354657,0.0,0.5215862,645.6305,1.0
1848,,0.37735114,,0.66755235,696.3164,1.0
1849,,0.22918047,1.0,0.3339821,719.56165,1.0
1850,0.0,0.062365536,0.0,0.27384797,541.41235,1.0
1851,,0.26479343,,0.39809263,668.98846,1.0
1852,,0.31162095,,0.47665867,11952.877,1.0
1853,,0.59116215,,0.7800147,973.5884,1.0
1854,,0.42349833,0.0,0.7164521,1077.4049,1.0
1855,,0.29518542,,0.6314681,921.0777,1.0
1856,,0.7977,,0.9286544,1084.842,1.0
1857,,0.61588186,,0.7388754,879.06805,1.0
1858,,0.5181224,,0.70501226,618.224,1.0
1859,,0.5920309,,0.735038,776.05695,1.0
1860,,0.47177476,0.0,0.770013,932.73346,1.0
1861,,0.5620654,,0.6896449,645.7778,1.0
1862,0.0,0.8042088,0.0,0.8368647,956.10535,1.0
1863,,,,,301.7811,1.0
1864,,0.6155355,1.0,0.6874216,16188.89,1.0
1865,,0.7714443,,0.9299704,1204.8989,1.0
1866,,0.61832434,1.0,0.8005598,1546.9766,1.0
1867,,0.81334406,,0.8981147,1222.7932,1.0
1868,,0.6506474,,0.8257338,1347.409,1.0
1869,,0.6904867,1.0,0.83473474,2330.3542,1.0
1870,1.0,0.7118672,1.0,0.8603159,2238.7795,1.0
1871,,0.78342277,1.0,0.8607162,1789.9474,1.0
1872,,0.35680312,,0.77341604,1712.0012,1.0
1873,,0.69590825,,0.85664314,2300.9758,1.0
1874,0.0,0.6198063,0.0,0.80793095,2367.6418,1.0
1875,0.0,0.6371384,0.0,0.80349606,1830.0018,1.0
1876,,0.31634614,,0.52142406,31513.467,1.0
1877,,0.7538549,,0.8931398,793.9807,1.0
1878,,0.71956843,,0.8976598,1072.8085,1.0
1879,,0.47913983,1.0,0.80268186,1091.552,1.0
1880,1.0,0.64921945,1.0,0.8886311,1148.494,1.0
1881,,0.8083976,1.0,0.94659865,1022.14355,1.0
1882,,0.5069844,1.0,0.68440527,1487.1674,1.0
1883,,0.7246473,,0.9146791,882.4815,1.0
1884,1.0,0.6115068,1.0,0.763789,1428.2231,1.0
1885,0.0,0.6704904,0.0,0.8536734,1041.9666,1.0
1886,,0.75594366,,0.8968997,1249.469,1.0
1887,,0.45920518,,0.6797299,10267.313,1.0
1888,,,,,8655.967,1.0
1889,,0.7368679,1.0,0.92018515,581.50433,1.0
1890,,0.7821306,,0.9176552,585.95374,1.0
1891,,0.7151543,,0.8710413,523.73804,1.0
1892,0.0,0.56444037,0.0,0.75672597,814.73785,1.0
1893,,0.74143684,,0.88840157,723.84534,1.0
1894,,0.5167666,,0.7352618,740.1927,1.0
1895,,,,,616.08386,1.0
1896,,0.14392427,,0.47555232,827.59607,1.0
1897,,0.5569696,,0.71804386,920.812,1.0
1898,,0.26276636,,0.51772577,772.2036,1.0
1899,,0.36862096,,0.6204906,770.15936,1.0
1900,,0.6454343,,0.8060474,10760.837,1.0
1901,,0.76777595,,0.92054635,915.58685,1.0
1902,,0.51887846,,0.7539318,1070.395,1.0
1903,,0.65138674,,0.82840496,1147.9904,1.0
1904,,0.5462492,,0.67281634,1421.262,1.0
1905,,0.26196393,1.0,0.513556,865.1559,1.0
1906,,0.37082356,,0.35612094,1312.8127,1.0
1907,,0.58600813,,0.7616657,702.5309,1.0
1908,,0.42548195,,0.53797245,906.3992,1.0
1909,,0.6736412,1.0,0.78406376,1158.6693,1.0
1910,,0.26531467,1.0,0.5308928,1098.9797,1.0
1911,,0.74074227,,0.9282477,816.8538,1.0
1912,,0.39767826,,0.4970022,8085.9976,1.0
1913,,0.49059772,,0.59155333,271.71222,1.0
1914,,0.6416675,,0.80903095,262.43677,1.0
1915,,0.73392135,,0.84533095,271.26743,1.0
1916,,0.56562555,,0.7138038,234.01752,1.0
1917,,0.2090212,0.0,0.45432234,520.9417,1.0
1918,1.0,0.27872646,1.0,0.6263606,548.38434,1.0
1919,0.0,0.09551432,0.0,0.24634778,644.0803,1.0
1920,0.0,0.2268114,0.0,0.5234,487.8076,1.0
1921,,0.4264345,0.0,0.7367861,434.14645,1.0
1922,,0.40423742,,0.75279814,538.8573,1.0
1923,1.0,0.30673486,1.0,0.66636956,535.3051,1.0
1924,,0.64250386,1.0,0.810123,3091.7407,1.0
1925,,0.60922164,,0.6612132,1704.4838,1.0
1926,1.0,0.47494417,1.0,0.5784658,906.6413,1.0
1927,0.0,0.68810403,0.0,0.78704464,953.8208,1.0
1928,,0.111067966,,0.33507335,918.86176,1.0
1929,,0.1520137,,0.39365348,151.07918,1.0
1930,,0.2503783,,0.6757378,113.10527,1.0
1931,,0.4143349,,0.6708819,125.696594,1.0
1932,,,,,79.81608,1.0
1933,,0.4879862,,0.7283675,102.033844,1.0
1934,,0.10904254,,0.25520718,194.77666,1.0
1935,,,,,180.7623,1.0
1936,1.0,0.35956153,1.0,0.5547193,177.51581,1.0
1937,1.0,0.127067,1.0,0.3986832,202.9629,1.0
1938,,0.4244636,,0.73508674,189.97278,1.0
1939,,0.16894647,,0.51574475,12632.381,1.0
1940,,0.69313896,,0.9054899,1140.9711,1.0
1941,,0.53235394,,0.80593866,1204.7838,1.0
1942,,,,,549.1485,1.0
1943,,,,,1305.2795,1.0
1944,,0.30771336,,0.5199319,1151.1533,1.0
1945,1.0,0.69171226,1.0,0.89482254,1108.0355,1.0
1946,0.0,0.24494012,0.0,0.723538,1143.3082,1.0
1947,1.0,0.6761125,1.0,0.9421198,847.9217,1.0
1948,,,,,813.34595,1.0
1949,,,,,548.77216,1.0
1950,,0.48096493,,0.7809353,876.708,1.0
1951,,0.09183942,,0.40180326,8314.599,1.0
1952,,0.6212248,,0.7877535,1398.2637,1.0
1953,,0.25677055,,0.42011416,1554.3873,1.0
1954,1.0,0.5497047,1.0,0.6549022,1462.2014,1.0
1955,,0.4903359,,0.6477472,1497.3544,1.0
1956,,0.49725908,1.0,0.56135607,1450.2599,1.0
1957,,0.53582436,1.0,0.69245017,1239.5365,1.0
1958,,0.17741065,,0.3476077,5887.8184,1.0
1959,,0.24646875,,0.3719126,184.89441,1.0
1960,,0.35218397,,0.5126519,257.0519,1.0
1961,,0.14703996,,0.29805553,193.57436,1.0
1962,,0.14827552,,0.34467366,165.74864,1.0
1963,,0.2277988,0.0,0.35912684,1578.5394,1.0
1964,,0.41546488,,0.62031996,1710.8308,1.0
1965,,0.23613685,0.0,0.36142728,1687.4801,1.0
1966,1.0,,1.0,,1137.676,1.0
1967,,0.3274128,,0.4726846,758.57043,1.0
1968,,0.35504848,,0.7137154,970.0498,1.0
1969,,,0.0,,688.15106,1.0
1970,1.0,,1.0,,573.7225,1.0
1971,1.0,,1.0,,720.07904,1.0
1972,1.0,0.52193373,1.0,0.643329,1071.5891,1.0
1973,0.0,,0.0,,1118.5066,1.0
1974,,0.22438504,,0.3596859,683.52203,1.0
1975,1.0,0.35203597,1.0,0.4998996,1083.503,1.0
1976,,,,,505.8787,1.0
1977,,0.17601897,,0.2722029,4414.853,1.0
1978,,0.3695113,,0.545888,2894.3748,1.0
1979,,0.10846593,,0.29812062,752.20325,1.0
1980,,0.53082985,,0.72768354,360.85538,1.0
1981,,0.27831125,,0.4678882,611.48694,1.0
1982,,0.49266124,,0.5556624,737.6894,1.0
1983,0.0,0.50762886,0.0,0.58394957,1078.8485,1.0
1984,,0.12854795,,0.27958646,1126.75,1.0
1985,1.0,0.6464942,1.0,0.8097159,1096.6843,1.0
1986,1.0,0.4417027,1.0,0.75332206,806.09796,1.0
1987,,0.40222126,,0.59777415,1125.6727,1.0
1988,1.0,0.39325386,1.0,0.54244566,1236.9161,1.0
1989,,,,,1117.3597,1.0
1990,,,,,278.96732,1.0
1991,,0.45674604,,0.8179583,779.95276,1.0
1992,,0.15540549,,0.37645617,737.84955,1.0
1993,,0.3241682,,0.4698242,1692.5065,1.0
1994,,,,,1756.2523,1.0
1995,,0.28269103,1.0,0.45119432,1879.4945,1.0
1996,,0.31665403,1.0,0.37027782,2027.7512,1.0
1997,,0.3853205,1.0,0.5253573,1376.3627,1.0
1998,,0.41685703,,0.6998042,956.41565,1.0
1999,,0.4433657,,0.61850095,11546.463,1.0
2000,,,,,149.60573,1.0
2001,,,,,151.64622,1.0
2002,,0.19615498,,0.08630888,141.33395,1.0
2003,,0.76702243,,0.55961585,117.70908,1.0
2004,,,,,157.63098,1.0
2005,,0.49908814,,0.29581112,166.0931,1.0
2006,,0.5661832,,0.28287157,179.10011,1.0
2007,,0.5554521,0.0,0.28045842,169.21855,1.0
2008,1.0,,1.0,,138.50017,1.0
2009,,0.6677538,,0.23395167,175.43661,1.0
2010,,0.69650775,1.0,0.40827122,133.11365,1.0
2011,,,,,9531.515,1.0
2012,,0.52769583,,0.124540426,73.52267,1.0
2013,,0.4686625,,0.28840816,123.727974,1.0
2014,,0.339395,,0.11663046,152.35204,1.0
2015,,0.66837025,,0.39959052,118.13093,1.0
2016,,,,,115.84953,1.0
2017,,,,,103.546104,1.0
2018,,0.4520514,0.0,0.35770455,109.21758,1.0
2019,,0.5356916,,0.26762807,85.31445,1.0
2020,,,,,99.661995,1.0
2021,,0.5484357,,0.26932257,88.05283,1.0
2022,,0.79202336,1.0,0.5940896,59.592457,1.0
2023,,,,,13416.009,1.0
2024,,0.6975519,,0.4173953,231.21288,1.0
2025,,0.7610972,,0.33818033,283.71127,1.0
2026,,,,,287.8331,1.0
2027,,0.5019194,,0.19149327,317.2106,1.0
2028,,0.6911122,,0.39624473,348.12024,1.0
2029,1.0,0.58977574,1.0,0.26776433,517.35846,1.0
2030,0.0,0.7399577,0.0,0.43174124,437.71136,1.0
2031,,0.7001297,1.0,0.391186,356.7826,1.0
2032,0.0,0.70032877,0.0,0.41692948,469.6504,1.0
2033,,0.5128534,,0.20880081,396.17725,1.0
2034,,,,,304.4058,1.0
2035,,0.7512415,0.0,0.4291416,9779.539,1.0
2036,,,,,3327.8872,1.0
2037,,0.7162458,,0.42831662,2207.2651,1.0
2038,,0.45684785,,0.23135507,1397.6979,1.0
2039,,0.8211424,,0.5174503,1114.9652,1.0
2040,1.0,0.71676844,1.0,0.62145793,1023.25616,1.0
2041,,0.7639822,1.0,0.51403457,934.79407,1.0
2042,,0.67833656,1.0,0.36314636,1113.855,1.0
2043,,0.19106571,,0.2624179,1262.8601,1.0
2044,,,,,1353.0382,1.0
2045,,,,,1416.2595,1.0
2046,,0.6488449,0.0,0.2888895,11137.98,1.0
2047,,0.5204394,,0.21082467,13279.896,1.0
2048,,0.71012086,,0.5090775,82.37592,1.0
2049,,0.6550887,0.0,0.34069693,101.28997,1.0
2050,,0.73507667,,0.5661104,88.26529,5.0
2051,,0.80517256,,0.37554917,80.18872,1.0
2052,,0.74688447,1.0,0.42910463,178.9968,1.0
2053,,0.4199186,1.0,0.17173845,244.49873,1.0
2054,0.0,0.10874511,0.0,0.10643921,358.111,1.0
2055,,0.78397536,,0.41949475,344.27042,1.0
2056,,0.69342804,,0.3653061,300.64865,1.0
2057,,0.23526458,,0.25114185,293.1548,1.0
2058,,,,,256.32513,1.0
2059,,0.4165881,,0.13468917,6573.942,1.0
2060,,,,,212.5234,1.0
2061,,0.43215963,,0.25873002,392.92264,1.0
2062,,0.7232316,,0.46737722,304.61023,1.0
2063,,0.5860251,,0.3103896,295.48492,1.0
2064,,0.5589613,0.0,0.17006907,984.9344,1.0
2065,,,,,790.6296,1.0
2066,0.0,0.54221916,0.0,0.30174255,609.9978,1.0
2067,,0.8011051,0.0,0.55753475,851.7873,1.0
2068,,0.5930815,1.0,0.2712076,870.01587,1.0
2069,,,,,826.6737,1.0
2070,0.0,0.7507744,0.0,0.46961927,716.36224,1.0
2071,,0.47438183,0.0,0.16529337,5395.035,1.0
2072,,0.24826635,,0.1438914,323.91043,1.0
2073,,0.6296025,,0.370416,243.52116,1.0
2074,,0.74141765,,0.46139905,349.02332,1.0
2075,,0.6685547,,0.38202238,309.09015,1.0
2076,,0.6405028,0.0,0.31777453,409.16873,1.0
2077,,0.15224987,,0.0927905,395.53308,1.0
2078,,0.5780065,,0.23910797,336.5509,1.0
2079,1.0,0.74363875,1.0,0.4064682,376.75745,1.0
2080,,0.57334626,0.0,0.2380424,441.92264,1.0
2081,,,,,369.1027,1.0
2082,,0.278825,0.0,0.12358917,307.85315,1.0
2083,,,,,4687.1143,1.0
2084,,0.78647166,,0.5060396,222.73354,1.0
2085,,0.6341119,,0.3105512,210.14793,1.0
2086,0.0,0.29240906,0.0,0.094806895,295.5426,1.0
2087,,0.3854094,0.0,0.21322477,260.68826,1.0
2088,1.0,0.8445786,1.0,0.5804954,432.1957,1.0
2089,,0.45966652,0.0,0.18497644,460.89044,1.0
2090,,0.62137574,0.0,0.30221355,566.0465,1.0
2091,,,,,369.21033,1.0
2092,,0.6115618,1.0,0.29114085,633.84924,1.0
2093,,,,,470.71042,1.0
2094,,0.6704866,,0.44973046,449.54498,1.0
2095,,0.42414504,,0.23626642,6525.4316,1.0
2096,,0.5308872,,0.27927163,386.26907,1.0
2097,,0.6775578,,0.44695735,254.02994,1.0
2098,,0.7316812,,0.43708333,204.1601,1.0
2099,,0.79150873,,0.46708685,399.2707,1.0
2100,,0.62565595,,0.25441527,672.67224,1.0
2101,,,,,593.1924,1.0
2102,,0.44817507,0.0,0.22140002,725.9642,1.0
2103,0.0,0.64906216,0.0,0.33107483,471.3525,1.0
2104,,,,,790.0835,1.0
2105,,,,,705.0571,1.0
2106,,,,,555.72925,1.0
2107,,,,,15492.143,1.0
2108,,,,,717.8955,1.0
2109,,0.6437936,,0.3228373,1381.2163,1.0
2110,,,,,887.8988,1.0
2111,,0.6531908,,0.37351704,746.90906,1.0
2112,,,,,925.4771,1.0
2113,,0.6570733,,0.3666398,992.1109,1.0
2114,,0.817391,,0.5006079,968.9283,1.0
2115,,0.67170566,1.0,0.40548268,560.2374,1.0
2116,,0.5117071,1.0,0.20809452,637.67566,1.0
2117,,0.6604351,0.0,0.37109104,5471.231,1.0
2118,,0.62913847,1.0,0.31587085,5501.456,1.0
2119,,0.24483508,,0.21810724,473.44824,1.0
2120,,0.8126546,,0.3823349,518.8855,1.0
2121,0.0,0.8029444,0.0,0.6312203,363.016,1.0
2122,,,,,420.7337,1.0
2123,,,,,271.7305,1.0
2124,,0.44479817,1.0,0.20708075,232.33954,1.0
2125,,0.6296536,0.0,0.22278082,336.85916,1.0
2126,,,,,169.45618,1.0
2127,,0.68829495,,0.40032125,288.78452,1.0
2128,,,,,319.11456,1.0
2129,,0.27595526,,0.2568882,267.37305,1.0
2130,,,,,12336.651,1.0
2131,,0.6623695,,0.4382063,831.44257,1.0
2132,,0.761734,,0.514913,914.79016,1.0
2133,,,,,828.09064,1.0
2134,,,,,1136.862,1.0
2135,,0.71021575,,0.4415689,662.27484,1.0
2136,0.0,0.77205545,0.0,0.41288412,870.0136,1.0
2137,,,,,792.6415,1.0
2138,,0.69425005,,0.36707515,939.9354,1.0
2139,,0.5670163,,0.28399047,705.33276,1.0
2140,,0.61987805,0.0,0.3403215,675.76324,1.0
2141,,0.7871311,,0.4519539,810.6436,1.0
2142,,0.6166122,0.0,0.23791185,9587.453,1.0
2143,,0.9984687,,0.35730377,2366.9438,1.0
2144,,,,,788.3551,1.0
2145,,0.99806994,,0.20170128,1036.1257,1.0
2146,,0.99682003,,0.22065723,2278.9983,1.0
2147,,0.9979647,0.0,0.33278713,449.88647,1.0
2148,,0.9983257,1.0,0.30448258,563.4403,1.0
2149,,0.9987444,0.0,0.53242874,396.3043,1.0
2150,,,,,506.3767,1.0
2151,,,,,623.35864,1.0
2152,,,,,511.0602,1.0
2153,,,,,222.42519,1.0
2154,,0.99864423,1.0,0.29689974,4751.134,1.0
2155,,0.07993603,,0.45033583,91.83274,1.0
2156,,0.6057127,,0.75967264,53.62312,1.0
2157,,0.6482143,1.0,0.85290533,85.017136,1.0
2158,,0.6064866,1.0,0.67409694,76.895805,1.0
2159,,0.37129697,0.0,0.7310167,126.19855,1.0
2160,,0.09150323,,0.60460764,191.0871,1.0
2161,,,1.0,,61.96058,1.0
2162,,0.666935,,0.8894035,153.81447,1.0
2163,,0.5858998,,0.83013624,180.45862,1.0
2164,,0.15347558,,0.5781715,205.27724,1.0
2165,,0.24145909,,0.62343687,205.26231,1.0
2166,,0.19338484,,0.38907564,17212.95,1.0
2167,,0.3572699,,0.5613689,63.143116,1.0
2168,,0.63280463,,0.8624251,52.835056,1.0
2169,,0.4510752,,0.828839,43.547874,1.0
2170,,0.585895,,0.83013266,56.107536,1.0
2171,,0.4877313,,0.81395656,255.1219,1.0
2172,,0.5481406,1.0,0.8060779,211.4429,1.0
2173,,0.20101531,,0.7152322,266.2245,1.0
2174,,0.54766667,1.0,0.8917562,61.403362,1.0
2175,,0.6889683,,0.9057931,258.31412,1.0
2176,1.0,0.3687013,1.0,0.71657157,273.31128,1.0
2177,,0.6218253,,0.87164414,294.6807,1.0
2178,,0.23750472,1.0,0.7533465,4537.852,1.0
2179,,0.41267893,,0.6238563,122.173416,1.0
2180,,0.4770499,,0.75922024,153.80754,1.0
2181,,0.54042816,,0.8050311,103.54811,1.0
2182,,0.5591446,,0.83933914,144.66481,1.0
2183,,,1.0,,417.55835,1.0
2184,,0.37279135,1.0,0.7255128,392.53616,1.0
2185,,0.54226756,1.0,0.8128519,482.3292,1.0
2186,,0.5868037,1.0,0.80167323,513.81024,1.0
2187,,0.46575984,1.0,0.74860907,466.579,1.0
2188,,0.15534946,1.0,0.71154124,416.1939,1.0
2189,1.0,0.58681273,1.0,0.79377985,397.4711,1.0
2190,,0.5278538,,0.766972,5326.9272,1.0
2191,,0.8656552,,0.75978464,41.425568,1.0
2192,,0.77907944,,0.77007914,25.96587,1.0
2193,,0.5430166,,0.8136766,53.16554,1.0
2194,,0.280589,1.0,0.6915776,922.8948,1.0
2195,,,1.0,,863.6698,1.0
2196,,,1.0,,615.5458,1.0
2197,,0.7876863,1.0,0.85729843,550.4203,1.0
2198,,0.7244835,,0.87336576,931.2796,1.0
2199,,0.8021342,,0.8458445,975.7622,1.0
2200,1.0,0.8582016,1.0,0.87151265,766.5607,1.0
2201,,0.4757828,,0.70803857,4741.9365,1.0
2202,,0.7871371,1.0,0.81761754,4350.159,1.0
2203,,0.19574934,0.0,0.4307805,386.8308,1.0
2204,,0.15590239,,0.3940871,436.5609,1.0
2205,,0.26165396,,0.46968463,488.82986,1.0
2206,,0.2692557,,0.5691853,609.39844,1.0
2207,,0.10586748,1.0,0.3274973,572.8288,1.0
2208,0.0,0.28635633,0.0,0.5685,698.3379,1.0
2209,,0.26448268,,0.5672563,474.00284,1.0
2210,,0.12528718,1.0,0.3607872,610.5738,1.0
2211,0.0,0.11405903,0.0,0.37011278,718.76636,1.0
2212,,0.121279284,1.0,0.42711353,662.82043,1.0
2213,,0.3052344,,0.560155,16575.877,1.0
2214,,0.13809012,,0.41999352,196.16295,1.0
2215,,0.32028002,,0.6166574,201.30568,1.0
2216,,0.14922838,,0.43281046,204.61539,1.0
2217,,0.3057822,,0.60739446,171.62157,1.0
2218,,0.058151722,,0.27176836,299.44272,1.0
2219,,0.11442353,,0.27130345,312.8062,1.0
2220,,0.107275225,,0.2665616,311.3008,1.0
2221,,0.026495721,,0.18758671,298.94846,1.0
2222,,0.18413244,,0.35823888,342.4858,1.0
2223,,0.105623975,1.0,0.45906457,289.78568,1.0
2224,,0.29970554,,0.5067534,658.65497,1.0
2225,,0.22792538,,0.5634956,611.3564,1.0
2226,,0.34236038,,0.6093599,494.8175,1.0
2227,,0.3184956,1.0,0.61553407,545.2643,1.0
2228,,0.13238975,0.0,0.36060065,511.5102,1.0
2229,,0.4376188,1.0,0.7109745,514.5217,1.0
2230,,0.3596598,,0.66181254,503.30078,1.0
2231,,0.21276341,,0.49493358,427.28015,1.0
2232,,0.12748392,,0.3873374,1146.521,1.0
2233,,0.26747128,,0.53185993,317.85022,1.0
2234,,0.25698447,1.0,0.5259576,255.5513,1.0
2235,,0.10462854,0.0,0.31529644,279.8714,1.0
2236,,0.12807707,,0.3880684,305.3674,1.0
2237,,0.09556927,,0.30548534,366.6475,1.0
2238,,0.28831506,,0.5467955,297.35992,1.0
2239,,0.15012719,,0.3362079,350.39844,1.0
2240,,0.11758261,,0.27333298,14963.045,1.0
2241,,0.48170844,,0.74119043,342.51337,1.0
2242,,0.3862003,,0.67940474,317.38034,1.0
2243,,0.15199482,,0.34047505,253.36528,1.0
2244,,0.36817548,,0.58861166,207.5374,1.0
2245,,0.121430665,,0.31173992,612.79694,1.0
2246,,0.21238276,1.0,0.4448903,702.8452,1.0
2247,1.0,0.17956485,1.0,0.4598792,525.0358,1.0
2248,1.0,0.31148547,1.0,0.5890172,745.5947,1.0
2249,,0.06415301,,0.22296599,406.25525,1.0
2250,,0.11156515,1.0,0.43296376,475.34827,1.0
2251,,0.0689741,,0.22746892,446.91418,1.0
2252,,0.04673978,,0.17425914,13280.592,1.0
2253,,0.53219664,,0.788488,354.68408,1.0
2254,,0.3035842,,0.50883716,194.15097,1.0
2255,,0.3461863,,0.61669105,346.5543,1.0
2256,,0.10831236,,0.36230266,435.82828,1.0
2257,,,,,451.34454,1.0
2258,,0.08270024,,0.37700924,514.80725,1.0
2259,,0.55109745,1.0,0.7121682,519.0148,1.0
2260,,0.32236162,1.0,0.594204,355.35837,1.0
2261,,,,,457.78857,1.0
2262,,0.42259905,1.0,0.69483984,368.30032,1.0
2263,,0.14762525,1.0,0.4779342,432.97363,1.0
2264,,0.34398553,1.0,0.61324793,503.1058,1.0
2265,,0.375431,,0.694484,491.11267,1.0
2266,,0.39603916,,0.72601455,372.10593,1.0
2267,,0.36146486,,0.6264906,619.08673,1.0
2268,,0.30623397,1.0,0.6568205,357.85385,1.0
2269,,0.061767902,,0.28923705,497.5553,1.0
2270,,0.3565639,1.0,0.6197443,269.43604,1.0
2271,,0.13570443,,0.42023778,573.97394,1.0
2272,,0.42902347,,0.6258808,471.4535,1.0
2273,,0.17913714,,0.38667297,138.57089,1.0
2274,0.0,0.3310009,0.0,0.53390115,384.38913,1.0
2275,,0.19891314,,0.50847656,8717.731,1.0
2276,,0.19916593,,0.49918997,129.4796,1.0
2277,,0.3471732,,0.51824355,149.25633,1.0
2278,,0.36342868,,0.6425512,236.02203,1.0
2279,,0.34999102,,0.59369177,270.73456,1.0
2280,,0.30397218,,0.6062155,1077.6133,1.0
2281,,0.24957803,1.0,0.5249238,1176.2443,1.0
2282,,0.5382781,1.0,0.7671655,775.01996,1.0
2283,0.0,0.2947854,0.0,0.5512831,1132.0441,1.0
2284,,0.050651696,,0.38503247,946.8065,1.0
2285,,0.2740627,1.0,0.57346433,933.17615,1.0
2286,,0.037672453,,0.15999188,8301.154,1.0
2287,,0.5247685,,0.7675101,671.8823,1.0
2288,,0.6180418,,0.7043878,552.859,1.0
2289,,0.51987773,,0.75890964,617.95447,1.0
2290,,0.08445819,1.0,0.37890264,969.3326,1.0
2291,,0.28435525,0.0,0.4138401,383.91412,1.0
2292,,0.047573313,1.0,0.4065259,711.8864,1.0
2293,,0.24691543,,0.5831332,762.0126,1.0
2294,,0.6135198,1.0,0.7001083,802.9299,1.0
2295,,0.134798,,0.27574998,16910.758,1.0
2296,,0.10076217,,0.41074523,1625.3037,1.0
2297,,0.33805397,,0.62760675,1915.3488,1.0
2298,,0.28213665,1.0,0.5649266,638.863,1.0
2299,0.0,0.41714683,0.0,0.6987641,617.6373,1.0
2300,,0.5397158,,0.59572804,581.8788,1.0
2301,,0.07703193,1.0,0.23076682,538.9233,1.0
2302,,0.21176597,1.0,0.5488181,522.2786,1.0
2303,,0.14947532,1.0,0.35171133,386.94327,1.0
2304,,,1.0,,471.60144,1.0
2305,,,1.0,,348.35648,1.0
2306,,0.48377463,,0.7370246,5038.534,1.0
2307,,0.055066667,,0.271968,7298.0103,1.0
2308,,0.5508758,,0.770926,1910.4716,1.0
2309,,0.32414618,1.0,0.8350357,904.55975,1.0
2310,,0.06501885,,0.29225475,2188.526,1.0
2311,,0.029506199,,0.30126104,808.38025,1.0
2312,,0.27410743,,0.5546151,755.9304,1.0
2313,,0.40208375,1.0,0.6798345,683.03485,1.0
2314,,0.41944146,,0.6532448,932.53784,1.0
2315,,0.4722001,1.0,0.640935,485.9721,1.0
2316,,0.2995765,,0.5381502,1129.2648,1.0
2317,,0.6011737,,0.80198675,1327.4663,1.0
2318,,0.3630622,,0.6294447,1901.5792,1.0
2319,,0.27151787,,0.47971666,995.35785,1.0
2320,,0.65066934,1.0,0.7742502,492.73337,1.0
2321,1.0,0.32902363,1.0,0.6000596,902.4993,1.0
2322,,0.2705656,1.0,0.58761555,589.4063,1.0
2323,,0.19804022,0.0,0.5341383,556.3065,1.0
2324,,0.4639636,1.0,0.7074753,607.2477,1.0
2325,0.0,0.3375322,0.0,0.6076139,922.5761,1.0
2326,,0.67118126,,0.37288123,8805.155,1.0
2327,,,,,373.9495,1.0
2328,,,,,326.7187,
2329,,,,,326.976,1.0
2330,,0.011554759,,0.17681453,332.02927,1.0
2331,,0.13878089,,0.41290784,320.34247,1.0
2332,,,,,484.05396,1.0
2333,,0.2376423,,0.49161124,522.8236,1.0
2334,,0.079067424,1.0,0.41088194,499.3545,1.0
2335,,0.3542334,1.0,0.6162723,415.31735,1.0
2336,,,,,488.44168,1.0
2337,,,,,573.95105,1.0
2338,,0.06463211,,0.3442034,915.4091,1.0
2339,,0.048816677,,0.28215683,1210.3192,1.0
2340,,0.07057309,,0.35535893,1211.4952,1.0
2341,,,,,714.7756,1.0
2342,,0.22989886,1.0,0.5188285,653.5948,1.0
2343,,0.062380865,,0.29477647,584.24713,1.0
2344,,0.10515081,0.0,0.38888702,558.06586,1.0
2345,,0.029450558,0.0,0.3267463,462.13806,1.0
2346,1.0,0.25680906,1.0,0.5645105,645.72296,1.0
2347,,0.21189079,,0.5325401,2829.4268,1.0
2348,,0.11972073,,0.247562,1342.055,1.0
2349,,0.21702272,,0.4937571,1471.7288,1.0
2350,,0.060769346,0.0,0.45226654,663.3725,1.0
2351,,,0.0,,914.4517,1.0
2352,,0.034243472,,0.42748207,1364.3467,1.0
2353,,0.07140849,1.0,0.5185957,1520.956,1.0
2354,,0.097904295,1.0,0.6044696,620.32874,1.0
2355,,0.08871669,1.0,0.6706242,1351.3406,5.0
2356,0.0,0.11853124,0.0,0.6022081,1071.5826,1.0
2357,0.0,0.07277271,0.0,0.47302467,1230.6099,1.0
2358,,0.016988266,,0.13304907,2522.1282,1.0
2359,,0.026722873,,0.28309652,2513.9,1.0
2360,1.0,0.030730845,1.0,0.33030054,696.4691,1.0
2361,,0.0735523,,0.5670484,544.66425,1.0
2362,,0.14383015,,0.45363623,202.3522,1.0
2363,,0.12349056,,0.6010071,624.2002,1.0
2364,,,,,682.8392,1.0
2365,0.0,0.056308433,0.0,0.5517161,1080.391,1.0
2366,0.0,0.08596352,0.0,0.5516048,1286.8612,1.0
2367,,,,,1015.86017,1.0
2368,1.0,0.17931212,1.0,0.7073982,959.03076,1.0
2369,,,,,610.69275,1.0
2370,1.0,0.34895682,1.0,0.8471952,1168.195,1.0
2371,,0.041180037,1.0,0.45418614,5229.8926,1.0
2372,,0.19702683,,0.6768923,536.5099,1.0
2373,,0.084807344,,0.77363116,264.9622,1.0
2374,,0.08059505,,0.48538014,531.49396,1.0
2375,,0.11222963,,0.5103113,489.8425,1.0
2376,0.0,0.020532325,0.0,0.17215286,1157.0449,1.0
2377,0.0,0.03565541,0.0,0.3256185,1625.0096,1.0
2378,1.0,0.12950622,1.0,0.6415107,869.62897,1.0
2379,,,,,1451.6438,1.0
2380,0.0,0.10184361,0.0,0.42101517,1098.9951,1.0
2381,0.0,0.09209548,0.0,0.43976042,1175.5574,1.0
2382,,0.10355414,,0.5485552,1010.5335,1.0
2383,,0.04821716,0.0,0.27201816,2315.7131,1.0
2384,,0.7423004,,0.8378355,757.46405,1.0
2385,,0.3460163,,0.6709136,630.13794,1.0
2386,,0.7119921,,0.8564564,526.0348,1.0
2387,,0.08372187,,0.42358872,701.10455,1.0
2388,,0.67436683,,0.8055415,237.06978,1.0
2389,,0.8170922,,0.92549807,223.04341,1.0
2390,,0.5756496,,0.77499384,172.9137,1.0
2391,,0.6993899,1.0,0.93602383,127.46263,1.0
2392,,0.74690145,1.0,0.8566563,118.57742,1.0
2393,,0.182375,,0.47377208,354.5748,1.0
2394,,0.6377909,,0.8395956,6431.628,1.0
2395,,0.66410214,,0.85469854,180.34482,1.0
2396,,0.33123416,,0.8364294,96.72379,1.0
2397,,0.38785267,,0.70167917,387.82938,1.0
2398,,0.69394,,0.84288555,439.70877,1.0
2399,,0.8402459,1.0,0.8763959,331.40057,1.0
2400,,0.74338937,,0.82269496,276.78088,1.0
2401,,0.57580775,,0.7700317,276.64075,1.0
2402,,0.7108197,1.0,0.6955679,127.82185,1.0
2403,,0.73291606,,0.8969669,209.70358,1.0
2404,,0.5379596,1.0,0.75197846,344.62366,1.0
2405,,0.80885905,,0.8460456,65.88366,1.0
2406,,0.47184902,,0.681553,5270.5464,1.0
2407,,0.4305637,,0.69108725,1336.6924,1.0
2408,,0.3560176,,0.55980843,281.81805,1.0
2409,,0.54288995,,0.6723422,274.6861,1.0
2410,,0.5460284,1.0,0.7509863,232.24855,1.0
2411,,0.728345,,0.6691521,189.22882,1.0
2412,,0.32483536,,0.63459367,385.57236,1.0
2413,,0.77642584,,0.9202508,354.81467,1.0
2414,,0.3458835,,0.64036065,399.66544,1.0
2415,,0.28791603,,0.6097967,295.22324,1.0
2416,,0.28089964,,0.6048075,339.4508,1.0
2417,,0.39769506,,0.6773591,185.34251,1.0
2418,,0.766197,,0.8801644,306.8419,1.0
2419,,0.40143108,,0.6763784,252.52583,1.0
2420,,0.56423295,1.0,0.67607826,313.41806,1.0
2421,,0.24414812,,0.6916343,952.78394,1.0
2422,,,,,1703.354,1.0
2423,,,,,348.103,1.0
2424,,,,,1018.18866,1.0
2425,,,,,895.0292,1.0
2426,,,,,1229.884,1.0
2427,,0.04305995,,0.40874305,9207.116,1.0
2428,,0.15665841,1.0,0.65552557,5743.0703,1.0
2429,,0.45084354,,0.8782071,566.55536,1.0
2430,,0.39059561,,0.76193845,743.1646,1.0
2431,,0.22356461,,0.65319526,4475.63,1.0
2432,,,,,21333.81,1.0
2433,,,,,261.99475,1.0
2434,,0.4019969,,0.82579315,356.40634,1.0
2435,,0.43674582,,0.8844977,239.54756,1.0
2436,1.0,0.45846745,1.0,0.8401835,891.09735,1.0
2437,0.0,0.23864205,0.0,0.6570617,958.62805,1.0
2438,1.0,0.09847102,1.0,0.5539621,1130.1714,1.0
2439,,,,,637.1699,1.0
2440,,0.3066526,1.0,0.74496615,682.01605,1.0
2441,,,,,963.2089,1.0
2442,,0.345281,1.0,0.7559544,1056.075,1.0
2443,,0.27277666,1.0,0.76847214,16458.133,1.0
2444,,,,,1794.717,2.0
2445,,,,,1641.6483,2.0
2446,,0.40269747,,0.16165777,2157.667,2.0
2447,,,,,775.4479,2.0
2448,,0.48381537,1.0,0.56422114,308.07632,2.0
2449,1.0,0.6556286,1.0,0.366034,422.37582,2.0
2450,1.0,0.17170706,1.0,0.07615396,401.77448,2.0
2451,,,,,346.1389,2.0
2452,1.0,0.5993607,1.0,0.48791024,597.453,2.0
2453,,0.39642182,,0.2033073,524.2888,2.0
2454,,0.1883158,,0.22843,655.0594,2.0
2455,,,,,1342.2227,2.0
2456,,0.65963787,,0.45384938,1794.6964,2.0
2457,,,,,1751.4353,2.0
2458,,0.68318504,1.0,0.5424954,805.333,2.0
2459,,0.5535205,,0.1592967,844.1096,2.0
2460,,0.40751007,1.0,0.3003208,653.1508,2.0
2461,,0.3503035,,0.22326943,558.04675,2.0
2462,,0.6769922,1.0,0.33516923,710.7046,2.0
2463,,,,,582.7242,2.0
2464,,,,,295.39392,2.0
2465,,,,,6045.3267,2.0
2466,,0.34468332,,0.23861268,4171.7627,2.0
2467,,0.3869523,,0.52020776,3915.732,2.0
2468,,0.53361756,,0.042613972,653.4297,2.0
2469,,0.49298754,1.0,0.4360711,853.9743,2.0
2470,,0.40514502,1.0,0.617169,316.13644,2.0
2471,,0.69519407,1.0,0.2240843,791.03046,2.0
2472,,,,,738.8205,2.0
2473,,0.28529704,,0.27061695,1007.7709,2.0
2474,0.0,0.27626255,0.0,0.41684282,697.6668,2.0
2475,1.0,0.5557803,1.0,0.1964609,859.7502,2.0
2476,,0.1973911,0.0,0.13650519,11858.615,2.0
2477,,0.5835419,,0.54422975,2485.02,2.0
2478,,0.15805705,,0.2479314,975.79083,2.0
2479,,0.26062936,,0.050970405,1360.9508,2.0
2480,,0.27761987,,0.13269414,1393.0815,2.0
2481,,,,,724.3073,2.0
2482,,0.5381663,,0.112418905,957.4409,2.0
2483,,0.43317294,,0.08767869,1023.4508,2.0
2484,,0.7296118,,0.27685642,776.7408,2.0
2485,,0.5856477,,0.6458395,611.99445,2.0
2486,0.0,0.47009942,0.0,0.15997387,734.45056,2.0
2487,,0.28681895,,0.055645794,799.7826,2.0
2488,,,,,9605.504,2.0
2489,,0.5456605,,0.59810203,2455.1956,2.0
2490,,0.22545712,,0.2849736,2477.1267,2.0
2491,,0.52444994,,0.6321225,1988.9016,2.0
2492,,0.34150252,,0.4338788,1371.3123,2.0
2493,,,,,1093.7269,2.0
2494,,0.29097334,,0.5097823,825.23615,2.0
2495,1.0,0.3801011,1.0,0.5051273,528.75037,2.0
2496,,0.2020849,1.0,0.2423628,1059.5396,2.0
2497,,0.2294152,,0.33893338,839.1933,2.0
2498,,0.45860425,,0.27787498,735.42487,2.0
2499,,,,,866.8032,2.0
2500,,0.20902266,1.0,0.43856886,5145.5044,2.0
2501,,0.33116245,,0.830106,2297.9543,2.0
2502,,,,,3717.7256,2.0
2503,,,,,2900.7214,2.0
2504,,,,,2569.8638,2.0
2505,,,,,496.0991,2.0
2506,,0.40653282,1.0,0.5936699,997.5726,2.0
2507,,0.56307197,,0.23490863,938.69934,2.0
2508,,,,,1177.7708,2.0
2509,,,,,825.7096,2.0
2510,,,,,1025.3701,2.0
2511,,,,,298.2067,2.0
2512,,,,,5558.4434,2.0
2513,1.0,0.17504928,1.0,0.74368477,2066.4517,2.0
2514,,,,,1916.5629,2.0
2515,,0.32647377,,0.33515707,2198.3552,2.0
2516,,,,,2158.5027,2.0
2517,,0.49248463,1.0,0.44936123,697.8479,2.0
2518,,0.42548507,1.0,0.60043746,1068.1882,2.0
2519,,,,,748.4849,2.0
2520,,0.29413423,1.0,0.282697,1264.9325,2.0
2521,1.0,0.5369459,1.0,0.5865807,935.4662,2.0
2522,1.0,,1.0,,1146.6589,2.0
2523,1.0,0.46675274,1.0,0.54237515,931.67523,2.0
2524,,0.44092724,,0.2546347,7463.7656,2.0
2525,,,,,1620.3862,2.0
2526,,0.87177414,,0.7678055,1953.7206,2.0
2527,,0.7912578,,0.72578186,1986.3696,2.0
2528,,0.75344044,,0.6839938,1448.7429,2.0
2529,,,,,2161.2007,2.0
2530,,,,,1782.4205,2.0
2531,,,,,1160.4802,2.0
2532,,0.74600554,1.0,0.59673005,1725.5804,2.0
2533,,,,,1435.0353,2.0
2534,,,1.0,,1314.546,4.0
2535,,0.8154055,,0.73510116,644.4264,2.0
2536,,0.7170663,,0.44688565,3139.4766,2.0
2537,,0.6380146,,0.28841513,4736.118,2.0
2538,,0.5580041,1.0,0.49730417,752.8047,2.0
2539,,,1.0,,768.86664,2.0
2540,,0.3754822,0.0,0.46620438,1028.5266,2.0
2541,,0.33887166,1.0,0.56743354,1619.4482,2.0
2542,,0.50094754,,0.35197163,986.15924,2.0
2543,1.0,0.746661,1.0,0.68801105,520.3192,2.0
2544,,0.5056482,1.0,0.7819719,933.0994,2.0
2545,,0.6854365,,0.45657316,1484.5573,2.0
2546,,0.9011888,,0.48189962,1950.6927,2.0
2547,,,,,2794.0803,2.0
2548,,0.82259107,,0.64376163,1159.8185,2.0
2549,,0.7295534,,0.55008686,1750.7944,2.0
2550,,,,,898.33014,2.0
2551,,0.74449444,1.0,0.6902147,1838.8663,2.0
2552,0.0,0.71738786,0.0,0.65639216,638.74603,2.0
2553,,0.6207029,1.0,0.47824717,1118.75,2.0
2554,,0.67990613,0.0,0.5890871,1328.0674,2.0
2555,,0.7878133,1.0,0.7574545,1444.4979,2.0
2556,,0.8087789,1.0,0.7491226,1356.7317,2.0
2557,0.0,0.55059254,0.0,0.40389198,1154.8938,2.0
2558,,0.51665914,1.0,0.5936814,982.7547,2.0
2559,,0.79554874,,0.23895854,8951.062,2.0
2560,,0.73498833,,0.51087075,1355.7814,2.0
2561,,,,,1368.053,2.0
2562,,0.763828,,0.7064776,1818.8259,2.0
2563,,0.7117103,,0.6516931,1538.4404,2.0
2564,,0.749259,1.0,0.7502135,993.65656,2.0
2565,1.0,0.76723075,1.0,0.65888023,654.55597,2.0
2566,0.0,0.6913756,0.0,0.57313806,708.31995,2.0
2567,,0.7785659,0.0,0.6408766,728.1543,2.0
2568,,0.7177165,,0.6574511,1076.8707,2.0
2569,,,,,1140.1312,2.0
2570,,,,,4531.2134,2.0
2571,,0.8036947,,0.6684954,884.08575,2.0
2572,,,,,624.7033,2.0
2573,,,,,755.712,2.0
2574,,,,,807.0953,2.0
2575,,0.8583914,,0.5626233,912.5302,2.0
2576,,0.77173305,0.0,0.71246886,1216.9003,2.0
2577,,,,,622.92914,2.0
2578,,,,,1119.0536,2.0
2579,,0.7205978,,0.29286996,1065.4171,2.0
2580,,0.6260137,,0.2123792,1260.2369,2.0
2581,,,,,418.21518,2.0
2582,,,,,8715.686,2.0
2583,,0.4548053,,0.6308412,697.05524,2.0
2584,,0.50174546,,0.7844132,937.2129,2.0
2585,,0.57371026,,0.890909,767.13824,2.0
2586,,0.4552528,,0.75198454,965.8837,2.0
2587,,,,,520.51984,2.0
2588,,0.43594718,,0.6592875,391.56042,2.0
2589,,0.29198733,1.0,0.6056029,488.19604,2.0
2590,,0.36604136,1.0,0.6467316,523.9455,2.0
2591,,0.39392874,1.0,0.7168982,606.7711,2.0
2592,,,1.0,,459.1395,2.0
2593,,0.38887516,1.0,0.6984898,462.82538,2.0
2594,,,,,20730.41,2.0
2595,,,,,937.628,2.0
2596,,0.5374946,,0.6012881,1011.45294,2.0
2597,,0.5327558,,0.7343823,628.41064,2.0
2598,,,,,1138.1652,2.0
2599,1.0,0.36099884,1.0,0.5527896,451.35397,2.0
2600,,,,,509.70792,2.0
2601,,0.56422687,0.0,0.7895724,357.54642,2.0
2602,,0.41743016,,0.5652993,461.78683,2.0
2603,0.0,0.42146203,0.0,0.57482177,594.2142,2.0
2604,,0.52300256,1.0,0.79997873,355.90182,2.0
2605,,,,,18322.244,2.0
2606,,0.52080864,,0.82416856,743.1681,2.0
2607,,,0.0,,1354.8417,2.0
2608,,0.5161763,,0.7955105,956.9923,2.0
2609,,0.48008484,0.0,0.68973356,813.3604,2.0
2610,,0.31991026,,0.667218,504.5409,2.0
2611,,0.458845,1.0,0.7063037,724.89014,2.0
2612,,0.6623005,1.0,0.8744777,480.24042,2.0
2613,,0.5051647,1.0,0.78610027,735.23663,2.0
2614,,,,,653.2073,2.0
2615,,0.29499403,0.0,0.6158775,806.28906,2.0
2616,,0.52394557,1.0,0.7139757,689.40796,2.0
2617,,0.3995783,,0.56440115,17116.107,2.0
2618,1.0,0.42509785,1.0,0.71971446,716.54333,2.0
2619,,,,,1357.4421,2.0
2620,,0.44738275,,0.8617469,677.54175,2.0
2621,,,,,672.9298,2.0
2622,,0.3346033,1.0,0.64711726,772.91504,2.0
2623,1.0,0.29329398,1.0,0.4387088,2174.1523,2.0
2624,,0.48657736,1.0,0.6221602,1649.0115,2.0
2625,,0.48456973,1.0,0.81059045,864.4597,2.0
2626,0.0,0.31356296,0.0,0.47948268,1796.137,2.0
2627,,,,,1404.4144,2.0
2628,,0.15907009,,0.46627077,14926.588,2.0
2629,,0.44383532,0.0,0.6759563,1373.7395,2.0
2630,,0.25828233,,0.590881,1551.1881,3.0
2631,,,,,498.88504,2.0
2632,,0.42111263,0.0,0.6631632,212.3483,2.0
2633,,,,,424.2911,2.0
2634,,,,,593.23944,2.0
2635,,0.23075022,1.0,0.6027676,490.3138,2.0
2636,0.0,0.22973259,0.0,0.69632095,717.98114,2.0
2637,,0.6384928,,0.8433658,513.41077,2.0
2638,,0.3464592,,0.5898695,852.9647,2.0
2639,,0.29097828,,0.42992762,37004.957,2.0
2640,,0.506667,,0.8040811,629.1408,2.0
2641,,0.26560533,,0.5219206,435.8779,2.0
2642,,0.5205545,,0.71138304,701.53174,2.0
2643,,,,,276.0585,2.0
2644,,,1.0,,105.290016,2.0
2645,,,,,257.47238,2.0
2646,,0.20862314,,0.6082693,303.2757,2.0
2647,,,,,350.49265,2.0
2648,0.0,0.50037193,0.0,0.49922222,331.32388,2.0
2649,,0.3988345,,0.563095,375.20294,2.0
2650,,,,,60747.797,2.0
2651,,0.41565412,,0.5610802,2267.4734,2.0
2652,,0.55181533,,0.7856145,1735.4175,2.0
2653,,,,,1521.0413,2.0
2654,,0.52027375,0.0,0.6145665,2125.6655,2.0
2655,,0.42403287,1.0,0.5851419,1217.8667,2.0
2656,,0.25804305,1.0,0.47132224,1516.3113,2.0
2657,,0.44517362,1.0,0.6290631,1955.409,2.0
2658,,0.4490466,1.0,0.69347024,2103.5554,2.0
2659,,0.45502424,1.0,0.69373745,2102.2104,2.0
2660,0.0,0.407468,0.0,0.5781503,1987.1758,2.0
2661,,,,,2020.4128,2.0
2662,,0.55273783,,0.74136233,20288.604,2.0
2663,,0.39943168,,0.74147606,2959.691,2.0
2664,,0.5890551,,0.81581724,2582.142,2.0
2665,0.0,0.24049988,0.0,0.55443954,833.5358,2.0
2666,,0.49281687,1.0,0.7759976,387.37173,2.0
2667,1.0,0.36603227,1.0,0.63251895,992.94495,2.0
2668,,0.5175916,1.0,0.6713067,404.2906,2.0
2669,,0.23451297,0.0,0.6177098,925.4952,2.0
2670,,0.5384578,0.0,0.7377613,649.8631,2.0
2671,1.0,0.55314523,1.0,0.78206056,762.5549,2.0
2672,0.0,0.44582394,0.0,0.63700664,949.7575,2.0
2673,,0.11478249,1.0,0.6194643,4699.4443,2.0
2674,,,,,8388.196,2.0
2675,,0.62228656,,0.73433495,942.48627,2.0
2676,,0.66307217,1.0,0.7978156,1034.9169,2.0
2677,,,,,972.2731,2.0
2678,,0.29046246,,0.42810073,1555.0343,2.0
2679,,0.15901612,,0.64200747,1017.4929,2.0
2680,,0.5776134,1.0,0.876395,763.93756,2.0
2681,,0.5877859,1.0,0.8613499,714.5575,2.0
2682,,,,,1165.4725,2.0
2683,,,,,13442.161,2.0
2684,,0.58494693,,0.80475247,1231.5326,2.0
2685,,0.42710662,,0.5880184,1434.8877,2.0
2686,,0.68733895,,0.8144159,1459.9128,2.0
2687,,0.4534478,,0.72873163,1282.1603,2.0
2688,,0.41999054,,0.4168626,1040.0038,2.0
2689,,0.693433,1.0,0.8067136,1120.5281,2.0
2690,1.0,0.12824,1.0,0.4670018,902.9896,2.0
2691,,0.10690657,1.0,0.36779174,1407.1818,2.0
2692,0.0,0.60949594,0.0,0.81739646,914.8824,2.0
2693,,,,,959.1237,2.0
2694,,0.55727947,1.0,0.7721327,9025.465,2.0
2695,,0.41125324,1.0,0.57877046,285.95728,2.0
2696,,0.48748296,,0.62361836,261.4849,2.0
2697,,0.49057615,,0.76630956,176.62068,2.0
2698,,0.26116976,,0.6348404,264.26797,2.0
2699,,,,,316.57776,2.0
2700,,0.49486887,,0.63542235,256.19745,2.0
2701,,,,,317.13867,2.0
2702,,,,,221.83806,2.0
2703,,0.38861537,,0.69765735,252.33096,2.0
2704,0.0,0.5116003,0.0,0.6938055,317.16745,2.0
2705,,,,,353.28317,2.0
2706,,,,,27689.805,2.0
2707,,,,,911.1301,2.0
2708,,0.6756458,,0.83397883,1121.5771,2.0
2709,1.0,0.49020654,1.0,0.77053994,854.2111,2.0
2710,,,,,1233.0801,2.0
2711,0.0,0.30169523,0.0,0.6381871,760.5177,2.0
2712,,,,,1304.3802,2.0
2713,,0.17374288,1.0,0.5217459,653.3762,2.0
2714,,,,,1075.5214,2.0
2715,,,,,1393.7087,2.0
2716,0.0,0.53748924,0.0,0.74828655,996.4244,2.0
2717,,0.099909514,1.0,0.44827762,1279.7031,2.0
2718,,0.59151083,1.0,0.8418289,11497.376,2.0
2719,,0.43068147,1.0,0.62012887,1404.0459,2.0
2720,,0.35552508,,0.6073333,1615.6873,2.0
2721,,0.24581817,0.0,0.44375163,371.2126,2.0
2722,,,0.0,,367.22162,2.0
2723,,,,,154.39265,2.0
2724,,,,,250.02783,2.0
2725,0.0,0.4000832,0.0,0.49984768,530.75397,2.0
2726,,0.57730716,1.0,0.6516929,393.80597,2.0
2727,,,,,669.1715,2.0
2728,,,,,407.78433,2.0
2729,,0.1717615,,0.29962724,31178.174,2.0
2730,,0.44087014,,0.6697473,577.3335,2.0
2731,,0.6344128,,0.7873219,556.5532,2.0
2732,,0.65661997,,0.8583438,514.7008,2.0
2733,,0.6187569,,0.7660801,786.9108,2.0
2734,,,,,461.25705,2.0
2735,,0.4328571,1.0,0.7316871,385.74283,2.0
2736,0.0,0.4994053,0.0,0.77189726,653.0807,2.0
2737,1.0,0.4634032,1.0,0.8087312,509.75735,2.0
2738,,0.528055,1.0,0.725654,636.334,2.0
2739,,,,,560.496,2.0
2740,,,1.0,,521.3593,2.0
2741,,0.4866466,1.0,0.7886741,6036.2827,2.0
2742,,,,,826.3837,2.0
2743,,0.5038693,,0.6781723,762.7017,2.0
2744,,0.4862342,,0.91092426,635.60425,2.0
2745,,0.61969054,,0.7535921,729.4036,2.0
2746,,0.545676,1.0,0.77565235,448.0154,2.0
2747,,0.61093503,1.0,0.8770505,509.30197,2.0
2748,,0.3087318,1.0,0.49249142,781.8155,2.0
2749,,0.28639042,,0.4196178,713.62103,2.0
2750,1.0,0.565744,1.0,0.8105231,667.372,2.0
2751,1.0,0.5809388,1.0,0.8373405,557.691,2.0
2752,,0.55205816,1.0,0.78600204,600.2989,2.0
2753,,0.25682428,,0.32260334,12104.483,2.0
2754,,0.69802743,,0.72952616,1565.124,2.0
2755,,,,,1481.0858,2.0
2756,,0.5400655,,0.751454,1630.4712,2.0
2757,,0.54012954,,0.7555722,2031.7958,2.0
2758,,0.36379808,,0.6596442,673.0176,2.0
2759,1.0,0.59095293,1.0,0.78568316,538.00287,2.0
2760,,,,,861.08936,2.0
2761,,0.6267442,1.0,0.78925097,845.383,2.0
2762,1.0,0.8056291,1.0,0.81410736,455.65268,2.0
2763,,0.140365,0.0,0.6421465,953.0171,2.0
2764,1.0,0.41437453,1.0,0.71163094,692.65125,2.0
2765,,0.07824108,,0.37238398,6157.9395,2.0
2766,,0.6530573,,0.8051521,1033.7198,2.0
2767,,0.49022505,,0.7761441,2259.8623,2.0
2768,,0.4943568,,0.7380272,1413.2385,2.0
2769,,0.25713474,0.0,0.70076,1458.8446,2.0
2770,,0.15626857,0.0,0.547614,683.07007,2.0
2771,,,,,699.51575,2.0
2772,0.0,0.40575403,0.0,0.7045335,717.21936,2.0
2773,,0.16991995,,0.4253978,682.37695,2.0
2774,,0.38728213,1.0,0.63184917,708.7306,2.0
2775,,0.24650928,,0.6395773,800.5486,2.0
2776,,0.05863689,0.0,0.5714853,793.23694,2.0
2777,,0.16376227,,0.32972792,3619.228,2.0
2778,,0.94536006,,0.89291483,2252.2532,2.0
2779,,0.6108005,,0.86284024,2959.166,2.0
2780,,,,,725.2247,2.0
2781,0.0,0.9385441,0.0,0.9648432,700.3155,2.0
2782,,,,,720.79083,2.0
2783,1.0,0.73305106,1.0,0.90383714,793.8685,2.0
2784,1.0,0.73102415,1.0,0.91605306,988.88306,2.0
2785,1.0,0.83967,1.0,0.936941,625.34766,2.0
2786,,0.903363,1.0,0.9672667,426.63376,2.0
2787,1.0,0.64363855,1.0,0.9001589,704.0141,2.0
2788,,0.376182,,0.8141572,911.5102,2.0
2789,,0.7895933,,0.9341063,991.05835,2.0
2790,,,,,2068.625,2.0
2791,,0.4522059,,0.4635204,2746.3564,2.0
2792,,0.21034946,,0.35231537,3186.9539,2.0
2793,,0.57302415,,0.77871686,2064.874,2.0
2794,,0.15761755,,0.33447683,800.74744,2.0
2795,,0.32753104,,0.33832148,393.50208,2.0
2796,,0.7084699,,0.7743727,929.32825,2.0
2797,1.0,0.2217097,1.0,0.42058194,972.545,2.0
2798,0.0,0.4699991,0.0,0.591486,1154.9696,2.0
2799,0.0,0.2901149,0.0,0.38516304,529.5748,2.0
2800,,0.12989323,0.0,0.2843042,4971.309,2.0
2801,,0.26560315,,0.37732854,1511.3053,2.0
2802,,0.49462968,,0.763779,1212.4445,2.0
2803,,0.31275043,,0.6357043,1885.0056,2.0
2804,,0.15747485,,0.4108068,567.93726,2.0
2805,,,1.0,,411.32568,2.0
2806,,0.20301695,,0.40535212,361.1298,2.0
2807,,0.37654516,,0.49740508,324.93192,2.0
2808,,,,,477.44672,2.0
2809,,,,,572.69025,2.0
2810,,,,,590.9348,2.0
2811,,,,,238.33754,2.0
2812,,,,,2938.1997,2.0
2813,,0.2040621,,0.34347758,913.98944,2.0
2814,,0.31957,,0.4618453,1268.7162,2.0
2815,,0.11196609,,0.23552763,891.6284,2.0
2816,,0.30563375,,0.797449,704.76465,2.0
2817,,0.17686714,1.0,0.31128478,851.98267,2.0
2818,,0.09059234,,0.31738093,598.47797,2.0
2819,0.0,0.1645143,0.0,0.2901499,865.24664,2.0
2820,,0.2759107,1.0,0.39267346,794.2249,2.0
2821,,0.34305888,1.0,0.532187,842.6955,2.0
2822,,0.11158591,,0.18721159,644.1981,2.0
2823,,0.56646746,1.0,0.61326844,665.87195,2.0
2824,,0.20579292,,0.3310748,3563.179,2.0
2825,,0.6875358,,0.90304303,2213.6343,2.0
2826,,,,,2234.9187,2.0
2827,,0.85626495,,0.92630243,2578.6926,2.0
2828,,0.7415726,,0.85952735,2819.0322,2.0
2829,,,1.0,,2038.1216,2.0
2830,,0.37453425,1.0,0.8121874,1269.534,2.0
2831,0.0,0.33622557,0.0,0.78763956,1118.9022,2.0
2832,0.0,0.7392146,0.0,0.8941278,1655.9661,2.0
2833,,0.680509,1.0,0.8645118,1576.3529,2.0
2834,,0.76848775,1.0,0.90349877,2494.0447,2.0
2835,,0.27323678,,0.6687608,1685.9484,2.0
2836,,0.59779686,,0.7693823,23365.9,2.0
2837,1.0,0.734929,1.0,0.44903874,598.23566,2.0
2838,,0.7991993,,0.7414867,677.57855,2.0
2839,,0.8175277,,0.7009114,477.7974,2.0
2840,,0.85847175,,0.7890998,536.58563,2.0
2841,,0.7189466,,0.64817846,338.66556,2.0
2842,,0.6913437,1.0,0.66397476,366.44577,2.0
2843,,0.65955377,1.0,0.81377053,286.33276,2.0
2844,,0.5165993,1.0,0.3214849,333.53723,2.0
2845,,0.7340416,1.0,0.52784765,518.95154,2.0
2846,1.0,0.74188036,1.0,0.552309,569.6175,2.0
2847,0.0,0.5332971,0.0,0.34700927,445.38132,2.0
2848,,0.44152987,,0.18936688,9444.92,2.0
2849,,0.5885571,,0.6394316,1924.7195,2.0
2850,,0.75044656,,0.64421976,2255.7405,2.0
2851,,0.7564499,,0.674221,2382.1016,2.0
2852,,0.7323822,,0.7540752,1767.0994,2.0
2853,,0.7660222,,0.7770962,828.9352,2.0
2854,,0.6341106,0.0,0.37743875,1224.3264,2.0
2855,,0.653087,1.0,0.46621922,625.2578,2.0
2856,1.0,0.5579363,1.0,0.5138039,791.57776,2.0
2857,,0.7870927,0.0,0.7108355,942.1052,2.0
2858,1.0,0.45353132,1.0,0.6215395,1029.5454,2.0
2859,1.0,0.8203893,1.0,0.89359003,1153.3826,2.0
2860,,0.76650786,,0.4598173,5568.0396,2.0
2861,,0.62763906,,0.6490044,3360.4211,2.0
2862,,,,,4665.8774,2.0
2863,,0.7093552,0.0,0.57717174,827.18195,2.0
2864,0.0,0.73634386,0.0,0.6919641,1124.4796,2.0
2865,,,,,939.20795,2.0
2866,,0.5551788,,0.5022596,618.7749,2.0
2867,,0.7230988,1.0,0.7588266,642.7767,2.0
2868,,0.67351794,0.0,0.69043434,919.1007,2.0
2869,,,,,635.308,2.0
2870,,0.69177127,,0.63245666,726.35315,2.0
2871,,0.83481586,,0.6947871,671.4693,2.0
2872,,0.73079866,,0.7797075,1676.9249,2.0
2873,,0.90301186,,0.879841,1591.18,2.0
2874,,,,,2498.8423,2.0
2875,,0.37349656,0.0,0.27002168,1143.1555,2.0
2876,,,,,1167.8677,2.0
2877,1.0,0.56515205,1.0,0.49372196,1063.7485,2.0
2878,,0.4202138,,0.4620503,994.24786,2.0
2879,,0.7146577,,0.7448911,1051.5635,2.0
2880,,0.3012277,0.0,0.6744456,844.66064,2.0
2881,,0.6820494,0.0,0.7162163,624.761,2.0
2882,,0.5785885,,0.65360177,3943.8064,2.0
2883,,0.42277387,,0.6669124,1305.7533,2.0
2884,,0.528594,,0.7387524,977.974,2.0
2885,,0.51300305,,0.6419137,924.04126,2.0
2886,,0.5720823,,0.62381846,1914.7064,2.0
2887,0.0,0.2314872,0.0,0.52014005,580.5534,2.0
2888,,0.17377913,0.0,0.538883,343.8657,2.0
2889,1.0,0.5948884,1.0,0.64838284,634.85205,2.0
2890,1.0,0.6831354,1.0,0.782918,555.3966,2.0
2891,,,,,297.8857,2.0
2892,1.0,0.55055887,1.0,0.7042091,621.757,2.0
2893,1.0,0.66636115,1.0,0.653858,491.51233,2.0
2894,,0.5024347,,0.6890986,1866.7223,2.0
2895,,0.7775469,,0.78462005,981.28485,2.0
2896,,0.59240943,,0.72713757,2116.913,2.0
2897,,0.82314456,,0.87785095,1219.8923,2.0
2898,,0.7627932,,0.817718,1350.3727,2.0
2899,1.0,0.5530437,1.0,0.66915226,392.33575,2.0
2900,,0.7009099,,0.75205576,283.6209,2.0
2901,1.0,0.49439454,1.0,0.6227618,414.26575,2.0
2902,,0.3851226,,0.49734664,460.88104,2.0
2903,0.0,0.8153885,0.0,0.9098269,272.5605,2.0
2904,0.0,0.5802452,0.0,0.63264793,236.25266,2.0
2905,,0.16784081,0.0,0.64210576,413.56042,2.0
2906,,,,,3817.083,2.0
2907,,0.12714233,,0.27750686,780.5415,2.0
2908,,0.54558,,0.56721276,439.47382,2.0
2909,,,,,612.3684,2.0
2910,,0.4725142,,0.33472818,590.938,2.0
2911,0.0,0.55537707,0.0,0.43780893,930.88715,2.0
2912,,0.72751987,1.0,0.73247075,735.0789,2.0
2913,,0.40865284,0.0,0.5234875,720.5,2.0
2914,,0.36911196,,0.26132426,1143.3226,2.0
2915,,,,,610.28296,2.0
2916,,,,,1127.8851,2.0
2917,,,,,1123.9303,2.0
2918,,,,,10453.726,2.0
2919,,,,,553.85736,2.0
2920,,0.67698205,,0.49233022,478.52316,2.0
2921,,0.57780474,,0.47488993,537.07904,2.0
2922,,0.7036454,,0.58619255,648.93414,2.0
2923,,0.4480677,1.0,0.37852597,473.6529,2.0
2924,,0.44081658,1.0,0.37439516,439.53983,2.0
2925,1.0,0.49242273,1.0,0.33359268,649.2108,2.0
2926,,0.82834107,1.0,0.7486017,504.90015,2.0
2927,,,,,573.51385,2.0
2928,,0.41457692,1.0,0.5323827,590.2848,2.0
2929,,0.79138464,0.0,0.28494197,200.35199,2.0
2930,,0.41802847,,0.43879622,8194.45,2.0
2931,,0.3773993,1.0,0.37390703,111.67393,2.0
2932,,0.3399903,,0.35137412,75.456604,2.0
2933,0.0,0.27049685,0.0,0.24925874,297.4318,2.0
2934,,0.3247074,,0.2972457,257.64584,2.0
2935,,0.11952556,,0.19123809,306.17358,2.0
2936,,,,,235.84499,2.0
2937,,0.46951222,1.0,0.4263851,348.2531,2.0
2938,1.0,0.73830944,1.0,0.6479287,323.8422,2.0
2939,,0.5447974,,0.46764243,325.8385,2.0
2940,1.0,0.45556134,1.0,0.33182073,341.08237,2.0
2941,,,,,171.70892,2.0
2942,,0.6350568,,0.5794198,26764.793,2.0
2943,,0.34378406,,0.3051379,145.70634,2.0
2944,,0.81925654,,0.17832693,283.20883,2.0
2945,,0.34484965,,0.30557573,172.42041,2.0
2946,,0.25736874,,0.42023352,127.36945,2.0
2947,,0.84065014,,0.7319602,263.1518,2.0
2948,,0.3376959,0.0,0.306563,456.62796,2.0
2949,,,,,465.68317,2.0
2950,,0.49955648,1.0,0.40811855,287.31955,2.0
2951,,0.39868563,,0.50189173,242.34427,2.0
2952,,0.5404669,0.0,0.53152764,351.01886,2.0
2953,,,,,399.2897,2.0
2954,,,,,28102.662,2.0
2955,,0.78341794,,0.7636334,1208.3275,2.0
2956,,,,,1145.2968,2.0
2957,,0.7123216,,0.50599164,1086.6151,2.0
2958,,,,,968.09814,2.0
2959,,,,,1029.1299,2.0
2960,1.0,0.7275876,1.0,0.44704488,1284.0798,2.0
2961,,0.87054956,1.0,0.72293115,1259.0463,2.0
2962,,,,,627.86005,2.0
2963,,0.22844021,0.0,0.20159163,640.23083,2.0
2964,,0.61434424,0.0,0.46226096,878.9542,2.0
2965,,0.2512034,,0.24062778,14334.701,2.0
2966,,0.46428353,,0.3227178,16405.006,2.0
2967,,0.5117182,,0.50023156,611.71967,2.0
2968,,,,,376.28503,2.0
2969,,0.76544166,,0.54462683,535.66046,2.0
2970,,0.85125184,,0.5857781,517.9265,2.0
2971,1.0,0.69770736,1.0,0.47824806,578.41547,2.0
2972,,0.7414492,1.0,0.62170076,489.1502,2.0
2973,,0.8473,1.0,0.43757644,364.18845,2.0
2974,,,,,492.4714,2.0
2975,,0.6088202,0.0,0.5053199,567.5526,2.0
2976,,,,,307.16406,2.0
2977,,0.8084561,1.0,0.6483725,455.1312,2.0
2978,,0.73930746,0.0,0.7265563,1920.8309,2.0
2979,,0.4305971,,0.3016775,401.877,2.0
2980,,0.13637456,,0.20167425,530.03973,2.0
2981,,0.6917145,,0.6425191,477.30548,2.0
2982,,0.14090857,,0.4129556,461.37604,2.0
2983,,0.612837,1.0,0.51313865,262.15314,2.0
2984,,0.56772566,,0.5001137,581.1646,2.0
2985,,0.60523987,0.0,0.50469935,331.3446,2.0
2986,,0.67666215,0.0,0.6060998,440.25787,2.0
2987,,,,,403.23627,2.0
2988,,0.66279674,0.0,0.4414358,386.29327,2.0
2989,,0.5996237,,0.45555955,19365.162,2.0
2990,,0.571715,,0.5728746,2227.5461,2.0
2991,,,,,1789.2961,2.0
2992,,0.48043004,1.0,0.3503082,1190.8053,2.0
2993,,0.38720864,,0.28402603,476.94928,2.0
2994,1.0,0.54480547,1.0,0.41435468,562.91846,2.0
2995,,,,,754.5708,2.0
2996,,0.6851853,1.0,0.5700421,580.7222,2.0
2997,1.0,0.41032898,1.0,0.4098232,360.52057,2.0
2998,,,,,726.8149,2.0
2999,1.0,0.6505779,1.0,0.6164536,577.24335,2.0
3000,,0.27856535,,0.43173444,3754.9424,2.0
3001,,0.7173938,1.0,0.6505237,3588.5767,2.0
3002,,0.6937568,,0.59225243,714.45306,2.0
3003,,0.7927704,,0.36196974,821.8559,2.0
3004,,0.71288496,,0.6153548,601.4778,2.0
3005,,,,,920.4604,2.0
3006,,0.5771442,1.0,0.5696642,666.138,2.0
3007,1.0,0.4397837,1.0,0.4183564,699.1616,2.0
3008,,,,,858.3632,2.0
3009,,,,,742.66986,2.0
3010,0.0,0.52508277,0.0,0.42714423,1137.0051,2.0
3011,0.0,0.66558635,0.0,0.5532891,930.49524,2.0
3012,1.0,0.82192075,1.0,0.7394076,746.6544,2.0
3013,1.0,0.5875282,1.0,0.4468215,9036.516,2.0
3014,,,,,507.76038,2.0
3015,,0.75406605,,0.6824539,628.25336,2.0
3016,,0.9069983,,0.77321947,604.5569,2.0
3017,,,,,376.25922,2.0
3018,,0.67508477,0.0,0.57001436,527.0779,2.0
3019,0.0,0.6397786,0.0,0.5317798,711.86017,2.0
3020,,0.8308212,,0.66564244,413.7778,2.0
3021,,0.8618921,1.0,0.65036416,589.2298,2.0
3022,,0.832874,1.0,0.7546959,484.33252,2.0
3023,1.0,0.80040604,1.0,0.7062175,368.77948,2.0
3024,,0.6248311,,0.4763862,662.6883,2.0
3025,0.0,0.43643722,0.0,0.33084232,5398.6685,2.0
3026,,0.73607355,,0.61590546,247.58488,2.0
3027,,0.23775999,,0.27343228,206.59378,2.0
3028,,0.439181,,0.4449896,200.54906,2.0
3029,,0.5641169,,0.41011745,321.17764,2.0
3030,,,,,515.8169,2.0
3031,,0.5620819,1.0,0.42269906,491.74316,2.0
3032,,0.7018339,1.0,0.5004554,490.52542,2.0
3033,1.0,0.5824294,1.0,0.4438749,308.11246,2.0
3034,,,,,478.58545,2.0
3035,,0.46714428,,0.38942042,716.45795,2.0
3036,,0.28690416,,0.19299749,17757.062,2.0
3037,,0.55432886,,0.42147762,703.5133,2.0
3038,,0.80613816,,0.6874159,751.8627,2.0
3039,,0.7319608,,0.68455523,871.33453,2.0
3040,,0.7772054,,0.70102817,704.2355,2.0
3041,1.0,0.7486255,1.0,0.7338911,646.12537,2.0
3042,,0.76595503,,0.68881434,418.85074,2.0
3043,,,,,611.356,2.0
3044,,0.36022732,1.0,0.26048213,743.7979,2.0
3045,1.0,0.71860504,1.0,0.599572,785.69934,2.0
3046,,0.49455312,1.0,0.5850731,531.5587,2.0
3047,,0.6499354,1.0,0.54017496,726.6018,2.0
3048,,0.26247004,,0.4322973,8031.036,2.0
3049,,0.8542729,,0.6993801,2120.6775,2.0
3050,,0.7004894,,0.621884,1955.4485,2.0
3051,,0.64198285,0.0,0.528134,568.1253,2.0
3052,,0.6178142,,0.5584581,379.5611,2.0
3053,,,,,529.6227,2.0
3054,1.0,0.7259551,1.0,0.4441841,712.2486,2.0
3055,,0.7440406,1.0,0.6735918,548.6503,2.0
3056,,,,,597.7472,2.0
3057,,0.45492238,1.0,0.3381271,408.28625,2.0
3058,,,,,284.4711,2.0
3059,,0.5829506,,0.44327658,12131.564,2.0
3060,,,,,12803.884,2.0
3061,,0.6082944,,0.45949423,1183.2289,2.0
3062,,0.7155017,,0.6320617,1203.0591,2.0
3063,,0.55882514,0.0,0.48772186,1446.5802,2.0
3064,,0.73881906,,0.5893557,1372.5238,2.0
3065,,,,,965.5121,2.0
3066,,,,,879.57355,2.0
3067,,,,,1073.9994,2.0
3068,1.0,0.7626838,1.0,0.66591066,984.3504,2.0
3069,,0.7899304,,0.71259487,759.094,2.0
3070,1.0,0.7134625,1.0,0.5688093,1147.7863,2.0
3071,1.0,0.25614882,1.0,0.19853659,1012.2322,2.0
3072,,,,,18219.904,2.0
3073,,0.67860836,,0.5782981,215.17493,2.0
3074,,0.23253518,,0.33505648,470.50955,2.0
3075,,0.9037375,,0.4213345,372.33087,2.0
3076,,0.18319455,,0.49125835,311.27094,2.0
3077,,,1.0,,760.239,2.0
3078,,0.67598766,0.0,0.50995344,652.49066,2.0
3079,0.0,0.6754973,0.0,0.5617128,695.40436,2.0
3080,0.0,0.65297663,0.0,0.5590183,860.51776,2.0
3081,,0.77807075,1.0,0.8070933,329.90466,2.0
3082,,0.4356579,,0.42010778,561.5968,2.0
3083,1.0,0.72434705,1.0,0.65647924,690.5362,2.0
3084,,,,,20069.555,2.0
3085,,0.9423666,,0.9065191,1363.0745,2.0
3086,,0.37421963,,0.5536457,1332.6354,2.0
3087,,0.9017321,,0.7217278,1477.5502,2.0
3088,,0.83775365,,0.7779793,1056.2054,2.0
3089,,0.8233839,,0.854203,354.63092,2.0
3090,,0.34130612,0.0,0.4961692,646.8198,2.0
3091,,,,,648.2022,2.0
3092,,0.62873894,,0.5935745,651.7729,2.0
3093,,0.9037825,1.0,0.8485444,329.6158,2.0
3094,0.0,0.75893867,0.0,0.62945545,501.48788,2.0
3095,,0.90821844,0.0,0.8020154,9610.393,2.0
3096,,0.8289909,,0.71481264,2795.7112,2.0
3097,,0.8811698,,0.7720252,3303.15,2.0
3098,,0.9523218,,0.9319993,2899.4902,2.0
3099,,0.70912534,,0.65663844,733.4347,2.0
3100,0.0,0.8058587,0.0,0.6934119,640.6424,2.0
3101,,0.49886432,,0.60335124,732.411,2.0
3102,0.0,0.81625295,0.0,0.7505451,920.92694,2.0
3103,,0.4349633,,0.3876971,845.11395,2.0
3104,0.0,0.9029047,0.0,0.8079412,717.8616,2.0
3105,,0.7424179,1.0,0.62148845,818.6972,2.0
3106,,0.42723307,1.0,0.42981064,6250.3374,2.0
3107,,0.9132683,,0.77657795,9402.363,2.0
3108,,0.5599773,,0.5458467,9103.7295,2.0
3109,,0.7820585,1.0,0.6788884,1206.3347,2.0
3110,,,,,1509.4213,2.0
3111,,0.5572806,0.0,0.32760942,1650.7885,2.0
3112,,0.9078519,1.0,0.8365397,1066.2365,2.0
3113,,0.8598568,1.0,0.7503959,1152.8792,2.0
3114,,0.52959526,1.0,0.44298846,1480.5604,2.0
3115,,0.9499401,1.0,0.8203388,777.4291,2.0
3116,,0.8805832,,0.6678965,694.8721,2.0
3117,,0.8424265,1.0,0.72956717,6190.7295,2.0
3118,,0.5689148,,0.5528984,6737.8853,2.0
3119,,0.3609804,,0.5061702,2330.6794,2.0
3120,,0.6405432,,0.56148857,1841.3702,2.0
3121,,,,,2771.0793,2.0
3122,,0.42277464,,0.3928112,1912.547,2.0
3123,,,,,1076.1877,2.0
3124,,0.81092876,1.0,0.59906113,1080.5481,2.0
3125,0.0,0.89428693,0.0,0.71544677,1076.2112,2.0
3126,,0.52997,0.0,0.4184562,1561.2749,2.0
3127,,0.90086955,1.0,0.3573031,379.55902,2.0
3128,,,,,912.7755,2.0
3129,,0.805608,,0.70747894,1287.6495,2.0
3130,,0.8160165,,0.6778717,1394.6234,2.0
3131,,0.87471944,,0.8905183,880.902,2.0
3132,,0.33386928,,0.4172835,2033.2277,2.0
3133,,0.85695267,1.0,0.7886105,880.5652,2.0
3134,,0.83411795,1.0,0.7847903,1224.186,2.0
3135,,0.27661625,0.0,0.47811824,893.4471,2.0
3136,,0.6980566,1.0,0.7023206,818.75604,2.0
3137,,0.74431854,1.0,0.7030246,825.01306,2.0
3138,,,,,1233.2302,2.0
3139,,,,,3945.4873,2.0
3140,,0.8916057,,0.8701712,3623.894,2.0
3141,,,,,2641.819,2.0
3142,,0.88010526,,0.79146415,2831.4075,2.0
3143,,0.8659454,,0.8544958,3004.9534,2.0
3144,,0.29096642,,0.322561,806.1245,2.0
3145,,0.57065034,1.0,0.61583304,1239.7222,2.0
3146,,0.38030493,0.0,0.4571116,1129.8177,2.0
3147,,,,,814.59174,2.0
3148,1.0,0.79714113,1.0,0.69406635,635.5511,2.0
3149,,0.7887404,,0.7084746,538.51855,2.0
3150,,0.67333007,,0.6870922,591.12756,2.0
3151,,0.22856607,,0.37731123,10137.881,2.0
3152,,0.8355267,,0.76944023,1657.3519,2.0
3153,,0.6951494,,0.6397751,1653.8296,2.0
3154,,0.8729812,,0.8514754,1264.2396,2.0
3155,,0.7756105,,0.86682665,1630.4944,2.0
3156,,,,,829.2734,2.0
3157,,0.8637841,,0.76069605,924.5961,2.0
3158,,,,,679.6519,2.0
3159,,0.807129,1.0,0.65373546,939.0583,2.0
3160,,,,,849.16705,2.0
3161,,,,,1240.2975,2.0
3162,,0.82162815,0.0,0.794225,714.1669,2.0
3163,,0.7203243,0.0,0.66106296,6046.158,2.0
3164,,0.8769373,,0.9304211,1469.0814,2.0
3165,,0.7867177,,0.8190724,561.3968,2.0
3166,,0.8655192,,0.9505596,1544.0686,2.0
3167,,0.8554032,1.0,0.9079762,102.22898,2.0
3168,0.0,0.7905835,0.0,0.8836962,75.67651,2.0
3169,,0.8060697,1.0,0.90973485,51.691635,2.0
3170,,,,,78.74042,2.0
3171,,0.8091019,1.0,0.89268464,61.13024,2.0
3172,,0.86230665,1.0,0.9756438,83.03425,2.0
3173,1.0,0.6801655,1.0,0.76180404,4007.8784,2.0
3174,,0.64597625,,0.76714,4646.7217,2.0
3175,,0.88326955,,0.91715837,3206.2576,2.0
3176,,0.60590905,,0.72489995,1092.5773,2.0
3177,,0.6288763,0.0,0.74988145,1113.2616,2.0
3178,,,,,1118.0032,2.0
3179,,,,,1133.8011,2.0
3180,,0.8577326,,0.900006,985.54144,2.0
3181,,0.6415169,,0.78162783,910.96234,2.0
3182,,0.8726163,,0.906989,557.8185,2.0
3183,,0.86097324,1.0,0.8655071,1291.5923,2.0
3184,,,,,4846.295,2.0
3185,,0.91216385,1.0,0.92389,3365.562,2.0
3186,,,,,1047.6504,2.0
3187,,0.73282963,,0.7422194,2160.0144,2.0
3188,,0.87039065,,0.9440951,1853.1567,2.0
3189,,0.7435275,,0.8805396,1853.3379,2.0
3190,,,,,221.41144,2.0
3191,,0.5286229,0.0,0.7547307,251.15358,2.0
3192,,0.5223725,0.0,0.7663966,231.47107,2.0
3193,,,1.0,,184.08047,
3194,,,,,262.37152,2.0
3195,,0.78685987,1.0,0.89149034,169.86694,2.0
3196,,0.60973406,,0.74073184,4031.179,2.0
3197,,,,,7632.767,2.0
3198,,0.061522156,,0.52571625,1535.4387,2.0
3199,1.0,0.49807286,1.0,0.822,2503.5396,2.0
3200,,0.47404364,,0.77502733,1787.9816,2.0
3201,,0.48644513,,0.7443322,997.67114,2.0
3202,0.0,0.5594286,0.0,0.8433618,484.6926,2.0
3203,,0.34140268,1.0,0.64434975,438.63342,2.0
3204,,,,,461.92624,2.0
3205,,0.1037703,0.0,0.5031913,306.79816,2.0
3206,1.0,0.34778944,1.0,0.713041,465.16458,2.0
3207,,0.3135396,,0.7088792,337.9983,2.0
3208,,0.15246502,,0.5986888,4943.284,2.0
3209,,,,,1242.8396,2.0
3210,,0.48622155,,0.45207608,1043.1729,2.0
3211,,0.746808,,0.5295936,1095.6982,2.0
3212,,0.43562335,,0.37529823,1526.2465,2.0
3213,,0.46452445,0.0,0.44045353,2265.4824,2.0
3214,,0.6911975,,0.5273167,2123.8115,2.0
3215,,0.7145434,,0.4411431,2492.7827,2.0
3216,,0.5995865,1.0,0.6220595,1079.4586,2.0
3217,,,0.0,,2730.1663,2.0
3218,,0.56076175,1.0,0.457728,963.5997,2.0
3219,,0.4393417,0.0,0.4536508,2339.6619,2.0
3220,,0.23178862,,0.23782443,41763.47,2.0
3221,,0.1972313,,0.40649295,1266.9583,2.0
3222,,,,,1315.3983,2.0
3223,,0.278515,,0.41081455,1489.4165,2.0
3224,,0.35644615,,0.33777577,922.8007,2.0
3225,,,,,1561.875,2.0
3226,,,,,1268.607,2.0
3227,,0.7313194,1.0,0.73147583,1254.4326,2.0
3228,,0.4366327,,0.41065872,1452.5021,2.0
3229,,,,,1719.3059,2.0
3230,,0.60407764,1.0,0.4843659,1135.8364,2.0
3231,,0.5837605,1.0,0.578347,1061.9211,2.0
3232,,0.19028385,,0.3740784,2112.8875,2.0
3233,,0.108866096,,0.17709415,1466.5482,2.0
3234,,0.19756815,,0.29090428,1997.1937,2.0
3235,,0.07989645,,0.13417934,1767.9761,2.0
3236,,,,,2010.1093,2.0
3237,,0.064087905,,0.19066687,2474.4705,2.0
3238,,0.6360357,0.0,0.5797405,1648.2129,2.0
3239,,0.113921,,0.22151226,2867.3347,2.0
3240,0.0,0.14320321,0.0,0.35953584,1761.5739,2.0
3241,,,,,85604.805,2.0
3242,,0.22195704,,0.28792304,1305.7145,2.0
3243,,,,,1173.1177,2.0
3244,,0.5052851,,0.5248989,1144.0729,2.0
3245,,0.2925544,,0.22535121,1252.658,2.0
3246,,0.2734271,,0.28995588,1391.5846,2.0
3247,,0.3554063,1.0,0.4069364,767.02466,2.0
3248,,0.19494317,0.0,0.23244427,1041.7032,2.0
3249,,0.28856832,,0.26038778,895.84924,2.0
3250,,,,,1146.0371,2.0
3251,,0.46293977,0.0,0.27987272,750.1111,2.0
3252,,0.15089871,,0.17368867,1440.0269,2.0
3253,,0.17066431,,0.19288841,60501.168,2.0
3254,,0.82211447,,0.60605234,1098.3524,2.0
3255,,0.26464185,,0.29495993,1669.8678,2.0
3256,,,1.0,,843.71075,2.0
3257,,0.08366899,,0.19125785,1677.2645,2.0
3258,,0.049658544,,0.14285378,1193.5253,2.0
3259,,0.2472719,1.0,0.24264444,1337.1595,2.0
3260,,0.32987764,,0.34855518,1187.5894,2.0
3261,0.0,0.37009028,0.0,0.34190983,1946.4896,2.0
3262,,,,,958.6701,2.0
3263,,0.34095362,,0.310309,1547.3907,2.0
3264,,0.26641673,0.0,0.24841744,21969.902,2.0
3265,,0.37241423,,0.33583477,32554.656,2.0
3266,,0.37465328,,0.21523635,2733.1948,2.0
3267,,0.06448582,,0.15371579,2088.53,2.0
3268,,,,,5190.0947,2.0
3269,,0.11928833,,0.13984922,3202.9368,2.0
3270,,0.2335133,1.0,0.38014287,4157.5444,2.0
3271,,0.64550805,,0.49408373,3158.7117,2.0
3272,,0.68189603,1.0,0.4095517,2963.7017,2.0
3273,,0.27963755,0.0,0.31209275,48949.14,2.0
3781,,0.7462758,,0.64508283,8133.7666,2.0
3782,,0.12331907,0.0,0.20982611,7009.173,2.0
3783,,0.846,1.0,0.7745435,5403.11,2.0
3784,,,,,5523.9214,2.0
3274,,0.71214366,,0.6732457,8557.746,2.0
3275,,0.79166776,,0.69274896,8488.716,2.0
3276,,0.781707,,0.75280774,2490.8652,2.0
3277,,0.30214548,1.0,0.35376668,4391.894,2.0
3278,,0.2856643,,0.45787933,2504.8955,2.0
3279,,0.657864,1.0,0.57802266,1301.517,2.0
3280,1.0,0.47561103,1.0,0.67684954,1302.371,2.0
3281,,0.5990288,1.0,0.384771,3012.3523,2.0
3282,1.0,0.38750547,1.0,0.3509688,3520.9324,2.0
3283,1.0,0.76533574,1.0,0.6750021,3902.225,2.0
3284,,0.037140127,,0.13169284,8378.317,2.0
3285,,0.2977543,,0.21121934,10094.689,2.0
3286,,0.2263815,,0.41636595,1664.9186,2.0
3287,,0.32008228,,0.3635889,2519.218,2.0
3288,,0.47089818,,0.51001346,2047.8335,2.0
3289,,0.6448385,,0.5858733,1192.6938,2.0
3290,,0.16269958,,0.2246216,3291.0037,2.0
3291,,0.44737548,0.0,0.38265163,2804.906,2.0
3292,,0.51527804,1.0,0.4468625,3423.9983,2.0
3293,,0.5704462,0.0,0.49771345,2280.8677,2.0
3294,,0.233914,,0.3664553,3441.475,2.0
3295,,0.38632542,0.0,0.34452868,3422.871,2.0
3296,,0.17074253,0.0,0.15341468,22970.04,2.0
3297,,0.5717345,,0.4984241,2032.201,2.0
3298,,0.48949665,,0.40918076,2326.5444,2.0
3299,,0.72306794,,0.640893,1270.1735,2.0
3300,,0.7526103,,0.70441705,1321.5977,2.0
3301,,0.32719323,1.0,0.46346548,1259.292,2.0
3302,,0.20426764,,0.35630828,1499.6387,2.0
3303,,0.5173046,1.0,0.4687769,1470.6906,2.0
3304,,0.58994585,,0.5410412,912.1117,2.0
3305,,0.70949477,,0.6321147,1512.3076,2.0
3306,,0.42952964,,0.40490502,1236.7924,2.0
3307,,0.5843844,1.0,0.50543314,1804.9712,2.0
3308,,0.79619956,,0.66021985,835.56586,2.0
3309,0.0,0.28228685,0.0,0.2565184,1204.982,2.0
3310,,0.53933537,,0.48439163,1175.756,2.0
3311,,0.362221,,0.45324966,1490.0958,2.0
3312,,0.21441776,,0.20147462,1786.561,2.0
3313,1.0,0.5801376,1.0,0.44644964,1513.1005,2.0
3314,,,1.0,,993.1028,2.0
3315,,0.062493645,,0.17850676,1836.7269,2.0
3316,1.0,0.6060557,1.0,0.43133274,2273.9531,2.0
3317,,0.71298313,0.0,0.48751822,1905.781,2.0
3318,,0.68528277,,0.5601174,1440.2882,2.0
3319,,,,,1958.0732,2.0
3320,,0.34033117,,0.31261635,29325.154,2.0
3785,,,,,1998.687,2.0
3786,,,,,4655.5137,2.0
3787,,,,,4577.231,2.0
3788,,,,,8108.238,2.0
3789,,,,,2802.0142,2.0
3790,,,,,6457.4873,2.0
3321,,0.7464335,,0.6416944,7241.1714,2.0
3322,,0.6726429,,0.6051549,4774.136,2.0
3323,,0.57049745,1.0,0.5402669,1277.335,2.0
3324,,0.65220016,0.0,0.55193,2243.2966,2.0
3325,,0.5067676,0.0,0.44197324,2232.1016,2.0
3326,0.0,0.37961662,0.0,0.34687158,2035.9624,2.0
3327,,0.44338664,,0.38015413,1921.7107,2.0
3328,0.0,0.4066327,0.0,0.35720065,2791.947,2.0
3329,0.0,0.08335609,0.0,0.36079124,1683.9733,2.0
3330,,0.67764294,0.0,0.51524925,14257.973,2.0
3331,,,,,252.33046,2.0
3332,,0.7547378,,0.70597875,293.78192,2.0
3333,,0.689135,,0.6172304,383.64566,2.0
3334,,0.4128442,,0.41627687,298.20026,2.0
3335,,0.3959816,,0.39547047,1930.7797,2.0
3336,0.0,0.3322803,0.0,0.37504777,1625.0874,2.0
3337,,0.76782006,0.0,0.6616775,1115.1041,2.0
3338,0.0,0.13748726,0.0,0.36993077,1821.931,2.0
3339,,0.106405884,,0.3305542,1906.2742,2.0
3340,,0.08181829,0.0,0.18922722,1901.6056,2.0
3341,,0.3448011,0.0,0.32864222,1195.4222,2.0
3342,,0.4220834,,0.33093473,49249.246,2.0
3343,,0.3181351,,0.3609797,1617.121,2.0
3344,,0.63373023,,0.58274794,1288.609,2.0
3345,,0.26919228,1.0,0.29702237,1692.0402,2.0
3346,,0.33557257,,0.26451895,1083.4075,2.0
3347,,0.61282206,1.0,0.5214196,2029.6669,2.0
3348,1.0,0.5502824,1.0,0.48216185,2584.3867,2.0
3349,,,,,2609.6248,2.0
3350,1.0,0.4122987,1.0,0.47602957,2295.026,2.0
3351,,,,,2255.0295,2.0
3352,,0.08086787,,0.1576456,45066.465,2.0
3353,,0.6313315,,0.8235905,812.04144,2.0
3354,,0.35594875,,0.79476315,1797.3634,2.0
3355,,0.6522958,,0.8847697,2116.8228,2.0
3356,,,,,1425.8306,2.0
3357,,,,,1698.1172,2.0
3358,0.0,0.46939045,0.0,0.77110773,1044.5746,2.0
3359,,0.5501867,1.0,0.8343509,1179.2493,2.0
3360,0.0,0.5820421,0.0,0.76973003,1300.2213,2.0
3361,,,,,469.15707,2.0
3362,,,,,1087.6195,2.0
3363,,,,,1269.4604,2.0
3364,,0.14905672,,0.5202964,4089.1082,2.0
3365,,0.6683486,,0.81949973,1506.4083,2.0
3366,,,,,1449.6075,2.0
3367,,0.33702227,,0.6370604,1561.4081,2.0
3368,0.0,0.20902978,0.0,0.7437511,704.5988,2.0
3369,,0.5954929,,0.78326166,761.8488,2.0
3370,1.0,0.43545052,1.0,0.72137916,1004.9196,2.0
3371,0.0,0.88010406,0.0,0.968915,881.55615,2.0
3372,0.0,0.51030487,0.0,0.80838346,786.59973,2.0
3373,,,,,823.22687,2.0
3374,,,,,864.43024,2.0
3375,,0.30719656,,0.7512107,2439.122,2.0
3376,,0.5252253,,0.6547334,2830.4414,2.0
3377,,0.66381025,0.0,0.6138762,658.5671,2.0
3378,,,,,1252.4038,2.0
3379,,0.43609047,0.0,0.43978396,983.4368,2.0
3380,1.0,0.8382384,1.0,0.5596445,339.56213,2.0
3381,,,,,879.296,2.0
3382,,,,,4582.601,2.0
3383,,0.794691,,0.7081378,1549.5278,2.0
3384,,0.63177913,1.0,0.6086218,2005.7545,2.0
3385,,,,,1629.5752,2.0
3386,1.0,0.8359963,1.0,0.8255247,839.17566,2.0
3387,,,,,1015.2418,2.0
3388,,,,,10483.696,2.0
3389,,0.8633912,,0.7485382,5279.915,2.0
3390,0.0,0.35552743,0.0,0.54409295,1116.887,2.0
3391,0.0,,0.0,,1226.8721,2.0
3392,,0.5064932,0.0,0.4702804,949.7395,2.0
3393,,0.15339497,,0.1294145,1350.6776,2.0
3394,,0.77536714,,0.5597841,6463.678,2.0
3395,,,,,705.9517,2.0
3396,,0.25053817,,0.5229861,1131.4468,2.0
3397,,,,,756.6833,2.0
3398,,0.6570387,,0.7291478,421.73358,2.0
3399,,,,,324.7924,2.0
3400,,0.19532847,,0.35722715,346.07278,2.0
3401,,,,,288.73874,2.0
3402,,,,,416.4905,2.0
3403,,0.5080232,0.0,0.6137921,288.66962,2.0
3404,,0.48729718,,0.49026287,326.12714,2.0
3405,,,,,1827.9904,2.0
3406,,,,,3666.6614,2.0
3407,,,,,2599.2517,2.0
3408,,,,,3111.9333,2.0
3409,,,,,680.03455,2.0
3410,1.0,0.4135233,1.0,0.5853884,1796.4807,2.0
3411,,0.8003886,,0.7792287,1389.2854,2.0
3412,1.0,0.19500643,1.0,0.41237003,1766.959,2.0
3413,,0.78846943,,0.75671613,1414.0933,2.0
3414,,0.85408366,,0.78191257,1108.9358,2.0
3415,,0.56334734,1.0,0.62694937,1267.8655,2.0
3416,,0.38590148,,0.45722273,7243.9473,2.0
3417,,,,,1041.7223,2.0
3418,,0.70425963,,0.7844844,2068.208,2.0
3419,,0.5358217,,0.7106848,2683.6182,2.0
3420,,0.71770096,,0.75411475,2413.791,2.0
3421,1.0,0.78265864,1.0,0.8368339,919.009,2.0
3422,1.0,0.34548867,1.0,0.41672465,1214.3568,2.0
3423,,0.34728664,,0.2537335,1297.2137,2.0
3424,,,,,908.6062,2.0
3425,,0.8132798,,0.8476339,1166.9788,2.0
3426,,0.5601247,1.0,0.6205575,1083.6136,2.0
3427,,,,,1227.217,2.0
3428,,0.2992978,,0.40659752,6130.451,2.0
3429,,,,,2911.9824,2.0
3430,,,,,3713.612,2.0
3431,,0.82074624,,0.5020103,3816.9668,2.0
3432,,,,,738.53577,2.0
3433,,0.5167362,,0.3203319,650.9941,2.0
3434,1.0,0.8108436,1.0,0.36778274,308.95828,2.0
3435,0.0,0.88988304,0.0,0.7562017,880.72375,2.0
3436,,0.5466867,0.0,0.3095179,924.6797,2.0
3437,,,0.0,,4330.8276,2.0
3438,,0.7433108,,0.83944225,2414.406,2.0
3439,,0.52346814,,0.7054886,2570.995,2.0
3440,,0.3116446,,0.57222766,2753.1985,2.0
3441,,0.14907637,,0.40594894,2467.3145,2.0
3442,,0.21056801,0.0,0.6567588,1646.646,2.0
3443,,0.0815394,0.0,0.40113437,1231.0393,2.0
3444,,0.3299013,0.0,0.51015574,1565.498,2.0
3445,1.0,0.3987666,1.0,0.6550996,1666.1377,2.0
3446,1.0,0.12905225,1.0,0.3816466,2074.3738,2.0
3447,1.0,0.1269252,1.0,0.41259512,1663.7747,2.0
3448,,0.50164545,1.0,0.7148868,858.60077,2.0
3449,,0.20597601,0.0,0.58826154,8166.764,2.0
3450,,0.2352189,,0.6757357,642.1989,2.0
3451,,0.9397399,,0.28140828,408.5977,2.0
3452,,0.44131368,,0.7135278,1499.4525,2.0
3453,,0.16099924,,0.5443019,1343.6763,2.0
3454,1.0,0.6172095,1.0,0.79894626,659.0983,2.0
3455,1.0,0.6212452,1.0,0.8078262,1226.2263,2.0
3456,,0.12695879,,0.6465861,1037.1279,2.0
3457,1.0,0.2727169,1.0,0.6388661,719.3566,2.0
3458,0.0,0.15618163,0.0,0.4197672,1125.2843,2.0
3459,0.0,0.045977604,0.0,0.4314925,1185.153,2.0
3460,1.0,0.57352805,1.0,0.7977659,718.0019,2.0
3461,,0.4377298,,0.45737422,2200.0012,2.0
3462,,0.6111207,,0.71293783,1893.268,2.0
3463,,0.43238235,,0.5480745,3013.9343,2.0
3464,,0.56756777,,0.6867348,1132.669,2.0
3465,,,,,1824.216,2.0
3466,,,0.0,,1612.4017,2.0
3467,,,,,1465.3104,2.0
3468,,0.4651511,0.0,0.56788653,1008.61597,2.0
3469,,,,,1340.1665,2.0
3470,,0.25130254,1.0,0.24220447,5938.895,2.0
3471,,0.8631027,,0.7880424,1056.9832,2.0
3472,,0.83853143,,0.7627725,909.2233,2.0
3473,,0.8529378,,0.7777409,1134.4395,2.0
3474,,0.8914688,,0.6925367,1239.7866,2.0
3475,,0.714198,,0.5778755,458.66846,2.0
3476,1.0,0.64048797,1.0,0.5495774,590.8506,2.0
3477,,0.6949355,,0.59969175,388.34976,2.0
3478,1.0,0.7205063,1.0,0.6495307,446.05676,2.0
3479,1.0,0.580672,1.0,0.5684461,552.98474,2.0
3480,,0.25496808,,0.20377246,514.8536,2.0
3481,1.0,0.40054834,1.0,0.44992128,443.34003,2.0
3482,,0.28522906,,0.42731196,6262.008,2.0
3483,,,,,319.57272,2.0
3484,,,,,356.84882,2.0
3485,,0.4790025,0.0,0.67190045,358.46957,2.0
3486,,0.8311284,,0.772193,346.32016,2.0
3487,,0.5731624,1.0,0.6727948,408.0265,2.0
3488,,0.22563508,0.0,0.19626002,4519.9834,2.0
3489,,0.2049579,,0.28528276,4098.943,2.0
3490,,0.26193964,,0.43616018,689.03937,2.0
3491,,0.76697516,,0.7665686,796.448,2.0
3492,,0.4421334,,0.45038635,509.65378,2.0
3493,,0.14609464,,0.21986899,924.30023,2.0
3494,,0.20797479,0.0,0.4485259,503.9371,2.0
3495,,0.3341068,0.0,0.35880512,645.1121,2.0
3496,,,,,665.12445,2.0
3497,,0.38873672,1.0,0.534601,600.3653,2.0
3498,,0.38812268,1.0,0.5182504,555.0863,2.0
3499,,0.14656919,,0.46661928,504.86526,2.0
3500,,0.15515321,,0.47626358,879.20264,2.0
3501,,0.39574823,,0.4751154,2234.8381,2.0
3502,,0.4144038,,0.28830814,3668.6208,2.0
3503,,0.04288568,,0.09592424,1183.373,2.0
3504,1.0,0.5805098,1.0,0.6840311,1403.1561,2.0
3505,,0.27298874,0.0,0.5680908,1191.2068,2.0
3506,,0.11436394,0.0,0.20691164,1179.0962,2.0
3507,,,,,4425.4937,2.0
3508,,0.4933062,,0.60863185,1393.6432,2.0
3509,,0.34916422,,0.46038583,2278.0317,2.0
3510,,0.5767614,,0.68272996,1508.4574,2.0
3511,,0.80804783,,0.80133504,1323.3346,2.0
3512,,0.1690202,0.0,0.396285,552.42114,2.0
3513,,,,,514.922,2.0
3514,,0.09250831,0.0,0.43894556,717.9694,2.0
3515,,0.07892854,0.0,0.18905222,462.54565,2.0
3516,,0.16134354,0.0,0.42794508,514.075,2.0
3517,,0.23154797,1.0,0.45877045,434.31195,2.0
3518,,0.123904236,0.0,0.26368064,6060.144,2.0
3519,,0.10962542,,0.5154968,1406.6952,2.0
3520,,0.43599522,,0.67051345,1458.9014,2.0
3521,,0.8551783,,0.9140273,1433.8839,2.0
3522,,0.54064137,,0.62652415,1058.42,2.0
3523,,0.20198485,,0.5485993,492.69394,2.0
3524,,0.19727911,0.0,0.60725576,294.07205,2.0
3525,,0.5758708,,0.7319562,414.24323,2.0
3526,,0.27964437,,0.56527674,443.90137,2.0
3527,1.0,0.52589,1.0,0.6170035,286.18222,2.0
3528,,0.3616665,0.0,0.6836499,400.86224,2.0
3529,1.0,0.7109093,1.0,0.81746656,515.4536,2.0
3530,,0.5100777,,0.65430415,1860.2178,2.0
3531,,0.5839628,,0.681761,683.5478,2.0
3532,,0.3275178,,0.621681,1334.698,2.0
3533,,0.8164563,,0.7669715,1349.6143,2.0
3534,,0.45660412,0.0,0.7012841,610.2605,2.0
3535,1.0,0.4418634,1.0,0.6343776,832.1505,2.0
3536,1.0,0.046675436,1.0,0.32166064,719.83234,2.0
3537,0.0,0.27500835,0.0,0.6007684,798.1312,2.0
3538,,0.029974885,0.0,0.31252995,669.6832,2.0
3539,,0.10403428,,0.36633804,3492.8992,2.0
3540,,,,,4794.3267,2.0
3541,,0.80205876,,0.70618415,3339.6436,2.0
3542,,,,,3736.6743,2.0
3543,,0.16285856,,0.4227009,3194.0232,2.0
3544,,,,,1408.8754,2.0
3545,,0.7053767,,0.82204735,2082.7483,2.0
3546,,,,,3734.3376,2.0
3547,,0.23177448,,0.45967904,2439.3042,2.0
3548,,,,,897.8997,2.0
3549,,0.8190302,,0.67632645,1223.1024,2.0
3550,,,,,1278.5212,2.0
3551,,0.18889888,,0.46396738,1024.5001,2.0
3552,,,,,1398.9626,2.0
3553,,0.124999925,,0.66238606,1377.6305,2.0
3554,,,,,1144.9716,2.0
3555,,,,,2517.789,2.0
3556,,0.7431893,,0.8364018,2511.5479,2.0
3557,,0.7861543,1.0,0.8767122,2386.564,2.0
3558,,0.610858,0.0,0.7787983,2197.668,2.0
3559,,0.5995798,,0.81666905,755.56464,2.0
3560,,0.4928242,0.0,0.78751117,521.6158,2.0
3561,,0.39151907,1.0,0.7208937,835.13074,2.0
3562,0.0,0.62591267,0.0,0.7828054,694.53094,2.0
3563,,0.7186396,1.0,0.84784496,595.067,2.0
3564,1.0,0.88572085,1.0,0.88524544,252.13734,2.0
3565,,0.20125507,1.0,0.62077415,2743.2527,2.0
3566,,,,,1032.7266,2.0
3567,,0.61908525,,0.80150145,2017.5576,2.0
3568,,,,,2977.052,2.0
3569,,0.7365675,1.0,0.8993248,2349.4126,2.0
3570,,,,,344.9941,2.0
3571,,0.68654305,,0.82213986,402.2848,2.0
3572,,,,,455.75656,2.0
3573,1.0,0.518912,1.0,0.81096417,445.26114,2.0
3574,,0.82002014,1.0,0.78444844,394.30334,2.0
3575,1.0,0.64795953,1.0,0.80759686,613.0085,2.0
3576,,0.83603364,,0.92735463,505.94638,2.0
3577,,0.40145054,0.0,0.6528225,6379.4014,2.0
3578,,,,,8015.147,2.0
3579,,0.6767624,,0.8115534,6659.1655,2.0
3580,,0.4485397,0.0,0.77850074,391.13928,2.0
3581,0.0,0.17539024,0.0,0.54945093,433.86536,2.0
3582,0.0,0.67122746,0.0,0.8070093,439.4254,2.0
3583,,,,,540.6036,2.0
3584,,,,,566.534,2.0
3585,,,,,496.6592,2.0
3586,,,,,464.6941,2.0
3587,,0.7112031,1.0,0.8746952,520.6147,2.0
3588,,,,,3919.9102,2.0
3589,,0.47263503,,0.5448401,4533.433,2.0
3590,,0.6672055,,0.4816264,569.58887,2.0
3591,1.0,0.94101685,1.0,0.9515241,1363.6051,2.0
3592,,0.85497683,,0.78691745,977.4634,2.0
3593,,0.6949965,,0.96269256,698.5596,2.0
3594,1.0,0.45236742,1.0,0.72790843,184.7426,2.0
3595,0.0,0.8302984,0.0,0.8941806,265.47565,2.0
3596,1.0,0.88648754,1.0,0.90863407,121.43931,2.0
3597,1.0,0.76953995,1.0,0.8968744,203.13821,2.0
3598,,0.57628614,0.0,0.82509565,80.897224,2.0
3599,1.0,0.38749826,1.0,0.75777406,195.00461,2.0
3600,,0.24366575,,0.66552424,2975.4785,2.0
3601,,0.9070936,,0.5988598,2676.4255,2.0
3602,,0.7956705,,0.43925083,3930.241,2.0
3603,,0.7917749,1.0,0.43314534,877.51544,2.0
3604,0.0,0.6935215,0.0,0.37726274,1376.5039,2.0
3605,1.0,0.8300117,1.0,0.5494052,1214.7582,2.0
3606,,,,,1041.2858,2.0
3607,1.0,0.86903703,1.0,0.49980512,1162.479,2.0
3608,0.0,0.3162955,0.0,0.15471604,1588.4023,2.0
3609,0.0,0.70182854,0.0,0.16967528,1344.3573,2.0
3610,0.0,0.8510187,0.0,0.6310393,1341.8049,2.0
3611,,0.4881581,,0.176875,10672.263,2.0
3612,,0.7926878,,0.5181263,8150.078,2.0
3613,,0.700067,,0.5326756,1933.1599,2.0
3614,,0.8107178,,0.6111365,2039.8502,2.0
3615,,0.7838056,,0.8000479,1193.5082,2.0
3616,,0.77840096,,0.61231,937.40857,2.0
3617,1.0,0.67055273,1.0,0.58054113,402.68433,2.0
3618,1.0,0.78954405,1.0,0.65304375,318.94247,2.0
3619,0.0,0.2991332,0.0,0.30379292,403.10934,2.0
3620,0.0,0.8299356,0.0,0.6993701,456.11743,2.0
3621,0.0,0.4699417,0.0,0.45050448,459.41812,2.0
3622,1.0,0.7633993,1.0,0.62018657,436.1758,2.0
3623,0.0,0.20978554,0.0,0.3830123,7435.47,2.0
3624,,0.451254,,0.36097836,3336.7266,2.0
3625,,0.57596457,,0.29414123,2834.3906,2.0
3626,,0.6957431,,0.52285725,1761.2467,2.0
3627,,0.5279127,,0.3607372,3002.9045,2.0
3628,,,,,1349.18,2.0
3629,1.0,0.7616881,1.0,0.47581047,1578.947,2.0
3630,0.0,0.53182554,0.0,0.1938453,1269.4928,2.0
3631,,,,,1371.1174,2.0
3632,0.0,0.74538904,0.0,0.33418012,1613.9884,2.0
3633,0.0,0.6219897,0.0,0.39915052,1099.1746,2.0
3634,1.0,0.76747316,1.0,0.5410793,1711.3392,2.0
3635,,0.6606237,,0.41479713,9694.832,2.0
3636,,0.8110224,,0.68674165,4017.8582,2.0
3637,,0.7846496,,0.57352424,4417.3037,2.0
3638,,,,,879.1631,2.0
3639,,0.38892093,,0.26054952,793.46027,2.0
3640,1.0,0.91041607,1.0,0.7677101,881.4839,2.0
3641,,0.7593308,1.0,0.60667336,399.33255,2.0
3642,1.0,0.47261226,1.0,0.34102425,1151.1173,2.0
3643,,0.5579035,1.0,0.44591394,8532.146,2.0
3644,,0.661874,,0.8624056,1022.0475,2.0
3645,,,,,2364.573,2.0
3646,,,1.0,,832.2884,2.0
3647,,,,,958.5322,2.0
3648,0.0,,0.0,,1168.7523,2.0
3649,0.0,0.14759396,0.0,0.67992693,839.0372,2.0
3650,1.0,0.67948055,1.0,0.8755173,937.31134,2.0
3651,,,1.0,,785.1824,2.0
3652,,,1.0,,776.4926,2.0
3653,,,,,2553.5237,2.0
3654,,0.86869204,1.0,0.85819244,1715.0483,2.0
3655,,0.45516953,,0.8023161,2694.1416,2.0
3656,,0.79366934,,0.93549615,1767.9033,2.0
3657,,0.5542819,,0.8675213,2388.4875,2.0
3658,,,,,2502.7222,2.0
3659,,0.37327194,,0.7001603,1441.7343,2.0
3660,0.0,0.24807881,0.0,0.74324185,1021.5893,2.0
3661,,,,,1305.6099,2.0
3662,,0.61659867,,0.88677526,848.46014,2.0
3663,1.0,0.5516822,1.0,0.8670276,1360.361,2.0
3664,,0.45890477,0.0,0.7696488,1377.0714,2.0
3665,,0.73919225,1.0,0.92502123,929.91565,2.0
3666,,0.08811659,,0.5694687,9685.286,2.0
3667,,0.1890457,,0.45835072,1143.9265,2.0
3668,,0.61261684,,0.24482185,978.13434,2.0
3669,,0.5329067,,0.83326244,1538.4467,2.0
3670,0.0,0.14963414,0.0,0.49354997,1285.4506,2.0
3671,,0.46541676,,0.8088209,543.1852,2.0
3672,,0.27284077,,0.7357403,1113.9388,2.0
3673,1.0,0.1264105,1.0,0.6317306,644.29034,2.0
3674,,,,,973.63715,2.0
3675,,0.34051022,1.0,0.7086802,869.1545,2.0
3676,,0.36075625,,0.6089115,13015.554,2.0
3677,,0.4870658,,0.7875995,2246.958,2.0
3678,,0.67414767,,0.9147376,1744.1144,2.0
3679,,,,,1609.9462,2.0
3680,,0.33503807,,0.7794003,1698.354,2.0
3681,,0.24093127,0.0,0.47875115,677.24316,2.0
3682,0.0,0.11666504,0.0,0.29185325,710.077,2.0
3683,,0.24022669,,0.72175294,471.8307,2.0
3684,0.0,0.1967183,0.0,0.65028363,482.76553,2.0
3685,1.0,0.30585918,1.0,0.7165715,502.5118,2.0
3686,,,,,717.9516,2.0
3687,0.0,0.15794042,0.0,0.57364094,470.1747,2.0
3688,,0.10061672,1.0,0.42572126,7388.0703,2.0
3689,,0.0642645,,0.6970654,4996.793,2.0
3690,,0.44214436,,0.8567709,3097.626,2.0
3691,,0.3289924,0.0,0.7876396,370.80737,2.0
3692,,0.21648811,,0.6886553,603.75555,2.0
3693,,0.26027408,,0.74054426,389.90186,2.0
3694,,0.43593058,1.0,0.85623825,445.4573,2.0
3695,,,,,408.10785,2.0
3696,1.0,0.5603191,1.0,0.86813056,392.37802,2.0
3697,,0.09472474,,0.61224914,431.40787,2.0
3698,,,,,388.743,2.0
3699,,0.077750996,,0.6576136,997.6355,2.0
3700,,0.22251284,,0.53995657,956.6418,2.0
3701,,0.9249561,,0.9836511,969.6538,2.0
3702,,,,,3004.451,2.0
3703,,0.9469776,,0.9349904,2808.3992,2.0
3704,,0.9422966,,0.91664004,2635.9814,2.0
3705,,0.88482094,,0.8208773,705.98224,2.0
3706,,0.87546086,,0.82468194,520.3416,2.0
3707,1.0,0.96014404,1.0,0.952678,640.07855,2.0
3708,1.0,0.96102464,1.0,0.90755206,622.2326,2.0
3709,,0.9711087,,0.82792723,272.47357,2.0
3710,,0.83317983,1.0,0.8317712,922.7219,2.0
3711,,0.8757459,1.0,0.9075904,659.69507,2.0
3712,,,,,3743.209,2.0
3713,,0.9590465,,0.8311475,1854.2583,2.0
3714,,0.8817277,,0.87263674,3789.1777,2.0
3715,1.0,0.9139535,1.0,0.8911879,901.87537,2.0
3716,0.0,0.9096864,0.0,0.83599156,568.5738,2.0
3717,,0.7961766,0.0,0.844352,542.1356,2.0
3718,,0.69572186,1.0,0.6784546,658.0211,2.0
3719,,0.6384304,0.0,0.7478486,550.68274,2.0
3720,,0.9459098,1.0,0.91845936,542.9829,2.0
3721,,0.8724532,1.0,0.86423045,538.8877,2.0
3722,,0.6005355,,0.7821805,5385.503,2.0
3723,,0.96522826,,0.87963796,2207.5747,2.0
3724,0.0,0.9135924,0.0,0.6257637,1279.752,2.0
3725,1.0,0.9839685,1.0,0.8925764,1205.6245,2.0
3726,,0.8344986,0.0,0.7588171,1101.9133,2.0
3727,,0.91332185,,0.706637,2290.513,2.0
3728,,0.9204442,,0.8350556,1605.2898,2.0
3729,,0.94784576,,0.84027755,2483.647,2.0
3730,,0.9129544,,0.7527051,2361.827,2.0
3731,,0.81253576,0.0,0.52229804,658.97925,2.0
3732,,,,,693.5416,2.0
3733,1.0,0.6773204,1.0,0.55657333,1260.2688,2.0
3734,0.0,0.8934509,0.0,0.60657007,828.5907,2.0
3735,1.0,0.8641731,1.0,0.6758072,720.5133,2.0
3736,,0.8649762,,0.5611453,983.0971,2.0
3737,,,,,706.7213,2.0
3738,,0.8414244,,0.63834244,7956.2935,2.0
3739,,0.85559654,,0.76372993,1013.0768,2.0
3740,,0.8395898,,0.71562815,691.46094,2.0
3741,,0.9280519,,0.905323,665.786,2.0
3742,,0.92408055,,0.7354629,489.93204,2.0
3743,,0.86877584,0.0,0.74199295,416.3238,2.0
3744,1.0,0.95083314,1.0,0.80901444,651.7804,2.0
3745,,0.9516964,,0.884646,498.55743,2.0
3746,,0.9502951,,0.8574059,602.50836,2.0
3747,,0.82845014,,0.5988394,497.90952,2.0
3748,0.0,0.94135714,0.0,0.795506,426.24408,2.0
3749,1.0,0.9235799,1.0,0.6980263,289.27115,2.0
3750,,0.94797707,,0.81673586,6617.8203,2.0
3751,,,,,4719.9546,2.0
3752,,0.93094766,,0.7998831,486.15994,2.0
3753,,,,,197.15837,2.0
3754,1.0,0.9537554,1.0,0.8159253,405.82312,2.0
3755,1.0,0.9395574,1.0,0.76875865,502.46606,2.0
3756,0.0,0.94553417,0.0,0.85049856,524.3579,2.0
3757,,0.9182484,0.0,0.750712,334.1002,2.0
3758,,0.87111515,,0.756714,11069.686,2.0
3759,,0.22482607,0.0,0.5157903,1833.1912,2.0
3760,,,,,1557.7926,2.0
3761,,0.38960513,,0.61062586,1941.1,2.0
3762,,0.35147357,,0.5300543,1288.1401,2.0
3763,0.0,0.49727085,0.0,0.6508604,958.2571,2.0
3764,,0.47295618,1.0,0.64256424,471.21393,2.0
3765,,0.22306818,0.0,0.44538888,629.2698,2.0
3766,,0.30453217,,0.42927876,868.3181,2.0
3767,,0.15732758,1.0,0.5095001,795.8748,2.0
3768,,0.21907908,0.0,0.3963272,10162.1875,2.0
3769,,0.22616045,,0.60739815,1398.4861,2.0
3770,,0.20698482,,0.5207418,1688.588,2.0
3771,,0.19181612,,0.5598057,2033.5278,2.0
3772,,,,,1967.2604,2.0
3773,,0.245031,1.0,0.70426685,283.02322,2.0
3774,1.0,0.30468816,1.0,0.6764901,690.6949,2.0
3775,,0.4024007,,0.68856907,522.2211,2.0
3776,,0.13776402,,0.5640615,503.3323,2.0
3777,,0.5697221,1.0,0.846813,798.3892,2.0
3778,,0.41433242,1.0,0.75951517,686.0817,2.0
3779,0.0,0.3245664,0.0,0.69263595,687.112,2.0
3780,,0.043160822,,0.255666,3782.8403,2.0
3791,,0.540046,,0.37667832,1158.5715,2.0
3792,,0.81272346,,0.651365,987.27905,2.0
3793,,0.6225,1.0,0.4616278,904.7057,2.0
3794,,0.3299354,,0.18466774,1006.07324,2.0
3795,0.0,0.1493505,0.0,0.3886434,1052.2339,2.0
3796,1.0,0.83773375,1.0,0.67484623,1165.9371,2.0
3797,,0.5256411,1.0,0.41828078,687.87787,2.0
3798,,0.10999404,0.0,0.34315854,1020.18427,2.0
3799,,0.7441694,,0.53709793,851.97107,2.0
3800,,0.788009,,0.5992799,777.71606,2.0
3801,,0.45080847,,0.33009496,702.608,2.0
3802,,0.6824729,,0.5240197,747.59924,2.0
3803,,0.7673648,0.0,0.5370416,646.0708,2.0
3804,,0.22590245,0.0,0.2232087,845.1607,2.0
3805,,0.73642254,0.0,0.5359795,1037.0,2.0
3806,,0.48786974,,0.3496641,1329.2498,2.0
3807,0.0,0.16805029,0.0,0.23799227,984.2566,2.0
3808,0.0,0.36811453,0.0,0.31615788,1256.0912,2.0
3809,,0.7689236,1.0,0.6064252,456.84634,2.0
3810,,0.55569303,1.0,0.43482757,828.49133,2.0
3811,,,,,9686.871,2.0
3812,,0.851154,0.0,0.6898611,488.45386,2.0
3813,,0.86771,,0.7728786,648.956,2.0
3814,,0.5688298,,0.37628734,876.142,2.0
3815,,0.40276608,,0.33024392,679.0661,2.0
3816,,0.1169371,,0.20594852,1549.913,2.0
3817,,0.6730892,1.0,0.41464844,902.452,2.0
3818,,0.69503474,,0.5189359,714.31445,2.0
3819,,0.5148098,0.0,0.5143072,952.0701,2.0
3820,1.0,0.5004377,1.0,0.3497539,1101.4128,2.0
3821,,0.18486206,0.0,0.23368962,740.9289,2.0
3822,,0.72524154,1.0,0.5233004,1122.5918,2.0
3823,,0.6561168,1.0,0.48033547,8100.6577,2.0
3824,,,,,437.5643,2.0
3825,,0.6293431,,0.47782865,661.1003,2.0
3826,,0.3207486,,0.39731413,484.5811,2.0
3827,,0.8422762,,0.61952925,722.214,2.0
3828,1.0,0.6771308,1.0,0.4954054,696.8522,2.0
3829,1.0,0.3907221,1.0,0.46936774,470.46988,2.0
3830,,0.7948747,,0.5770456,269.5416,2.0
3831,,0.78526133,,0.4880882,420.8965,2.0
3832,,0.6815474,1.0,0.53809845,460.67285,2.0
3833,,0.8264845,1.0,0.66275424,438.72733,2.0
3834,,0.7637064,1.0,0.56042534,612.1081,2.0
3835,1.0,0.602435,1.0,0.41069406,714.27026,2.0
3836,,0.32870635,,0.42893454,500.37436,2.0
3837,,0.7916107,,0.6533961,281.23343,2.0
3838,,0.46977603,,0.34050503,370.81223,2.0
3839,,0.6422205,,0.48558912,366.96234,2.0
3840,1.0,0.6671392,1.0,0.5009915,635.1642,2.0
3841,,,,,667.45154,2.0
3842,,0.7174983,,0.53282624,400.76575,2.0
3843,,,1.0,,775.0455,2.0
3844,,0.43656793,1.0,0.022601705,349.29913,2.0
3845,,0.5614875,,0.3715467,686.2052,2.0
3846,,0.5060191,,0.41363126,490.0905,2.0
3847,,0.49782756,,0.3547445,498.13647,2.0
3848,,0.60679924,,0.46452683,627.4311,2.0
3849,,0.666108,1.0,0.47240442,213.65881,2.0
3850,,0.71905565,,0.20627113,268.682,2.0
3851,,0.737232,1.0,0.5988263,246.1676,2.0
3852,,,,,374.9035,2.0
3853,,0.50882804,1.0,0.3913333,296.66638,2.0
3854,,0.30721828,1.0,0.4154219,340.37936,2.0
3855,,0.43052506,1.0,0.2961987,278.44644,2.0
3856,,0.29243684,0.0,0.26704,341.74973,2.0
3857,,0.47631574,1.0,0.3095033,363.9739,2.0
3858,,0.7031108,0.0,0.47559178,41936.58,2.0
3859,,0.25183314,1.0,0.26642013,203.17842,2.0
3860,,0.118602924,,0.18784261,6941.7466,2.0
3861,,0.54266787,,0.3378492,11115.136,2.0
3862,,0.11342213,,0.16220096,9361.404,2.0
3863,,,,,12496.78,2.0
3864,,0.40263557,,0.36978042,9550.096,2.0
3865,,0.48191127,0.0,0.37629566,178.62538,2.0
3866,0.0,0.6562228,0.0,0.5467611,174.4883,2.0
3867,,0.08529654,,0.16445239,176.42819,2.0
3868,,,,,204.25964,2.0
3869,,0.38543135,0.0,0.28384432,208.68439,2.0
3870,0.0,0.6617427,0.0,0.49760947,229.02797,2.0
3871,,0.28889123,,0.16903038,19035.746,2.0
3872,,0.18528847,,0.3392429,189.44826,2.0
3873,,0.24557304,,0.33875945,147.54153,2.0
3874,,0.63675565,,0.47569928,102.08096,2.0
3875,,0.39681742,,0.33281305,143.07933,2.0
3876,0.0,0.63626087,0.0,0.47158,384.22845,2.0
3877,0.0,0.43007532,0.0,0.3582693,272.37512,2.0
3878,,0.64677775,,0.4296845,529.8739,2.0
3879,,0.62183493,,0.4464219,423.71216,2.0
3880,0.0,0.22550659,0.0,0.18363467,434.0874,2.0
3881,,0.14807731,0.0,0.37387663,363.63922,2.0
3882,,0.41756666,,0.27894568,345.0196,2.0
3883,,,,,20120.95,2.0
3884,,0.38366732,,0.20521852,638.3967,2.0
3885,,0.91312426,,0.6390495,495.75314,2.0
3886,,0.8426602,,0.61702496,642.3062,2.0
3887,,0.53274906,,0.48428208,523.0782,2.0
3888,1.0,0.686523,1.0,0.57547975,432.18488,2.0
3889,,,,,570.4344,2.0
3890,,0.654636,1.0,0.47033507,560.595,2.0
3891,,0.8409584,,0.65788585,399.23807,2.0
3892,,0.47051272,,0.3408764,526.6106,2.0
3893,,0.665398,1.0,0.49240246,368.84305,2.0
3894,,0.76224226,,0.5583467,309.801,2.0
3895,,0.47813833,,0.19498864,8625.117,2.0
3896,,0.53105307,,0.41238022,347.05228,2.0
3897,,0.72721595,,0.5419679,426.79434,2.0
3898,,0.4965872,,0.35410994,752.33075,2.0
3899,,0.5676493,0.0,0.44715893,653.89056,2.0
3900,,0.81228006,,0.7332169,535.3616,2.0
3901,,0.8157014,0.0,0.6543889,548.5102,2.0
3902,,0.5853737,,0.5140663,556.24567,2.0
3903,,0.7436304,1.0,0.65195847,606.77325,2.0
3904,,0.58302885,0.0,0.45020258,802.32263,2.0
3905,,0.23456639,0.0,0.22139525,777.02014,2.0
3906,,0.8354511,,0.5530958,6956.8467,2.0
3907,,0.73651475,,0.5160978,412.95044,2.0
3908,,0.80493236,,0.6256032,431.4702,2.0
3909,,0.6180976,,0.476212,418.3861,2.0
3910,,0.5986226,,0.47610968,411.62125,2.0
3911,1.0,0.76241827,1.0,0.5204444,696.8834,2.0
3912,,0.57356286,1.0,0.4266735,834.04004,2.0
3913,,0.3374447,,0.34007573,556.25464,2.0
3914,,0.5527888,1.0,0.40858486,581.332,2.0
3915,,0.8396173,1.0,0.71878123,605.8188,2.0
3916,,,,,648.414,2.0
3917,,0.173965,,0.22636126,655.9079,2.0
3918,,0.49583435,,0.28223464,8781.712,2.0
3919,,0.26230615,,0.25965425,999.2864,2.0
3920,,0.708726,,0.49040502,1271.6991,2.0
3921,,0.66116166,1.0,0.49724692,777.4142,2.0
3922,,0.749437,,0.6151393,617.43616,2.0
3923,,0.41511837,,0.33523694,1055.2372,2.0
3924,0.0,0.10331016,0.0,0.1643861,1141.9813,2.0
3925,,0.34119877,0.0,0.32291058,648.3131,2.0
3926,,0.8277349,1.0,0.37391067,549.0578,2.0
3927,,0.7862098,1.0,0.5093285,793.74274,2.0
3928,1.0,0.77263284,1.0,0.5420506,674.1644,2.0
3929,,0.087757744,,0.18390062,5282.861,2.0
3930,,,0.0,,4515.3164,2.0
3931,,0.71098787,,0.5137491,275.46304,2.0
3932,,0.57078624,,0.44550774,190.95934,2.0
3933,,0.7952377,,0.63918936,162.1848,2.0
3934,,0.3041151,,0.31221926,207.7475,2.0
3935,,0.762036,1.0,0.5660791,395.96484,2.0
3936,,0.5617516,,0.4736758,264.37143,2.0
3937,,,,,547.8707,2.0
3938,,0.6812778,,0.52987105,416.82233,2.0
3939,,0.5255509,,0.3690675,413.73254,2.0
3940,1.0,0.19346143,1.0,0.2047845,661.46564,2.0
3941,,0.7864739,1.0,0.68160754,307.49658,2.0
3942,,0.15306884,,0.16907585,13922.592,2.0
3943,,0.457382,,0.38129446,564.119,2.0
3944,,,,,393.98206,2.0
3945,1.0,0.72491413,1.0,0.5233465,420.68076,2.0
3946,,0.7346721,1.0,0.58692366,630.17865,2.0
3947,,0.7553499,0.0,0.6116079,569.6477,2.0
3948,,0.4396616,,0.32823855,582.4788,2.0
3949,,0.27759358,1.0,0.20802766,851.8375,2.0
3950,0.0,0.23577766,0.0,0.18853486,525.57184,2.0
3951,,,,,655.24146,2.0
3952,,0.38832536,,0.28030425,796.84814,2.0
3953,,0.4487052,,0.43776166,596.0352,2.0
3954,,0.74750495,,0.61277866,516.0969,2.0
3955,,0.69349647,,0.64778143,814.98773,2.0
3956,,0.82303363,,0.5876849,898.074,2.0
3957,,0.108290546,,0.40369245,1017.8182,2.0
3958,,0.11004467,0.0,0.21789832,936.16315,2.0
3959,,0.4090514,1.0,0.5169533,1075.6409,2.0
3960,1.0,0.7825663,1.0,0.68852204,474.91458,2.0
3961,,0.3595585,1.0,0.35549816,924.9086,2.0
3962,,0.2586362,0.0,0.30914235,834.44403,2.0
3963,,,,,19755.229,2.0
3964,,0.5556688,,0.5088822,2268.1543,2.0
3965,,0.69915384,,0.5941273,1616.2513,2.0
3966,,0.60264844,,0.5325218,1335.8176,2.0
3967,,0.50994456,,0.6054901,734.79706,2.0
3968,1.0,0.3154259,1.0,0.29436332,1152.6332,2.0
3969,,0.1722072,,0.46059465,927.88727,2.0
3970,0.0,0.8484519,0.0,0.72903746,849.04565,2.0
3971,,0.43921402,1.0,0.37149915,855.3231,2.0
3972,,0.22227374,0.0,0.456409,781.1098,2.0
3973,,0.21959475,1.0,0.28857175,784.73157,2.0
3974,,0.25002,,0.42513812,6655.3135,2.0
3975,,0.42625988,,0.5815247,2039.8463,2.0
3976,,0.59983176,,0.5311855,2600.804,2.0
3977,,,,,1537.3386,2.0
3978,,0.5205608,1.0,0.399317,1257.4253,2.0
3979,,0.20460908,1.0,0.54184383,2195.424,2.0
3980,,0.7183593,1.0,0.67549306,1835.6135,2.0
3981,1.0,0.24781469,1.0,0.42382175,1277.9432,2.0
3982,,0.8663401,,0.7967755,10456.096,2.0
3983,,0.6895092,,0.7165976,1693.051,2.0
3984,,0.53466374,,0.59070414,1735.8616,2.0
3985,,0.7238235,,0.6024652,1211.734,2.0
3986,,0.70168006,,0.6776758,1569.7891,2.0
3987,,0.49477074,1.0,0.56357294,1332.2705,2.0
3988,,0.40223566,1.0,0.5381027,1567.8535,2.0
3989,,0.23085319,1.0,0.32032487,1863.5854,2.0
3990,,0.5236469,1.0,0.48345384,1507.1289,2.0
3991,,0.36064517,1.0,0.5008891,1353.4169,2.0
3992,,0.7071366,1.0,0.63188666,1776.3383,2.0
3993,,0.23669745,1.0,0.29317522,7083.4697,2.0
3994,,0.27057648,,0.58936083,1241.9176,2.0
3995,,,,,1954.4016,2.0
3996,,0.6062273,,0.719268,1775.0521,2.0
3997,,,,,2066.96,2.0
3998,,,,,1110.2578,2.0
3999,,,,,1158.4814,2.0
4000,,,,,1127.5613,2.0
4001,,,,,1579.4181,2.0
4002,,,,,1029.3885,2.0
4003,,,,,1373.493,2.0
4004,,,,,1977.9924,2.0
4005,,,,,5079.2305,2.0
4006,,0.9061377,,0.30803087,684.94635,2.0
4007,,0.8567999,,0.5960373,1569.0308,2.0
4008,,0.37425464,,0.2775757,1750.1545,2.0
4009,,0.7423024,,0.399673,1365.1791,2.0
4010,,,,,1288.4225,2.0
4011,,,,,1303.4404,2.0
4012,,0.7270254,1.0,0.34910223,1130.9573,2.0
4013,0.0,,0.0,,1093.4425,2.0
4014,0.0,0.2491167,0.0,0.28454572,1137.5579,2.0
4015,,,,,839.3858,2.0
4016,,,,,9123.217,2.0
4017,,,,,1385.3711,2.0
4018,,,,,4943.0244,2.0
4019,,,,,1950.3604,2.0
4020,,0.841772,,0.8297878,1203.9629,2.0
4021,,0.23340751,,0.5850179,1705.7382,2.0
4022,,0.47380805,,0.4462627,1640.6685,2.0
4023,,0.6982433,0.0,0.67306626,1192.6333,2.0
4024,,0.28213912,1.0,0.4228368,1175.3993,2.0
4025,,0.33495322,,0.46410176,1045.665,2.0
4026,,,,,908.32465,2.0
4027,,0.15259892,,0.28918844,1358.3303,2.0
4028,,,,,1101.6893,2.0
4029,,0.5957221,1.0,0.71046084,1087.22,2.0
4030,,0.40004417,,0.5158,5263.65,2.0
4031,,0.7985876,1.0,0.77549314,2734.1475,2.0
4032,,0.25631738,,0.3371076,3169.5396,2.0
4033,,0.83108836,,0.8337009,1047.7385,2.0
4034,,0.36187991,0.0,0.41930398,4224.2954,2.0
4035,,,,,1096.3761,2.0
4036,,0.32098758,,0.5799443,1111.9087,2.0
4037,,,,,1077.2573,2.0
4038,,,,,1442.836,2.0
4039,,0.6036965,,0.6867669,1608.9713,2.0
4040,,0.31832087,,0.48758107,1269.8159,2.0
4041,,0.29358497,,0.55401605,4454.715,2.0
4042,,0.21151124,,0.49372867,2454.4563,2.0
4043,,0.32774645,,0.49641642,2385.6907,2.0
4044,,0.7290535,,0.7624037,1817.3993,2.0
4045,,0.7385476,,0.77016956,2306.6472,2.0
4046,1.0,0.5413962,1.0,0.62215245,1216.8086,2.0
4047,,,,,1077.4088,2.0
4048,1.0,0.8201821,1.0,0.79463655,928.644,2.0
4049,0.0,0.49812946,0.0,0.6762611,1190.5634,2.0
4050,1.0,0.26894698,1.0,0.41515213,1348.4722,2.0
4051,,0.15491092,,0.44036958,5499.0933,2.0
4052,,0.8477989,,0.725056,770.72784,2.0
4053,,0.4906171,,0.3959673,997.6156,2.0
4054,,0.769408,,0.627352,1590.9783,2.0
4055,,0.91192144,,0.7421525,475.53848,2.0
4056,,0.08837788,,0.17217919,943.5371,2.0
4057,0.0,0.49091986,0.0,0.37342453,996.15894,2.0
4058,,0.64203,,0.47621235,782.70245,2.0
4059,0.0,0.39694667,0.0,0.27321193,719.8002,2.0
4060,,0.7292385,,0.6142944,965.9136,2.0
4061,,0.43456963,,0.5165993,835.71954,2.0
4062,,0.5513298,,0.60442156,12404.89,2.0
4063,,0.55955726,,0.3978498,1340.3636,2.0
4064,,0.5395182,,0.5656754,580.5734,2.0
4065,,0.86568284,,0.64622396,612.70526,2.0
4066,,0.71559316,,0.61009514,1260.5522,2.0
4067,0.0,0.39377552,0.0,0.362359,608.8404,2.0
4068,1.0,0.21890315,1.0,0.23882395,705.6304,2.0
4069,1.0,0.8458296,1.0,0.714858,438.67715,2.0
4070,1.0,0.71683985,1.0,0.5342218,549.7462,2.0
4071,,,,,726.2609,2.0
4072,0.0,0.14460406,0.0,0.45292974,870.98944,2.0
4073,,0.5259246,1.0,0.5985833,571.3074,2.0
4074,,0.30121717,,0.26931745,13925.52,2.0
4075,,0.88251173,,0.6199863,606.1018,2.0
4076,,0.90051913,,0.85691196,1275.435,2.0
4077,,0.5389344,,0.6640691,1478.6034,2.0
4078,,,,,1053.0061,2.0
4079,,0.4164037,1.0,0.5610153,749.8822,2.0
4080,,0.7005167,,0.6306844,431.61966,2.0
4081,0.0,0.8630359,0.0,0.43329644,372.35443,2.0
4082,,,0.0,,643.6091,2.0
4083,,0.54832786,1.0,0.622074,641.73987,2.0
4084,,0.8632893,1.0,0.6341849,350.97183,2.0
4085,,,,,756.57275,2.0
4086,,,,,7471.185,2.0
4087,,0.8277943,,0.8457054,1467.3491,2.0
4088,,,,,1268.8951,2.0
4089,,,,,1210.6412,2.0
4090,,0.06950185,,0.14852192,1271.2566,2.0
4091,,0.89055777,1.0,0.83134884,215.35649,2.0
4092,,0.7428171,,0.7681266,199.67184,2.0
4093,1.0,0.66578084,1.0,0.70497453,369.94806,2.0
4094,,,1.0,,320.42926,2.0
4095,,,,,389.88834,2.0
4096,,0.72368824,,0.7476324,315.28772,2.0
4097,,0.75811195,,0.77352965,241.93417,2.0
4098,,0.44788018,0.0,0.49606553,7176.7812,2.0
4099,,,,,465.16403,2.0
4100,,0.23604709,1.0,0.24760687,539.54535,2.0
4101,,0.2538225,,0.48455215,512.3944,2.0
4102,,0.10313597,,0.28325215,575.4543,2.0
4103,0.0,0.6555864,0.0,0.5870917,416.8439,2.0
4104,1.0,0.6138905,1.0,0.56159437,428.67773,2.0
4105,,0.31230035,1.0,0.34893757,431.1934,2.0
4106,1.0,0.5873201,1.0,0.5447691,390.78598,2.0
4107,1.0,0.59144926,1.0,0.52243584,395.24997,2.0
4108,,0.30156824,1.0,0.5061691,541.3902,2.0
4109,,0.62536067,1.0,0.54551375,315.6436,2.0
4110,,,,,2406.6013,2.0
4111,,,,,636.82086,2.0
4112,,,1.0,,616.547,2.0
4113,,0.07565666,,0.21168043,487.80603,2.0
4114,1.0,0.2219508,1.0,0.45283526,627.2791,2.0
4115,,0.4660438,0.0,0.37656277,657.2581,2.0
4116,1.0,0.46611357,1.0,0.4262547,521.3781,2.0
4117,,0.44332016,,0.54244494,309.71347,2.0
4118,,0.5643813,,0.50902635,448.8454,2.0
4119,,0.5069017,,0.5025673,593.988,2.0
4120,1.0,0.59143597,1.0,0.5136487,462.88773,2.0
4121,,0.22676465,0.0,0.30253685,16441.498,2.0
4122,,0.6625178,,0.68642586,547.73926,2.0
4123,,0.23636134,,0.32871056,468.05896,2.0
4124,,,,,701.2412,2.0
4125,,0.5953597,,0.5978265,393.42078,2.0
4126,1.0,0.29564714,1.0,0.35416305,773.11346,2.0
4127,0.0,0.26710704,0.0,0.32700837,584.2545,2.0
4128,,,,,600.91156,2.0
4129,,0.716083,,0.52141684,457.14664,2.0
4130,1.0,0.31221715,1.0,0.3838075,747.3938,2.0
4131,1.0,0.26628456,1.0,0.35783613,650.282,2.0
4132,,0.56506956,,0.43922743,413.36154,2.0
4133,,0.4317925,1.0,0.43302327,4765.981,2.0
4134,,0.513223,,0.4882664,865.50006,2.0
4135,,0.55357873,,0.4601742,828.14417,2.0
4136,,0.2356031,,0.43895257,639.07043,2.0
4137,,0.687029,,0.7016245,760.5075,2.0
4138,,0.52014637,1.0,0.4941934,282.4217,2.0
4139,,0.27583337,0.0,0.30718416,338.4494,2.0
4140,,,,,450.42114,2.0
4141,1.0,0.41602173,1.0,0.39445588,349.52524,2.0
4142,1.0,0.37304705,1.0,0.3683636,338.26947,2.0
4143,,,,,300.29358,2.0
4144,,0.3338226,1.0,0.30669317,327.2733,2.0
4145,,,,,6695.0967,2.0
4146,,0.26516885,,0.33879557,208.16185,2.0
4147,,0.61411667,,0.48429114,127.34777,2.0
4148,,,,,244.86542,2.0
4149,,,,,331.02194,2.0
4150,,0.6876303,1.0,0.63760114,252.06693,2.0
4151,,,1.0,,298.13168,
4152,,0.40593377,1.0,0.43102995,241.97899,2.0
4153,1.0,0.5001088,1.0,0.49997976,218.9081,2.0
4154,1.0,0.7277999,1.0,0.68553597,146.35063,2.0
4155,1.0,0.4307519,1.0,0.38767514,246.26651,2.0
4156,,0.58878624,,0.5451515,5237.942,2.0
4157,,,,,3702.4858,2.0
4158,,,,,957.5948,2.0
4159,,0.66032714,1.0,0.6382069,748.8955,2.0
4160,,0.22468926,0.0,0.4652274,685.8245,2.0
4161,,0.6415044,1.0,0.53920925,638.6187,2.0
4162,,,,,631.0403,2.0
4163,,,,,709.9635,2.0
4164,,,,,718.6433,2.0
4165,,,,,538.5841,2.0
4166,,0.64223236,1.0,0.6081695,527.20526,2.0
4167,,0.4239756,1.0,0.39925805,853.19006,2.0
4168,,0.25199506,1.0,0.2887608,654.9786,2.0
4169,,,,,36225.504,2.0
4170,,,,,231.834,2.0
4171,,,,,302.1821,2.0
4172,,0.26981923,,0.30118817,246.32549,2.0
4173,,0.6701431,,0.57782644,346.86243,2.0
4174,,,,,453.60916,2.0
4175,,0.34071326,0.0,0.36327466,243.98552,2.0
4176,,0.5580256,1.0,0.52647066,394.66116,2.0
4177,,,,,371.40976,2.0
4178,,,,,359.54153,2.0
4179,,0.7265599,1.0,0.69858927,266.84247,2.0
4180,1.0,0.629453,1.0,0.6188603,289.29718,2.0
4181,,0.18377598,0.0,0.37749365,11710.223,2.0
4182,,0.5574212,,0.45994228,683.3673,2.0
4183,,,,,582.2359,2.0
4184,,0.5822601,1.0,0.59070736,370.76175,2.0
4185,,0.58836746,1.0,0.52089804,305.99518,2.0
4186,0.0,0.25834572,0.0,0.33497977,283.27567,2.0
4187,,,,,385.1293,2.0
4188,,0.21394853,,0.22273085,283.83218,2.0
4189,,0.60962385,1.0,0.53157234,353.5252,2.0
4190,,0.1883224,0.0,0.26239565,326.03705,2.0
4191,,0.42878547,1.0,0.3812561,301.58517,2.0
4192,,0.14159828,,0.38328964,3871.2012,2.0
4193,,,,,5044.4316,2.0
4194,,0.5187385,,0.51142997,279.45294,2.0
4195,,0.48141676,,0.46820706,333.59875,2.0
4196,,,,,341.25906,2.0
4197,,0.5412832,,0.4977254,293.8179,2.0
4198,,0.31779805,,0.35174268,389.46167,2.0
4199,,0.5691518,1.0,0.5949616,394.6757,2.0
4200,0.0,0.6299146,0.0,0.47526577,373.717,2.0
4201,0.0,0.62760913,0.0,0.6124519,494.5697,2.0
4202,,0.4641734,1.0,0.5378376,521.5764,2.0
4203,,0.66008484,1.0,0.6371957,531.871,2.0
4204,,0.42257327,,0.37836066,739.6924,2.0
4205,,0.5802862,,0.54035455,410.5646,2.0
4206,1.0,0.22248283,1.0,0.3185369,510.24615,2.0
4207,1.0,0.44379956,1.0,0.42025414,429.0125,2.0
4208,,,,,528.9283,2.0
4209,,,,,660.79376,2.0
4210,0.0,0.38860023,0.0,0.32482454,509.06906,2.0
4211,1.0,0.75508934,1.0,0.7073385,473.90918,2.0
4212,1.0,0.5766691,1.0,0.5380899,582.0399,2.0
4213,,0.23633417,,0.28817612,12242.666,2.0
4214,,0.5831495,,0.5913662,405.871,2.0
4215,,0.36018118,,0.5425295,730.9141,2.0
4216,,0.4844619,,0.53584516,425.12854,2.0
4217,,0.7069025,,0.6009137,350.75696,2.0
4218,,,,,682.4474,2.0
4219,,,,,702.85455,2.0
4220,,0.2904264,,0.40162843,644.0354,2.0
4221,,0.65578604,1.0,0.5812966,705.1868,2.0
4222,,0.6113365,1.0,0.56843144,653.9946,2.0
4223,,,,,493.80496,2.0
4224,,,,,904.17084,2.0
4225,,,,,4750.8955,2.0
4226,,0.35341233,0.0,0.48015785,608.41016,2.0
4227,,0.6069188,,0.58873624,522.6906,2.0
4228,,0.55196637,,0.5935286,577.736,2.0
4229,1.0,0.5946234,1.0,0.4636282,463.9851,2.0
4230,,0.5913155,1.0,0.5472835,367.3438,2.0
4231,0.0,0.60699195,0.0,0.5591052,477.6556,2.0
4232,,,,,452.58496,2.0
4233,,0.7740069,1.0,0.78666043,334.7872,2.0
4234,,0.13058472,0.0,0.25644723,387.2146,2.0
4235,0.0,0.6256864,0.0,0.5735741,430.95694,2.0
4236,,,,,411.73102,2.0
4237,,0.48400378,,0.3767546,6757.738,2.0
4238,,0.14898457,,0.2748051,1113.0226,2.0
4239,,0.4902225,,0.4724553,765.2889,2.0
4240,0.0,0.36982128,0.0,0.36639053,862.3026,2.0
4241,1.0,0.499157,1.0,0.4773171,533.795,2.0
4242,1.0,0.6636124,1.0,0.5939196,739.3466,2.0
4243,,0.37532365,1.0,0.36975464,847.8959,2.0
4244,1.0,0.461894,1.0,0.3741589,623.23645,2.0
4245,,,,,677.4035,2.0
4246,,0.53602153,,0.495165,618.1937,2.0
4247,1.0,0.33057988,1.0,0.33474723,842.3997,2.0
4248,,0.60256773,1.0,0.5280106,10242.364,2.0
4249,0.0,0.64552176,0.0,0.62406385,116.76831,2.0
4250,,0.47812632,,0.5901028,142.63138,2.0
4251,,,,,135.83017,2.0
4252,,,,,112.06205,2.0
4253,,0.08212596,1.0,0.17783616,274.14795,2.0
4254,0.0,0.4902944,0.0,0.49019277,405.8866,2.0
4255,,,,,171.87704,2.0
4256,0.0,0.39534676,0.0,0.38194102,331.53516,2.0
4257,0.0,0.28030437,0.0,0.3437169,582.1669,2.0
4258,,0.2033183,0.0,0.21738449,374.75998,2.0
4259,,,,,438.2227,2.0
4260,,0.20433499,,0.30909997,59467.555,2.0
4261,,0.5577521,,0.59699625,787.76624,2.0
4262,,0.6107488,,0.5273915,609.3286,2.0
4263,,,,,794.2391,2.0
4264,,,,,639.67224,2.0
4265,,0.29826435,,0.31878534,488.38763,2.0
4266,,,,,512.049,2.0
4267,,,,,719.5273,2.0
4268,,0.23921134,,0.46768978,645.50696,2.0
4269,,,,,562.87354,2.0
4270,,0.29520893,1.0,0.44021997,1031.8102,2.0
4271,,0.5952848,1.0,0.5432269,478.34396,2.0
4272,,0.16584787,,0.41316345,6391.7427,2.0
4273,,0.24084477,,0.77833986,1799.6057,2.0
4274,,0.822049,,0.87923473,1607.6548,2.0
4275,,0.40938437,,0.24330746,1581.3518,2.0
4276,,0.2847827,,0.2930627,1291.454,2.0
4277,,,,,1883.8589,2.0
4278,0.0,0.6437043,0.0,0.84713906,1111.493,2.0
4279,,0.6511259,1.0,0.7880887,1511.6069,2.0
4280,0.0,0.18882513,0.0,0.26931143,1599.1034,2.0
4281,1.0,0.6268944,1.0,0.36888704,1719.8324,2.0
4282,,0.37402445,,0.45947424,958.21576,2.0
4283,1.0,0.8122394,1.0,0.5219913,1596.4039,2.0
4284,,0.8172675,,0.58375794,4886.3096,2.0
4285,,0.9666974,,0.8169837,2151.0537,2.0
4286,,0.9734606,,0.8066403,1570.5247,2.0
4287,1.0,0.9550936,1.0,0.6421272,751.7889,2.0
4288,,0.81669086,1.0,0.45417905,924.10016,2.0
4289,1.0,0.7492929,1.0,0.3754411,658.9085,2.0
4290,0.0,0.6125588,0.0,0.2718039,709.3499,2.0
4291,,0.9310161,,0.47324374,471.13748,2.0
4292,1.0,0.95969176,1.0,0.6032615,563.564,2.0
4293,,0.9220405,0.0,0.46990722,642.6345,2.0
4294,,,,,742.81104,2.0
4295,,,,,4710.0723,2.0
4296,,0.87746656,,0.47581968,2290.1506,2.0
4297,,0.95479167,,0.7101163,1901.3617,2.0
4298,,0.9636222,,0.6660595,1083.8165,2.0
4299,,0.82303005,,0.50137883,1296.4418,2.0
4300,,0.9752147,,0.326437,631.1336,2.0
4301,,,,,1099.2015,2.0
4302,,0.50616854,,0.42436486,693.0659,2.0
4303,0.0,0.6975076,0.0,0.39974985,1149.5388,2.0
4304,0.0,0.64533424,0.0,0.44125482,539.8558,2.0
4305,,0.90003705,,0.61595654,488.421,2.0
4306,,0.9390718,,0.6903337,723.93536,2.0
4307,,0.57126844,,0.40419933,1120.2192,2.0
4308,,,,,4622.576,2.0
4309,,0.8577051,,0.8535411,5982.7163,2.0
4310,,0.82221746,,0.7977648,5986.4663,2.0
4311,,0.7955554,,0.65780467,7107.1035,2.0
4312,1.0,0.749335,1.0,0.74624115,717.0475,2.0
4313,1.0,0.465468,1.0,0.631481,546.8069,2.0
4314,0.0,0.2726176,0.0,0.32807356,1374.1384,2.0
4315,1.0,0.67426187,1.0,0.5971267,1483.8309,2.0
4316,0.0,0.38823107,0.0,0.40367532,1709.9633,2.0
4317,0.0,0.5706387,0.0,0.38054496,2012.2124,2.0
4318,,0.7655549,0.0,0.64390725,1057.0293,2.0
4319,,,,,3878.3975,2.0
4320,,0.9835998,,0.27418837,804.4374,2.0
4321,,0.96832585,,0.2354976,834.52106,2.0
4322,,0.88988423,,0.17261524,701.3515,2.0
4323,,0.9732114,,0.23475432,426.40274,2.0
4324,,0.98305374,,0.35483068,737.4092,2.0
4325,,,,,931.3318,2.0
4326,,0.96905756,,0.3088516,723.4796,2.0
4327,,0.93027997,0.0,0.10389547,834.41437,2.0
4328,,0.9427658,,0.10889592,1249.7761,2.0
4329,,0.9458817,,0.25924596,2440.1467,2.0
4330,,0.9859921,,0.61274856,1421.1055,2.0
4331,,,,,1876.4082,2.0
4332,,0.94869506,,0.3123141,1765.7476,2.0
4333,0.0,0.9185756,0.0,0.33384728,871.1853,2.0
4334,,0.90546393,,0.22546996,669.96967,2.0
4335,,0.7880205,,0.14992164,927.8216,2.0
4336,,0.94263935,1.0,0.29170612,581.9757,2.0
4337,,0.9719168,,0.31850326,838.87067,2.0
4338,0.0,0.7942158,0.0,0.13591759,1016.9862,2.0
4339,0.0,0.955543,0.0,0.23371786,812.292,2.0
4340,,0.89815986,,0.1099923,5955.9526,2.0
4341,,0.6976346,1.0,0.46628645,1296.953,2.0
4342,,0.96462286,1.0,0.90697074,1177.5542,2.0
4343,,0.5793088,,0.4655134,2761.6292,2.0
4344,,0.5920283,,0.4078555,3978.1494,2.0
4345,,0.6174308,,0.43745482,1147.0267,2.0
4346,1.0,0.43556228,1.0,0.322671,1430.4717,2.0
4347,0.0,0.5156192,0.0,0.4478657,1523.0419,2.0
4348,0.0,0.22374913,0.0,0.19147585,2146.2754,2.0
4349,,0.07727553,,0.10562234,1761.0825,2.0
4350,0.0,0.5948693,0.0,0.3921451,1085.8275,2.0
4351,0.0,0.32941464,0.0,0.29563132,1039.6675,2.0
4352,,0.19820076,,0.19412717,1263.2019,2.0
4353,,0.26757526,,0.18191123,869.4346,2.0
4354,,0.41525966,,0.2941285,3792.9958,2.0
4355,,,,,3594.3196,2.0
4356,,,,,2172.691,2.0
4357,,,,,4581.2363,2.0
4358,,0.11917402,,0.16185135,902.6218,2.0
4359,,0.5177858,1.0,0.47851893,1120.8201,2.0
4360,,,,,1192.0083,2.0
4361,0.0,0.5348003,0.0,0.43194926,806.3337,2.0
4362,,0.16068603,,0.21310653,1263.3821,2.0
4363,1.0,0.17367911,1.0,0.18245299,1036.4684,2.0
4364,1.0,,1.0,,1268.0688,2.0
4365,,0.8642156,,0.7191804,692.13995,2.0
4366,,0.71900845,,0.5749919,1023.28644,2.0
4367,,0.4347593,,0.3239299,1410.4558,2.0
4368,,,,,1492.8497,2.0
4369,0.0,0.2687299,0.0,0.44772866,1122.3463,2.0
4370,,0.21776582,1.0,0.4484855,1212.485,2.0
4371,1.0,0.82994676,1.0,0.7792131,955.3256,2.0
4372,0.0,0.26866484,0.0,0.17106618,1269.7748,2.0
4373,,0.3043485,,0.36381269,959.331,2.0
4374,,0.42912382,1.0,0.22375742,958.10974,2.0
4375,1.0,,1.0,,1282.2478,2.0
4376,,0.5460684,1.0,0.52265996,1421.0028,2.0
4377,,0.41264847,,0.56020224,1447.792,2.0
4378,,0.68803406,,0.47757635,741.1896,2.0
4379,,0.26306084,,0.398634,1247.0072,2.0
4380,,0.7192161,1.0,0.4743454,284.56436,2.0
4381,,,,,802.87305,2.0
4382,,,,,516.5618,2.0
4383,,0.10557946,,0.2912265,602.45685,2.0
4384,,0.2222758,1.0,0.35446462,785.4941,2.0
4385,,0.4878071,0.0,0.48437932,398.42657,2.0
4386,,0.1295313,,0.27556488,3885.9414,2.0
4387,,0.611298,,0.5699598,1408.6764,2.0
4388,,0.8584834,,0.686571,702.46844,2.0
4389,,0.6971042,,0.6439352,1787.3414,2.0
4390,,,,,2055.1052,2.0
4391,,,,,997.9299,2.0
4392,,0.07883592,0.0,0.36852747,1176.0355,2.0
4393,,0.109588094,,0.19489832,1526.7776,2.0
4394,1.0,0.34498134,1.0,0.48106122,1073.5404,2.0
4395,,0.30874336,,0.45453826,818.6185,2.0
4396,,0.6668848,,0.5997761,1025.546,2.0
4397,,,,,738.54443,2.0
4398,,,,,8562.742,2.0
4399,,0.5298089,,0.37713343,1946.5391,1.0
4400,,0.6560835,,0.49517688,2384.0583,2.0
4401,,0.7092776,,0.51552486,2300.2021,2.0
4402,,0.5206617,,0.359028,3452.7405,2.0
4403,,0.18368414,,0.28368342,1040.9128,2.0
4404,,0.10878655,0.0,0.08479801,1485.3964,1.0
4405,0.0,0.3545496,0.0,0.38768145,1140.9318,2.0
4406,,0.19076099,1.0,0.22411051,1338.7958,2.0
4407,,,,,1795.7866,2.0
4408,,0.2079565,,0.16859603,1420.1777,2.0
4409,,0.7068476,,0.48433417,955.78894,2.0
4410,,0.44244576,,0.3406391,8911.746,2.0
4411,,0.7190318,,0.42151806,474.83932,2.0
4412,,0.49171045,,0.336112,444.54407,2.0
4413,,0.3765598,,0.4721329,438.52066,2.0
4414,,0.79288876,,0.6321873,2391.6921,2.0
4415,,0.63582873,1.0,0.47336954,3268.4353,2.0
4416,,0.4095762,0.0,0.31520972,3025.6108,2.0
4417,,,,,2407.9941,2.0
4418,,0.5757609,1.0,0.42525387,2741.725,2.0
4419,,0.48882636,1.0,0.51865613,5516.3643,2.0
4420,,0.80509526,,0.67465764,1056.3126,2.0
4421,,0.72498924,,0.56338286,1332.138,2.0
4422,,0.35542035,,0.35239413,1510.877,2.0
4423,,0.32348323,1.0,0.33657712,1474.2518,2.0
4424,0.0,0.27557617,0.0,0.28364417,2268.1694,2.0
4425,,0.6407405,1.0,0.44011053,2437.2305,2.0
4426,1.0,0.32757783,1.0,0.39689192,3264.6406,2.0
4427,,0.21469557,1.0,0.42792183,2605.2969,2.0
4428,,0.34069228,,0.36496314,7734.877,2.0
4429,,0.667696,,0.6128849,1181.0453,2.0
4430,,0.88684636,,0.65461373,1282.7029,2.0
4431,,,,,1662.1101,2.0
4432,,0.838436,,0.6904337,803.2226,2.0
4433,,0.8707007,1.0,0.6030387,698.0095,2.0
4434,,0.3602872,,0.3513828,1230.139,2.0
4435,,0.7972174,1.0,0.6743121,1235.163,2.0
4436,,0.72348166,,0.7982955,6748.3086,2.0
4437,,0.79991204,,0.89237654,6422.683,2.0
4438,,0.86203426,,0.9414637,11182.963,2.0
4439,,0.2287998,,0.68268806,13420.177,2.0
4440,,0.86231166,,0.89952934,2354.944,2.0
4441,0.0,0.17679906,0.0,0.7107864,5014.3164,2.0
4442,,0.28550825,,0.7025549,2793.8955,2.0
4443,1.0,0.29496115,1.0,0.6492884,4478.9634,2.0
4444,,,,,3266.386,2.0
4445,,,,,3719.6897,2.0
4446,0.0,0.1501617,0.0,0.63789654,3515.5027,2.0
4447,,0.4007269,1.0,0.6697624,26448.734,2.0
4448,,0.87678015,,0.8433111,5689.6753,2.0
4449,,0.8867697,,0.877233,6929.0435,2.0
4450,1.0,0.8509025,1.0,0.7615487,7064.7104,2.0
4451,,0.8591148,1.0,0.71035933,6215.16,2.0
4452,,0.88990074,,0.8458863,3832.696,2.0
4453,,0.6850972,,0.6881574,6049.8975,2.0
4454,,0.9042743,,0.81744546,5344.4795,2.0
4455,,,,,2706.5872,2.0
4456,,0.91766495,,0.91314,4166.77,2.0
4457,,0.8903616,1.0,0.826824,2844.036,2.0
4458,,0.8268338,,0.76777315,16486.523,2.0
4459,,0.751282,,0.7751391,13947.382,2.0
4460,,0.72230977,,0.9494034,4430.541,2.0
4461,,0.8422974,,0.8909864,3086.755,2.0
4462,,0.54806197,1.0,0.78401124,1518.2694,2.0
4463,,0.72742355,,0.8117047,3064.8403,2.0
4464,,0.47632265,,0.64931977,2380.4407,2.0
4465,,0.71989346,,0.8391034,3748.914,2.0
4466,,,,,3005.8198,2.0
4467,,0.83625686,,0.8539675,3247.8906,2.0
4468,1.0,0.7231912,1.0,0.7208598,3496.7224,2.0
4469,,0.8323783,,0.9123971,14046.294,2.0
4470,,0.83654624,,0.87297684,1974.3783,2.0
4471,,0.8806257,,0.88560086,1644.4801,2.0
4472,,0.826299,,0.8507979,1876.1621,2.0
4473,,0.5903104,,0.5135326,2435.3313,2.0
4474,,0.52779907,1.0,0.4556625,2093.8557,2.0
4475,0.0,0.75674427,0.0,0.80262184,1428.0575,2.0
4476,1.0,0.8151567,1.0,0.840667,2141.8755,2.0
4477,,0.33590356,,0.7054782,1151.953,2.0
4478,,0.48433226,,0.61111414,1800.1066,2.0
4479,,0.5676551,1.0,0.5475387,1557.9967,2.0
4480,1.0,0.8503287,1.0,0.8498312,1773.8734,2.0
4481,,,,,9159.855,2.0
4482,,0.3898165,,0.52064925,5618.5205,2.0
4483,,0.8873648,,0.8956052,7301.4624,2.0
4484,1.0,0.7621271,1.0,0.74955916,8137.509,2.0
4485,,0.8533412,,0.8375327,4933.832,2.0
4486,,,,,5505.205,2.0
4487,,0.3991131,1.0,0.7359827,3773.4915,2.0
4488,0.0,0.3979488,0.0,0.5445209,4065.699,2.0
4489,,,,,5833.399,2.0
4490,,0.8425669,,0.8131651,3404.814,2.0
4491,,0.7983842,0.0,0.84954125,3948.7004,2.0
4492,,0.76888484,,0.8747981,13573.379,2.0
4493,,0.84027755,,0.6322717,4041.895,2.0
4494,,0.84108907,,0.7972627,5200.193,2.0
4495,,0.89796793,,0.83846444,4140.888,2.0
4496,,0.85588306,,0.79503196,4906.184,2.0
4497,,0.75972664,,0.7526609,1892.1515,2.0
4498,,0.89027536,1.0,0.869322,594.98615,2.0
4499,,,,,1612.2351,2.0
4500,,0.89851254,1.0,0.8998259,1639.6234,2.0
4501,1.0,0.7518003,1.0,0.73570603,1362.1538,2.0
4502,1.0,0.5746456,1.0,0.6773666,1573.4541,2.0
4503,,,,,1791.5343,2.0
4504,,0.7776566,,0.6686572,27980.395,2.0
4505,,0.60856664,,0.6419439,3333.2976,2.0
4506,,0.84576154,,0.8731212,2673.2249,2.0
4507,,0.87723935,,0.9400583,2547.5552,2.0
4508,,,,,308.04733,2.0
4509,0.0,0.72314745,0.0,0.6383837,346.78613,2.0
4510,,0.7738113,1.0,0.8566693,385.70078,2.0
4511,,0.7168926,,0.707943,452.83652,2.0
4512,,0.55709094,1.0,0.7190148,288.30057,2.0
4513,,0.6506287,,0.7180917,342.7892,2.0
4514,,0.6370401,,0.7016631,9643.571,2.0
4515,,0.39937812,,0.4428143,804.4044,2.0
4516,,0.53628546,,0.68450475,971.0671,2.0
4517,,0.5073666,,0.6257841,776.32837,2.0
4518,,0.7056649,,0.7025152,757.4683,2.0
4519,,0.72431797,1.0,0.685317,1729.6942,2.0
4520,0.0,0.5124918,0.0,0.50807726,1322.616,2.0
4521,0.0,0.14785893,0.0,0.15265518,1744.7023,2.0
4522,,0.24260412,,0.22881073,2155.855,2.0
4523,,,,,1249.2125,2.0
4524,1.0,0.25661138,1.0,0.23487371,1583.685,2.0
4525,,,,,1764.1865,2.0
4526,,0.19790477,0.0,0.31751713,36926.047,2.0
4527,,0.64295113,,0.8015556,3783.8154,2.0
4528,,0.67415076,,0.79709435,3138.1533,2.0
4529,,0.16137686,,0.39460588,5309.643,2.0
4530,,0.28412032,,0.67505914,3031.1873,2.0
4531,1.0,0.39330262,1.0,0.5756714,2097.7886,2.0
4532,1.0,0.30049795,1.0,0.6321707,2422.182,2.0
4533,1.0,0.2572534,1.0,0.6423194,1065.968,2.0
4534,1.0,0.6786043,1.0,0.8138384,1375.8086,2.0
4535,,,,,2776.998,2.0
4536,0.0,0.6119972,0.0,0.76876044,1937.1799,2.0
4537,,0.41658852,1.0,0.7146741,2022.2852,2.0
4538,,0.13160829,,0.5050823,20185.783,2.0
4539,,0.2508806,,0.6593391,7576.103,2.0
4540,,,,,7508.1226,2.0
4541,,0.6877532,1.0,0.8371867,1536.3011,2.0
4542,,0.34488285,0.0,0.7173108,1376.7433,2.0
4543,,0.76599616,1.0,0.9206008,1057.3989,2.0
4544,,0.69254935,,0.88750756,748.0815,2.0
4545,,0.15074372,,0.58473283,1691.3788,2.0
4546,,0.3078032,,0.637914,1134.0997,2.0
4547,,0.6331234,,0.8280671,658.6995,2.0
4548,,0.7796702,,0.93069905,1585.9309,2.0
4549,,0.27392882,,0.6380928,7696.558,2.0
4550,,0.23412672,,0.66084915,8383.337,2.0
4551,,0.18901847,,0.5607819,4001.0764,2.0
4552,,,,,3707.3271,2.0
4553,,0.7614967,,0.9324688,3867.1729,2.0
4554,,0.6979516,1.0,0.8525131,4437.0347,2.0
4555,,0.58990896,1.0,0.8212941,919.10803,2.0
4556,,0.5917747,,0.81946975,1149.455,2.0
4557,,0.52455384,1.0,0.7788312,1770.3368,2.0
4558,,0.68181366,1.0,0.7417752,1154.588,2.0
4559,,0.25969207,1.0,0.6089083,1131.4303,2.0
4560,,0.35355607,1.0,0.77471095,1320.4674,2.0
4561,,0.3764728,,0.7649651,1738.2632,2.0
4562,,,,,13725.412,2.0
4563,,0.9929931,,0.4496251,2495.0945,2.0
4564,,0.9960983,1.0,0.40817162,1379.5779,2.0
4565,,0.995974,,0.5942598,1318.3813,2.0
4566,,0.99559945,,0.5576031,1835.5048,2.0
4567,,,,,262.18335,2.0
4568,,0.9983251,0.0,0.3621632,244.90517,2.0
4569,,0.99440926,1.0,0.43711728,314.18546,2.0
4570,1.0,0.99079514,1.0,0.23314105,261.93973,2.0
4571,,0.99726653,,0.5067317,217.4764,2.0
4572,,0.9977279,,0.7428395,234.90639,2.0
4573,,,,,6032.163,2.0
4574,,0.9958915,,0.5635183,2939.0918,2.0
4575,,0.99547267,,0.30246016,2374.0896,2.0
4576,,0.9912553,,0.4431151,1638.7905,2.0
4577,,0.9954821,,0.636413,4081.7048,2.0
4578,,0.97170115,,0.30703515,555.1378,2.0
4579,0.0,0.9786854,0.0,0.3607119,573.16943,2.0
4580,,0.98426104,1.0,0.45069146,305.57324,2.0
4581,,0.9945086,1.0,0.62105405,508.80487,2.0
4582,,0.9447773,1.0,0.22699611,614.33716,2.0
4583,0.0,0.97595435,0.0,0.3332425,804.0792,2.0
4584,,0.9957147,1.0,0.54720557,275.65787,2.0
4585,,0.9739174,,0.34837547,9181.333,2.0
4586,,0.68424094,,0.7842728,3103.5398,2.0
4587,,0.6908669,,0.775365,2835.7825,2.0
4588,,,,,2589.399,2.0
4589,,0.69269514,,0.7117402,2834.5957,2.0
4590,,,,,2882.9768,2.0
4591,1.0,0.18068063,1.0,0.5888055,2424.3772,2.0
4592,0.0,0.47720414,0.0,0.67168134,3223.6455,2.0
4593,1.0,0.7370916,1.0,0.8407652,2600.0847,2.0
4594,1.0,0.46282092,1.0,0.5567074,2487.5444,2.0
4595,,0.7812339,,0.84024704,2509.401,2.0
4596,1.0,0.6923054,1.0,0.7760085,2570.8987,2.0
4597,0.0,0.17614901,0.0,0.62044585,16357.009,2.0
4598,,0.63073534,,0.74865574,3169.7773,2.0
4599,,0.7712809,,0.8521698,2843.085,2.0
4600,,0.77562505,,0.8742533,3067.7554,2.0
4601,,0.6102241,1.0,0.68180126,2644.9814,2.0
4602,0.0,0.16336954,0.0,0.36938393,2676.2397,2.0
4603,0.0,0.18588193,0.0,0.24194603,2713.2664,2.0
4604,1.0,0.63842905,1.0,0.68963736,2413.147,2.0
4605,0.0,0.13645822,0.0,0.3837299,2451.1062,2.0
4606,1.0,0.21709973,1.0,0.47841552,2048.4568,2.0
4607,,,,,2902.4973,2.0
4608,,0.4221533,,0.5324842,16962.193,2.0
4609,,0.30036554,,0.53138715,6395.428,2.0
4610,,0.78934324,,0.8652474,6996.2554,2.0
4611,,,,,2342.36,2.0
4612,,,,,3276.0227,2.0
4613,,0.17315309,,0.40661678,3750.44,2.0
4614,1.0,0.38383386,1.0,0.5219344,2810.6736,2.0
4615,,0.074841015,1.0,0.34441417,4068.985,2.0
4616,0.0,,0.0,,3082.7156,2.0
4617,0.0,0.2874788,0.0,0.32931775,3168.9143,2.0
4618,,,1.0,,3191.9707,2.0
4619,,0.23005286,,0.63838404,5663.4575,2.0
4620,,0.41746065,,0.5309726,5538.3765,2.0
4621,,0.64246637,,0.83757234,974.317,2.0
4622,,0.23325312,,0.6110467,969.8311,2.0
4623,,0.08047688,,0.40168634,746.33417,2.0
4624,,0.67406726,,0.8427588,551.73944,2.0
4625,0.0,0.26769608,0.0,0.6220885,1192.8834,2.0
4626,0.0,,0.0,,1558.3829,2.0
4627,0.0,,0.0,,1167.8811,2.0
4628,1.0,,1.0,,1668.8787,2.0
4629,0.0,0.2609726,0.0,0.65031916,1470.384,2.0
4630,0.0,0.36593437,0.0,0.6790647,1344.2119,2.0
4631,0.0,0.46385166,0.0,0.72344446,1157.1837,2.0
4632,,0.30609167,,0.44464648,1542.8038,2.0
4633,,0.9610808,,0.93158114,402.20892,2.0
4634,,0.8446251,,0.8935814,241.0934,2.0
4635,,0.84765935,,0.74887216,628.7032,2.0
4636,,0.8648663,,0.6970414,627.7129,2.0
4637,,0.8548823,1.0,0.7796384,217.96312,2.0
4638,,0.90854615,1.0,0.8176106,279.16046,2.0
4639,,0.4316046,,0.5159272,249.10474,2.0
4640,1.0,,1.0,,350.80292,2.0
4641,0.0,0.43241504,0.0,0.29357454,355.1087,2.0
4642,1.0,0.6190787,1.0,0.52191824,457.8049,2.0
4643,,0.33636442,,0.37111157,16753.455,2.0
4644,,0.93766,,0.82751507,714.63007,2.0
4645,,0.9518127,,0.9246014,819.2158,2.0
4646,,0.9282613,,0.7838771,836.01953,2.0
4647,,0.68589586,,0.5376362,889.6825,2.0
4648,,0.93702805,1.0,0.9089625,274.99814,2.0
4649,0.0,0.823943,0.0,0.77479213,303.23303,2.0
4650,,,,,245.78053,2.0
4651,,,,,305.40286,2.0
4652,,0.47694832,1.0,0.7370213,217.32304,2.0
4653,0.0,0.8897273,0.0,0.62257147,317.4098,2.0
4654,,0.73864573,0.0,0.6222748,271.89874,2.0
4655,,0.5878415,,0.58435875,12837.861,2.0
4656,,0.3828663,,0.4242855,418.1468,2.0
4657,,0.71646816,,0.72493136,441.81088,2.0
4658,,0.80106664,,0.79631716,456.1677,2.0
4659,,0.94464374,,0.9305584,471.12213,2.0
4660,,0.8388764,1.0,0.77759063,693.4865,2.0
4661,,0.8980896,1.0,0.8443104,682.47943,2.0
4662,1.0,,1.0,,790.3098,2.0
4663,,,,,520.7821,2.0
4664,,0.5357764,1.0,0.65027076,673.229,2.0
4665,,0.94365615,1.0,0.91481525,569.6454,2.0
4666,,0.9011713,1.0,0.87027663,744.55896,2.0
4667,,0.78304446,,0.705065,6172.834,2.0
4668,,0.91116196,,0.87791985,663.20337,2.0
4669,,0.18372613,,0.6157477,769.2646,2.0
4670,,0.70813274,,0.772261,1078.3584,2.0
4671,,0.92936164,,0.8961944,780.97485,2.0
4672,,0.83839613,1.0,0.82881147,715.35846,2.0
4673,,0.9122198,1.0,0.8614727,410.55624,2.0
4674,1.0,0.9574866,1.0,0.9274765,531.70605,2.0
4675,1.0,0.41243535,1.0,0.71514213,972.1461,2.0
4676,,0.9210347,1.0,0.93265355,697.18384,2.0
4677,,0.68466884,1.0,0.74580616,508.93774,2.0
4678,,0.6925282,1.0,0.6758646,454.43344,2.0
4679,,0.5338542,1.0,0.67522484,8366.96,2.0
4680,,0.34487453,,0.70334274,2918.756,2.0
4681,,0.8839491,,0.83662856,2475.2593,2.0
4682,,0.7918579,1.0,0.8228416,461.53235,2.0
4683,,0.8917297,1.0,0.90759814,472.1882,2.0
4684,,0.9143393,1.0,0.8766239,318.39984,2.0
4685,,0.5163801,,0.77073914,646.0335,2.0
4686,,0.85823876,1.0,0.7988571,279.02036,2.0
4687,,0.8891529,,0.8123395,590.1007,2.0
4688,,,1.0,,279.37152,2.0
4689,,0.9069112,1.0,0.81648433,254.77077,2.0
4690,,0.51441807,,0.67333996,2903.4949,2.0
4691,,0.8079039,1.0,0.82185876,1663.6136,2.0
4692,,0.9321719,,0.9399425,947.19684,2.0
4693,,0.6467879,,0.7737935,1065.4587,2.0
4694,,0.8331862,,0.80909866,1041.1243,2.0
4695,,0.6367204,,0.7540163,841.63153,2.0
4696,,0.7801727,,0.78586,259.1732,2.0
4697,,0.68196094,,0.77593136,208.64304,2.0
4698,,0.9240298,1.0,0.89425445,367.769,2.0
4699,,0.8725074,,0.8959899,186.71643,2.0
4700,,0.5805043,1.0,0.63957906,381.02698,2.0
4701,,0.8361358,,0.8243503,219.64822,2.0
4702,,0.73439455,,0.75145584,347.53857,2.0
4703,,,,,5237.1616,2.0
4704,,0.8839872,,0.7722281,696.8044,2.0
4705,,0.73309916,,0.8196254,1035.5642,2.0
4706,,0.73230565,,0.7716004,1183.2189,2.0
4707,,0.6832953,,0.7375197,1263.4159,2.0
4708,,0.30367088,,0.5122685,309.373,2.0
4709,,0.9108077,1.0,0.9255319,316.46375,2.0
4710,1.0,0.8986751,1.0,0.7840725,148.59445,2.0
4711,1.0,0.7408931,1.0,0.77352315,319.69843,2.0
4712,,0.86125314,1.0,0.88618225,207.77524,2.0
4713,0.0,0.24508981,0.0,0.5367284,437.26242,2.0
4714,,,,,261.87677,2.0
4715,,0.51354253,1.0,0.68133754,3991.4355,2.0
4716,,0.8735806,,0.8249117,851.5789,2.0
4717,,0.9348957,,0.85873735,767.78284,2.0
4718,,0.9051928,,0.8613784,820.82184,2.0
4719,,0.95013154,,0.97058606,575.9766,2.0
4720,1.0,0.81169254,1.0,0.8249212,316.4751,2.0
4721,,0.8018077,1.0,0.81749,183.41367,2.0
4722,,0.5969119,1.0,0.65284294,214.81578,2.0
4723,,0.9078986,1.0,0.91940415,281.5691,2.0
4724,,0.8465831,,0.75307834,206.74622,2.0
4725,1.0,0.82735753,1.0,0.83923227,346.8623,2.0
4726,,0.78344965,1.0,0.8006552,301.309,2.0
4727,,,,,4733.1377,2.0
4728,,0.9099531,1.0,0.90083635,2027.8044,2.0
4729,1.0,0.6742822,1.0,0.57642454,1799.1327,2.0
4730,,,,,1719.5513,2.0
4731,,0.79291654,,0.63638645,2541.2844,2.0
4732,,,1.0,,4481.0215,2.0
4733,0.0,0.2514041,0.0,0.19163719,4657.6,2.0
4734,,0.75736886,,0.5886284,2262.0203,2.0
4735,,0.918868,,0.8785506,2469.5276,2.0
4736,,0.79635775,,0.6752601,3236.8455,2.0
4737,,0.8697429,1.0,0.69790137,3606.2732,2.0
4738,,0.8615808,,0.7162152,20719.766,2.0
4739,,0.38454524,1.0,0.4358013,971.3929,2.0
4740,,0.41651112,,0.39762586,658.8732,2.0
4741,,0.7258576,,0.55719227,979.1594,2.0
4742,,0.7186457,,0.5519642,976.1532,2.0
4743,,,,,483.8091,2.0
4744,,0.72544205,1.0,0.63250643,379.60718,2.0
4745,,0.8979452,1.0,0.75175744,360.07047,2.0
4746,,0.91448015,,0.8967615,329.579,2.0
4747,,0.635271,1.0,0.5016397,497.4939,2.0
4748,,,,,445.7749,2.0
4749,,0.87279993,0.0,0.7836718,333.7869,2.0
4750,1.0,0.7825093,1.0,0.67964685,12034.367,2.0
4751,,0.34105468,,0.63565326,3558.216,2.0
4752,,,,,4418.5376,2.0
4753,,0.891282,,0.88232726,3801.0317,2.0
4754,,0.94692767,,0.80164504,1802.168,2.0
4755,,0.4568892,1.0,0.5236751,1002.5901,2.0
4756,1.0,0.69630957,1.0,0.36603695,434.03265,2.0
4757,1.0,0.8777997,1.0,0.72596055,627.54425,2.0
4758,0.0,0.7304411,0.0,0.6793383,794.6061,2.0
4759,,,0.0,,1138.2406,2.0
4760,1.0,0.78060955,1.0,0.7637363,966.07043,2.0
4761,1.0,0.6047774,1.0,0.68998146,888.14764,2.0
4762,1.0,0.8928827,1.0,0.8139593,15766.547,2.0
4763,,0.7694527,,0.7371756,3176.4211,2.0
4764,,0.905404,,0.84367234,2931.1594,2.0
4765,,0.7943044,,0.7295142,3093.002,2.0
4766,,,,,1609.3123,2.0
4767,,,,,943.591,2.0
4768,1.0,0.82136494,1.0,0.7361605,1168.141,2.0
4769,,0.9047711,,0.89988744,664.74005,2.0
4770,0.0,0.52004147,0.0,0.41898593,1257.2778,2.0
4771,0.0,,0.0,,948.63586,2.0
4772,1.0,0.83398944,1.0,0.827029,549.86,2.0
4773,,,,,1215.98,2.0
4774,,0.3222773,,0.39705962,4283.881,2.0
4775,,0.44448555,,0.668874,2462.1094,2.0
4776,,0.9012842,,0.83693594,2063.7983,2.0
4777,0.0,0.8788989,0.0,0.8563451,1859.688,2.0
4778,1.0,0.90910125,1.0,0.86209613,1578.292,2.0
4779,1.0,0.82066834,1.0,0.80742997,1394.8613,2.0
4780,1.0,0.8413149,1.0,0.7604407,1543.3033,2.0
4781,1.0,0.80603063,1.0,0.7394116,1709.9421,2.0
4782,,0.79593575,1.0,0.7326066,1687.6548,2.0
4783,,0.8157031,1.0,0.7583453,1517.4976,2.0
4784,,0.6299589,1.0,0.53003633,1553.9863,2.0
4785,,,,,1772.645,2.0
4786,,0.2752129,,0.4446831,1892.6047,2.0
4787,,0.8985056,,0.7317174,2162.0098,2.0
4788,,0.88568187,,0.737519,1574.6594,2.0
4789,,0.8842331,,0.71432304,2248.7083,2.0
4790,,,0.0,,2322.9802,2.0
4791,,,,,2017.6058,2.0
4792,0.0,0.87644976,0.0,0.52761847,2723.712,2.0
4793,,0.4584941,0.0,0.371336,1790.5165,2.0
4794,,0.83037865,,0.68940246,1913.7153,2.0
4795,1.0,0.6673494,1.0,0.49674007,2776.0134,2.0
4796,,0.964908,1.0,0.9056443,1410.4478,2.0
4797,1.0,0.541188,1.0,0.29309362,14546.675,2.0
4798,,0.85027826,,0.77514964,786.6263,2.0
4799,,0.46836415,,0.4680914,732.9392,2.0
4800,,0.84423625,,0.69536525,269.1189,2.0
4801,1.0,0.35961828,1.0,0.55796194,615.5411,2.0
4802,0.0,0.48639378,0.0,0.5150343,754.1756,2.0
4803,,,,,1042.1549,2.0
4804,,0.7779381,1.0,0.72752255,400.53735,2.0
4805,0.0,0.6672582,0.0,0.72496873,762.32117,2.0
4806,1.0,0.43588522,1.0,0.5462133,984.4974,2.0
4807,,0.90523773,1.0,0.90037626,819.7524,2.0
4808,0.0,0.45917934,0.0,0.45889214,1044.923,2.0
4809,,0.51126057,,0.53986746,4079.5864,2.0
4810,,0.8350026,,0.8195657,2086.0088,2.0
4811,,0.9070518,,0.8945761,2030.4729,2.0
4812,,0.7939617,,0.7714469,2502.4507,2.0
4813,,0.5492093,,0.61540294,1831.5638,2.0
4814,,,0.0,,1139.7938,2.0
4815,,0.63008064,,0.6420764,1034.6439,2.0
4816,,,,,1176.738,2.0
4817,,0.8631207,,0.69072706,875.26263,2.0
4818,1.0,0.43702698,1.0,0.43670577,1636.9646,2.0
4819,1.0,0.5448811,1.0,0.5732179,1724.7377,2.0
4820,,0.52341884,,0.39437735,5986.571,2.0
4821,,0.5029023,,0.6187576,2608.4692,2.0
4822,,0.59616405,,0.64351076,2966.0103,2.0
4823,,0.2284629,,0.3932167,1979.4431,2.0
4824,,0.5472321,,0.6576748,2345.1921,2.0
4825,1.0,0.39214218,1.0,0.5233167,1978.1338,2.0
4826,,0.1744433,,0.31953916,1653.1332,2.0
4827,1.0,0.5490423,1.0,0.4308332,1712.3223,2.0
4828,,0.61998326,,0.65455633,1062.4756,2.0
4829,,0.49091104,,0.49364996,1048.4648,2.0
4830,,0.52926123,,0.48328516,1109.9385,2.0
4831,1.0,0.34270495,1.0,0.41665688,1363.8864,2.0
4832,,0.28039458,,0.4754333,13295.504,2.0
4833,,0.46472275,,0.3155813,686.21246,2.0
4834,,0.77617395,,0.6198853,1159.0361,2.0
4835,,0.5844251,,0.50454843,870.3101,2.0
4836,,0.66183364,,0.51246244,859.5823,2.0
4837,,0.8033343,,0.72035426,758.52234,2.0
4838,,0.76807666,,0.7237507,889.30164,2.0
4839,1.0,0.9590656,1.0,0.9162775,771.9706,2.0
4840,1.0,0.8752614,1.0,0.76774704,818.9569,2.0
4841,1.0,0.5723522,1.0,0.51134026,1135.8214,2.0
4842,1.0,0.86513877,1.0,0.8001459,319.65222,2.0
4843,,0.6966105,,0.5276185,1003.6904,2.0
4844,,0.3963943,,0.59129393,4591.4756,2.0
4845,,,,,2070.404,2.0
4846,,0.36123666,,0.42579037,2618.4526,2.0
4847,1.0,0.75985175,1.0,0.69182307,274.99948,2.0
4848,,0.89519787,,0.7808114,243.01181,2.0
4849,,0.62158054,1.0,0.519299,249.70827,2.0
4850,1.0,0.3684961,1.0,0.5780661,248.05397,2.0
4851,,,,,166.85245,2.0
4852,1.0,0.6383458,1.0,0.6515806,376.63458,2.0
4853,,0.7702954,,0.7249012,3146.8164,2.0
4854,,,,,3183.9138,2.0
4855,,0.801385,,0.77444583,2179.2078,2.0
4856,,0.9169243,,0.8868094,2463.5413,2.0
4857,,0.70375985,,0.65669507,1984.8308,2.0
4858,,0.87047905,,0.8586813,2097.3713,2.0
4859,0.0,0.42530343,0.0,0.5486456,701.49225,2.0
4860,1.0,0.8089572,1.0,0.7905728,638.6564,2.0
4861,1.0,0.60669345,1.0,0.6229675,913.0874,2.0
4862,0.0,0.3971467,0.0,0.45589024,1017.2329,2.0
4863,,,,,672.7487,2.0
4864,1.0,0.82159865,1.0,0.80018705,796.24664,2.0
4865,1.0,0.57474744,1.0,0.6814823,718.86304,2.0
4866,,0.9546985,,0.8752745,816.112,2.0
4867,,,,,795.72253,2.0
4868,,0.88384724,,0.8149507,704.68195,2.0
4869,,0.8738867,,0.79097414,582.04083,2.0
4870,,0.81575894,,0.7222287,778.0946,2.0
4871,1.0,0.869699,1.0,0.8070919,393.27167,2.0
4872,1.0,0.42859071,1.0,0.40712938,743.0372,2.0
4873,,0.80862063,,0.7395017,371.6836,2.0
4874,1.0,0.9572058,1.0,0.91374004,712.9638,2.0
4875,,0.58067393,,0.5843748,2562.204,2.0
4876,,0.85257137,,0.82457805,2912.4756,2.0
4877,,0.928741,,0.88751286,2976.5059,2.0
4878,1.0,0.9249079,1.0,0.78331006,214.98753,2.0
4879,1.0,0.8225164,1.0,0.7818012,406.7818,2.0
4880,,0.94196737,1.0,0.83605057,165.8166,2.0
4881,1.0,0.935388,1.0,0.7241968,118.04816,2.0
4882,,,,,301.0178,2.0
4883,1.0,0.67628634,1.0,0.6931754,309.2174,2.0
4884,,0.45099372,1.0,0.48278156,3822.4414,2.0
4885,,0.6948855,1.0,0.86054224,632.0892,2.0
4886,,0.70593697,,0.84272134,663.44226,2.0
4887,,0.39244166,,0.768127,436.54617,2.0
4888,,,,,695.8565,2.0
4889,,,1.0,,160.09708,
4890,,0.6311406,1.0,0.8217135,288.98657,2.0
4891,,,,,334.36423,2.0
4892,,0.3838609,,0.6990642,272.13068,2.0
4893,,,,,333.6132,2.0
4894,,,,,325.83038,2.0
4895,,0.47935438,,0.32182074,12493.625,2.0
4896,,,1.0,,113.03326,2.0
4897,,,,,137.24785,2.0
4898,,0.5042742,,0.81430924,100.363014,2.0
4899,,0.7532094,,0.86854297,122.46056,2.0
4900,,0.123942435,0.0,0.565371,206.84717,2.0
4901,,0.6303377,,0.8246893,140.08838,2.0
4902,,,,,160.03694,2.0
4903,,0.7214514,,0.8826207,169.57437,2.0
4904,1.0,,1.0,,133.5382,2.0
4905,,0.19845647,0.0,0.6299123,129.50156,2.0
4906,,,,,21588.719,2.0
4907,,0.8227508,,0.88025534,596.9067,2.0
4908,,,,,1166.457,2.0
4909,,,,,1428.4259,2.0
4910,,0.7538895,,0.83707774,470.19107,2.0
4911,,0.6597094,0.0,0.83542335,372.9506,2.0
4912,,0.70635176,,0.871757,263.91174,2.0
4913,,,,,475.7731,2.0
4914,,,,,319.33887,2.0
4915,,0.9372361,1.0,0.93090755,9578.679,2.0
4916,,0.46298012,,0.7067694,778.13544,2.0
4917,,0.6668462,,0.8387925,701.83105,2.0
4918,,0.0141157,1.0,0.1823988,633.8202,4.0
4919,,0.37072754,,0.8081637,530.973,2.0
4920,,0.7704525,1.0,0.885946,522.0656,2.0
4921,,0.37087667,1.0,0.6730545,604.12177,2.0
4922,,0.7180021,1.0,0.8695483,546.3064,2.0
4923,,,,,557.832,2.0
4924,,0.4237813,0.0,0.6810219,622.6718,2.0
4925,,0.50577426,0.0,0.7337853,608.2229,2.0
4926,,0.5270439,0.0,0.74645174,441.80264,2.0
4927,,0.61965346,,0.8160912,7127.086,2.0
4928,,0.40473452,,0.7433327,280.17242,2.0
4929,,0.43378696,,0.6878441,262.35202,2.0
4930,,0.8075512,,0.91740775,296.83362,2.0
4931,,,,,121.65927,2.0
4932,,0.34723714,,0.5107608,106.59773,2.0
4933,,0.11032131,0.0,0.53844523,136.33987,2.0
4934,,0.27209225,0.0,0.53979075,98.940605,2.0
4935,,0.5130322,0.0,0.77940726,106.15929,2.0
4936,,,,,119.70631,2.0
4937,,0.18051444,,0.59482247,3812.7546,2.0
4938,,0.16463876,,0.50419945,4025.4094,2.0
4939,,0.7138361,1.0,0.86696595,776.5911,2.0
4940,,0.4251621,1.0,0.57722944,999.06396,2.0
4941,,0.7283729,,0.88537276,832.3235,2.0
4942,,,,,258.11328,2.0
4943,,0.7043168,1.0,0.85880774,275.03976,2.0
4944,,0.66276443,1.0,0.8431121,268.47116,2.0
4945,,,,,194.98575,2.0
4946,,,,,312.70032,2.0
4947,,0.12648149,,0.49345013,298.61465,2.0
4948,,0.44346538,1.0,0.74659103,216.94833,2.0
4949,,0.21218856,,0.53306216,8909.686,2.0
4950,,0.7633476,,0.8743528,244.33008,2.0
4951,,0.710362,,0.8781817,240.5079,2.0
4952,,0.7795322,,0.9116069,196.52405,2.0
4953,,0.8420768,,0.7485499,218.9265,2.0
4954,0.0,0.5826491,0.0,0.8049695,302.4785,2.0
4955,,0.7826656,1.0,0.82784927,250.99168,2.0
4956,0.0,0.36398712,0.0,0.7105584,184.36957,2.0
4957,0.0,0.55622655,0.0,0.7787749,278.06485,2.0
4958,,,,,267.938,2.0
4959,,0.6882515,1.0,0.8487777,276.49463,2.0
4960,,,,,10385.58,2.0
4961,,0.5380184,,0.80487365,715.67346,2.0
4962,,0.63597023,,0.8240578,857.34106,2.0
4963,,0.68013805,1.0,0.8127837,72.078835,2.0
4964,,,,,50.96608,2.0
4965,1.0,0.72110134,1.0,0.8714564,71.88495,2.0
4966,,,,,64.38622,2.0
4967,0.0,0.55929977,0.0,0.7759662,68.59386,2.0
4968,,0.40597498,1.0,0.74409115,73.2671,2.0
4969,0.0,0.34277827,0.0,0.7214225,63.6432,2.0
4970,,0.6182242,,0.8278543,55.94803,2.0
4971,0.0,0.83255404,0.0,0.83259135,22.84188,2.0
4972,,0.85291433,,0.6199884,22.56008,2.0
4973,,0.5609743,,0.7770722,407.13858,2.0
4974,,0.5316735,,0.8382456,483.41483,2.0
4975,,0.8437556,,0.93617535,316.2508,2.0
4976,,0.40651366,,0.8183838,542.99,2.0
4977,,0.51548743,1.0,0.7459172,274.22095,2.0
4978,1.0,0.33621436,1.0,0.79448324,263.84488,2.0
4979,,0.74844754,0.0,0.8639151,140.38203,2.0
4980,,0.34608138,0.0,0.70467305,285.37766,2.0
4981,,,1.0,,182.36003,2.0
4982,,0.46596482,0.0,0.7623513,180.75514,2.0
4983,,0.39727437,,0.751156,283.86133,2.0
4984,,0.20824811,,0.6273964,269.7402,2.0
4985,,0.78105146,,0.91239077,241.7576,2.0
4986,,0.7311717,,0.89098126,200.03484,2.0
4987,,0.55735075,,0.79657936,233.42708,2.0
4988,,,,,284.5752,2.0
4989,,,,,290.3823,2.0
4990,0.0,0.63395554,0.0,0.84510964,173.07224,2.0
4991,,0.6883465,,0.8793229,180.23126,2.0
4992,,,,,278.51263,2.0
4993,0.0,0.68040997,0.0,0.8687911,277.14804,2.0
4994,,0.6374114,,0.8042264,340.1351,2.0
4995,,0.6543108,,0.8383927,278.71106,2.0
4996,,0.38241154,,0.6980657,448.2756,2.0
4997,,0.5995133,,0.7869287,233.99236,2.0
4998,1.0,0.72464895,1.0,0.8838938,270.94604,2.0
4999,,0.7698931,,0.8908147,236.94403,2.0
5000,,0.7272744,1.0,0.7625265,116.162186,2.0
5001,,,,,271.46432,2.0
5002,,0.31951803,,0.6572395,229.45412,2.0
5003,,,,,167.43393,2.0
5004,,,,,60.68067,2.0
5005,,,,,107.269424,2.0
5006,,,,,120.792534,2.0
5007,,,,,105.54905,2.0
5008,,0.5838893,,0.78025264,69.35511,2.0
5009,,,,,13649.341,2.0
5010,,0.54130507,,0.7616465,9607.148,2.0
5011,,,,,1163.1216,2.0
5012,,,,,961.11584,2.0
5013,,,,,167.44777,2.0
5014,,0.7618652,1.0,0.9191254,106.91902,2.0
5015,1.0,0.67745894,1.0,0.84354734,161.1462,2.0
5016,,0.6356743,,0.84601736,118.369514,2.0
5017,,0.49899778,0.0,0.73401487,181.95892,2.0
5018,,0.31112292,,0.7068308,251.98888,2.0
5019,,0.17662996,0.0,0.5980627,217.31534,2.0
5020,,,,,196.67226,2.0
5021,,0.32112065,,0.6345568,13261.259,2.0
5022,,0.6622656,,0.85303426,912.0144,2.0
5023,,0.7213209,,0.87432873,999.00757,2.0
5024,,0.5147163,,0.79028934,850.90204,2.0
5025,,0.29320553,,0.65400785,697.0697,2.0
5026,1.0,0.49994963,1.0,0.6786487,486.25882,2.0
5027,0.0,0.74085087,0.0,0.8961079,435.2978,2.0
5028,,0.643315,,0.8658259,453.37558,2.0
5029,1.0,0.7382584,1.0,0.86793184,515.2426,2.0
5030,1.0,0.39301005,1.0,0.8326208,418.1035,2.0
5031,1.0,0.55820304,1.0,0.7752403,476.66953,2.0
5032,0.0,0.61099505,0.0,0.8057787,472.87625,2.0
5033,,,,,9403.197,2.0
5034,,0.83076996,,0.9177773,537.2282,2.0
5035,,0.66180605,1.0,0.84258,801.598,2.0
5036,,0.6456217,0.0,0.8334814,844.0121,2.0
5037,,0.75219387,,0.86087614,660.2282,2.0
5038,1.0,0.7601332,1.0,0.9057252,219.65291,2.0
5039,,0.37145072,,0.7622152,229.79753,2.0
5040,0.0,0.27508143,0.0,0.6841799,273.68582,2.0
5041,,0.47206664,0.0,0.6996005,135.53271,2.0
5042,,,,,212.34395,2.0
5043,1.0,0.66441476,1.0,0.85828215,310.63684,2.0
5044,,0.61385936,,0.83430195,206.32579,2.0
5045,0.0,0.269328,0.0,0.6644419,396.42773,2.0
5046,,0.55170804,,0.76303446,5294.7725,2.0
5047,,0.39402488,,0.5144394,4782.5015,2.0
5048,,0.7331668,,0.8124303,5451.336,2.0
5049,,,,,5672.5312,2.0
5050,,0.5476583,0.0,0.71260923,1365.9614,2.0
5051,1.0,0.8737689,1.0,0.8876401,697.5614,2.0
5052,,0.78350425,1.0,0.8482468,936.15564,2.0
5053,,0.15533505,0.0,0.37332633,1478.0532,2.0
5054,1.0,0.31811297,1.0,0.584616,1570.1327,2.0
5055,0.0,0.45139468,0.0,0.58152145,1433.7662,2.0
5056,1.0,0.90023345,1.0,0.75689965,560.56805,2.0
5057,,0.44374883,,0.62796676,30077.521,2.0
5058,,0.36190498,,0.73858386,5607.2974,2.0
5059,,0.32798928,,0.617274,4803.879,2.0
5060,,0.17150041,1.0,0.59173435,5568.8535,2.0
5061,,0.30838856,,0.64518845,5553.3706,2.0
5062,0.0,0.59094083,0.0,0.7175829,1546.7283,2.0
5063,,0.4245837,,0.6457323,1573.4893,2.0
5064,0.0,0.68733114,0.0,0.80910075,1773.3201,2.0
5065,,0.6290532,1.0,0.79529774,1794.4526,2.0
5066,1.0,0.43331242,1.0,0.7002546,2242.9023,2.0
5067,,0.6313942,1.0,0.8152557,1090.7871,2.0
5068,1.0,0.62089777,1.0,0.7884466,1871.5615,2.0
5069,,0.44977146,1.0,0.6728191,29634.309,2.0
5070,,0.16556256,,0.54718786,2302.2776,2.0
5071,,0.74393505,,0.6794263,1085.4902,2.0
5072,,0.53143704,,0.65666914,2504.0142,2.0
5073,,0.58940136,,0.7741266,1962.5448,2.0
5074,,0.6339764,1.0,0.799382,274.272,2.0
5075,,0.82863647,,0.87895054,165.75217,2.0
5076,,0.27714878,,0.6897613,321.22003,2.0
5077,,0.75350165,1.0,0.7636125,140.09445,2.0
5078,,0.18893632,,0.49804708,416.1629,2.0
5079,,0.22275531,,0.46503007,308.4069,2.0
5080,,0.6729203,1.0,0.8303431,280.38455,2.0
5081,,0.12996827,,0.49773368,11548.115,2.0
5082,,0.92479444,,0.8858692,1527.3629,2.0
5083,,,,,2423.755,2.0
5084,,0.87849134,,0.79632574,1835.4861,2.0
5085,,0.89619756,,0.7763673,1873.6416,2.0
5086,0.0,0.7959984,0.0,0.74131644,2682.2224,2.0
5087,,,,,1754.9827,2.0
5088,1.0,0.9017109,1.0,0.7741197,1784.5305,2.0
5089,,0.84692395,0.0,0.7792395,1759.4237,2.0
5090,,,,,2299.9856,2.0
5091,,,,,2760.8777,2.0
5092,,0.9217149,,0.85177386,2504.0332,2.0
5093,,,,,51969.688,2.0
5094,,,,,3034.9868,2.0
5095,,0.7089492,,0.6223116,3080.05,2.0
5096,,0.879196,,0.62871766,2112.753,2.0
5097,,,,,2455.6116,2.0
5098,0.0,0.9304217,0.0,0.8497586,2309.66,2.0
5099,0.0,0.6414038,0.0,0.4757979,3211.275,2.0
5100,,0.9018335,,0.83072066,1911.5504,2.0
5101,,0.70562136,,0.60667557,1772.6115,2.0
5102,1.0,0.8717226,1.0,0.7491666,2826.159,2.0
5103,,0.88732946,,0.8041602,2380.086,2.0
5104,,0.43926576,,0.3833654,71097.68,2.0
5105,,0.4370097,,0.60798526,51832.75,2.0
5106,,0.74017054,,0.4436382,5403.832,2.0
5107,,0.6929659,,0.5301834,3665.659,2.0
5108,,0.9342338,,0.8435156,4368.765,2.0
5109,,0.3663985,,0.40079895,2824.102,1.0
5110,,0.53314877,,0.42493996,6841.837,2.0
5111,,,1.0,,5769.1104,2.0
5112,,,,,4557.5254,2.0
5113,,0.7442121,,0.5387191,6429.2095,2.0
5114,1.0,0.90055716,1.0,0.7685584,5049.613,2.0
5115,0.0,0.84801227,0.0,0.726751,4687.684,2.0
5116,,0.79310447,,0.67442864,4288.143,2.0
5117,,,,,27230.506,2.0
5118,,0.73910695,,0.69034576,3149.0293,2.0
5119,,0.7788048,,0.6690623,2716.1213,2.0
5120,,0.8848344,,0.81917596,3391.614,2.0
5121,,0.9174183,,0.81821007,2652.2761,2.0
5122,,0.6403912,,0.7233448,11650.666,2.0
5123,,0.77586627,1.0,0.6953581,9011.976,2.0
5124,0.0,0.90302634,0.0,0.7762908,6240.523,2.0
5125,,0.9412063,,0.86546177,6402.4443,2.0
5126,,,,,5374.0347,2.0
5127,1.0,0.9138947,1.0,0.8236427,7908.7144,2.0
5128,,,,,71637.78,2.0
5129,,0.65777713,,0.464438,13032.839,2.0
5130,,0.9076402,,0.8199106,13841.983,2.0
5131,,0.5976546,,0.6314374,15156.402,2.0
5132,,0.84231526,,0.74299216,9975.864,2.0
5133,0.0,0.657286,0.0,0.4769509,8836.667,2.0
5134,1.0,0.8721549,1.0,0.7494999,10070.784,2.0
5135,1.0,0.656245,1.0,0.56011635,9756.995,2.0
5136,1.0,0.7070703,1.0,0.60743934,11570.017,2.0
5137,1.0,0.9641644,1.0,0.8915344,9312.316,2.0
5138,0.0,0.6596712,0.0,0.67481756,7741.645,2.0
5139,1.0,0.7762255,1.0,0.7427413,9711.778,2.0
5140,,,,,84448.12,2.0
5141,,0.64805675,,0.47431692,19511.936,2.0
5142,,0.5474336,,0.64265674,14844.571,2.0
5143,,,,,5485.8926,2.0
5144,,0.9122746,,0.8559074,6041.135,2.0
5145,,,,,5969.9087,2.0
5146,,,,,5566.011,2.0
5147,1.0,0.6884126,1.0,0.6700704,4569.938,2.0
5148,1.0,0.77214116,1.0,0.6643352,7412.919,2.0
5149,1.0,0.6988129,1.0,0.7398034,2673.5776,2.0
5150,,0.6950833,1.0,0.722662,47116.887,2.0
5151,,0.50673515,,0.6974743,21256.35,2.0
5152,,,,,21207.793,2.0
5153,,0.89744246,,0.82685626,23535.611,2.0
5154,,0.85071397,,0.7830102,24321.965,2.0
5155,1.0,,1.0,,6891.1978,2.0
5156,1.0,0.76686245,1.0,0.7605948,10069.4375,2.0
5157,,,,,8124.4165,2.0
5158,,0.48465586,,0.51637596,9546.035,2.0
5159,,0.9344877,1.0,0.86141217,8226.387,2.0
5160,,0.675491,,0.72996837,8636.945,2.0
5161,,0.5398526,,0.62733126,63770.23,2.0
5162,,0.66330427,,0.6170425,25048.322,2.0
5163,,0.9221015,,0.8899114,22082.06,2.0
5164,1.0,0.5813726,1.0,0.6454132,5301.6494,2.0
5165,1.0,0.8288,1.0,0.7818882,5258.7554,2.0
5166,,0.6645124,1.0,0.52618694,5955.4873,2.0
5167,,0.7188032,1.0,0.77158046,2623.3071,2.0
5168,,0.8132053,,0.7126689,5581.5093,2.0
5169,,0.9343283,1.0,0.90537155,3493.163,2.0
5170,0.0,0.58854574,0.0,0.56194335,5639.317,2.0
5171,,,,,13713.233,2.0
5172,,0.8040159,,0.7569924,7927.3716,2.0
5173,,0.6753833,,0.70996183,12479.555,2.0
5174,,0.92898536,,0.86025316,11269.545,2.0
5175,,0.9326949,,0.8380458,10247.663,2.0
5176,,0.85372955,1.0,0.7949719,3913.9363,2.0
5177,0.0,0.5169118,0.0,0.5373923,5964.2812,2.0
5178,1.0,0.46296886,1.0,0.71271616,4911.306,2.0
5179,,0.8925189,1.0,0.804655,3340.7112,2.0
5180,,0.97578424,1.0,0.9183214,3394.0186,2.0
5181,1.0,0.94346344,1.0,0.8583185,5361.3164,2.0
5182,1.0,0.9583818,1.0,0.90145403,5255.615,2.0
5183,,0.7129011,,0.5651714,231.1211,2.0
5184,,0.8735406,,0.7146838,430.23135,2.0
5185,,0.5863844,,0.41812843,401.78537,2.0
5186,,0.605593,,0.5852175,440.289,2.0
5187,,0.6951799,1.0,0.6765313,687.58905,2.0
5188,,0.7532591,1.0,0.6639622,704.6265,2.0
5189,,0.541276,,0.5590215,585.45856,2.0
5190,,0.8250629,1.0,0.79146093,616.3708,2.0
5191,,0.84950346,0.0,0.42596346,703.4122,2.0
5192,,0.70313096,,0.63285327,508.9166,2.0
5193,,0.56311774,,0.5085632,690.825,2.0
5194,,0.6699133,0.0,0.25001186,27769.62,2.0
5195,,0.586678,,0.58287686,934.0505,2.0
5196,,0.7759507,,0.73122334,1015.06287,2.0
5197,,0.5656962,,0.60113096,1375.0881,2.0
5198,,0.7451674,,0.609609,1387.2714,2.0
5199,1.0,0.60313475,1.0,0.63288826,1034.0819,2.0
5200,,0.74429035,1.0,0.6943972,777.5725,2.0
5201,,0.70292383,,0.6547981,766.5202,2.0
5202,,0.7045605,1.0,0.6841054,678.8987,2.0
5203,,,,,828.8094,2.0
5204,1.0,0.8681177,1.0,0.79776806,546.6051,2.0
5205,,0.3624927,0.0,0.5717438,929.2266,2.0
5206,,0.13987108,,0.35197508,13748.325,2.0
5207,,0.7183227,,0.7019708,1077.831,2.0
5208,,0.54532486,,0.58323663,1451.9347,2.0
5209,,,,,947.47504,2.0
5210,,0.51106095,1.0,0.5240167,681.1747,2.0
5211,1.0,0.32419237,1.0,0.34857085,753.73737,2.0
5212,,0.47893104,,0.39740604,651.1039,2.0
5213,,0.5361161,1.0,0.49369627,655.1045,2.0
5214,,0.33903825,1.0,0.37612465,621.08307,2.0
5215,,0.63963777,,0.6680046,749.0365,2.0
5216,,0.36564547,0.0,0.38262513,692.2536,2.0
5217,,0.10496525,1.0,0.26362404,26903.283,2.0
5218,,0.72909755,,0.7195515,275.3067,2.0
5219,,0.8536178,1.0,0.35403907,230.71376,2.0
5220,,0.5298727,,0.6246578,195.59425,2.0
5221,,0.14894737,0.0,0.4703887,518.05304,2.0
5222,,0.6248011,1.0,0.5825194,467.22922,2.0
5223,,0.61561185,0.0,0.5556543,734.3298,2.0
5224,,0.68916744,,0.55781585,464.34857,2.0
5225,,0.4918002,1.0,0.464263,716.1225,2.0
5226,,0.7721432,1.0,0.7473084,470.3768,2.0
5227,,0.24738273,,0.32743353,603.3063,2.0
5228,,0.6091124,1.0,0.5733541,577.04205,2.0
5229,,0.5667555,,0.54897594,12541.715,2.0
5230,,0.6136455,,0.60029584,829.2169,2.0
5231,,0.1551999,,0.292251,1362.1428,2.0
5232,,0.83486813,,0.83991075,768.9083,2.0
5233,,,,,665.62177,2.0
5234,,,0.0,,705.77106,2.0
5235,,0.4630037,0.0,0.4833889,783.5179,2.0
5236,,0.52756894,,0.56750506,765.9071,2.0
5237,,0.71146274,1.0,0.6961384,853.6401,2.0
5238,,0.755522,1.0,0.7361009,738.4852,2.0
5239,,0.8695418,1.0,0.70188034,590.58185,2.0
5240,,0.23117569,1.0,0.22538272,9419.168,2.0
5241,,0.5127176,1.0,0.4643963,9900.473,2.0
5242,,0.46878326,,0.4478186,438.05786,2.0
5243,,0.7374415,,0.72885185,347.1885,2.0
5244,,0.38035804,,0.27713034,453.38855,2.0
5245,,0.5128805,1.0,0.5352434,1264.3308,2.0
5246,0.0,0.6025559,0.0,0.58299994,1294.6857,2.0
5247,,0.4655557,1.0,0.44362622,1267.4066,2.0
5248,,,,,1013.04315,2.0
5249,,0.47932872,0.0,0.4355773,1406.6488,2.0
5250,1.0,0.64451605,1.0,0.5781351,1180.0645,2.0
5251,1.0,0.5798582,1.0,0.44441113,1320.976,2.0
5252,,0.22531326,,0.24528003,28532.238,2.0
5253,,0.8080184,,0.80429786,1552.6376,2.0
5254,,,,,1897.239,2.0
5255,,0.7742021,,0.8514496,822.0047,2.0
5256,,0.5766888,,0.56420255,995.6987,2.0
5257,0.0,0.24975635,0.0,0.38349172,1286.1233,2.0
5258,,,,,1226.2008,2.0
5259,,,1.0,,978.4056,2.0
5260,,0.6327962,,0.6511328,830.3753,2.0
5261,,0.18736507,0.0,0.4593968,942.10474,2.0
5262,,0.7068001,1.0,0.5833435,9862.872,2.0
5263,,0.29045674,,0.38455245,212.70232,2.0
5264,,0.52126724,,0.53372735,381.53162,2.0
5265,,0.7870945,1.0,0.743999,623.5195,2.0
5266,,0.719952,1.0,0.64359224,602.53534,2.0
5267,,0.11036263,0.0,0.23962423,534.1401,2.0
5268,,0.20908232,1.0,0.33912426,519.89716,2.0
5269,,0.546464,,0.49799964,224.05122,2.0
5270,,0.44548267,,0.512957,126.52141,2.0
5271,,0.8031922,1.0,0.7769261,173.00877,2.0
5272,0.0,0.5924923,0.0,0.53475857,247.71272,2.0
5273,,0.7994509,1.0,0.68628716,244.94853,2.0
5274,,0.7326895,0.0,0.7152899,235.77101,2.0
5275,,0.60665053,1.0,0.46842661,232.00917,2.0
5276,1.0,0.54240143,1.0,0.49030015,293.17044,2.0
5277,,,,,20836.385,2.0
5278,,0.45906097,,0.33269805,20967.107,2.0
5279,,0.7093464,,0.6893211,1044.5515,2.0
5280,,,,,1155.7135,2.0
5281,,0.5788133,0.0,0.56574106,988.5692,2.0
5282,,0.7036782,,0.68445885,1069.426,2.0
5283,1.0,0.6965567,1.0,0.70687145,759.5116,2.0
5284,,0.6684748,1.0,0.6815578,367.96494,2.0
5285,,0.61507356,,0.63322777,901.3083,2.0
5286,,0.7967428,1.0,0.41861174,338.728,2.0
5287,,0.4628643,0.0,0.48326686,910.844,2.0
5288,,0.8271405,1.0,0.78917205,1051.6232,2.0
5289,,,,,1236.8573,2.0
5290,,0.28930056,1.0,0.5085888,10216.467,2.0
5291,,0.11322717,,0.24261178,25945.172,2.0
5292,,,,,28997.88,2.0
5293,,0.1775729,,0.2078234,27120.184,2.0
5294,,0.113705166,,0.2431063,19729.387,2.0
5295,,0.16800083,,0.3080145,22695.137,2.0
5296,,0.5658259,,0.54844546,194.37534,2.0
5297,,0.6537453,,0.5110719,141.60881,2.0
5298,,0.6858325,,0.68820816,244.73412,2.0
5299,,0.3828762,,0.4327674,182.58319,2.0
5300,,,,,395.11978,2.0
5301,,0.5932979,1.0,0.57625496,685.4407,2.0
5302,,0.35767713,,0.47443354,774.1573,2.0
5303,,0.7219054,1.0,0.5243305,251.7423,2.0
5304,,0.61769027,0.0,0.6270572,602.28973,2.0
5305,,0.4546633,1.0,0.5620147,773.625,2.0
5306,,0.106547065,0.0,0.27232036,682.90234,2.0
5307,,0.6277645,,0.58540714,17378.334,2.0
5308,,0.5641399,,0.5568212,2423.3494,2.0
5309,,0.79645777,,0.8116523,1972.9929,2.0
5310,,,,,1185.5297,2.0
5311,,,,,1371.4043,2.0
5312,,0.63824266,1.0,0.6260532,1366.667,2.0
5313,,0.6800244,1.0,0.6629263,1219.3535,2.0
5314,,,,,1562.2374,2.0
5315,,0.6714163,,0.6253566,1270.4309,2.0
5316,,0.47141019,0.0,0.28998962,1529.6248,2.0
5317,,,,,1282.191,2.0
5318,,0.5417222,,0.44496304,18583.246,2.0
5319,,0.37664565,0.0,0.3833454,17367.137,2.0
5320,,0.6776827,,0.6701679,459.9188,2.0
5321,,0.28164512,,0.38994363,662.8031,2.0
5322,,0.5400968,,0.48827827,742.31055,2.0
5323,0.0,0.69416785,0.0,0.6856497,391.61166,2.0
5324,,0.76194,1.0,0.7419952,409.353,2.0
5325,1.0,0.691771,1.0,0.6443117,669.52106,2.0
5326,,0.42527258,1.0,0.46408308,650.2393,2.0
5327,,0.4139387,0.0,0.55465984,544.27747,2.0
5328,,0.2724289,0.0,0.44474378,563.82684,2.0
5329,,0.60554534,1.0,0.5851826,497.6931,2.0
5330,,0.6439768,,0.6134897,417.7113,2.0
5331,,,0.0,,361.14606,2.0
5332,,0.63914925,,0.57232094,411.87598,2.0
5333,,0.6846558,,0.6441113,409.9669,2.0
5334,1.0,,1.0,,540.0937,2.0
5335,,0.58550036,1.0,0.5705896,748.9413,2.0
5336,,0.1782217,0.0,0.30670214,617.6762,2.0
5337,,0.7730303,1.0,0.6849029,811.5112,2.0
5338,,0.37383345,1.0,0.47767386,715.1123,2.0
5339,0.0,0.683696,0.0,0.643379,862.1722,2.0
5340,0.0,0.6310912,0.0,0.6201317,518.9252,2.0
5341,,0.30760378,,0.2926399,37712.305,2.0
5342,,0.851179,,0.73226404,7675.7227,2.0
5343,,0.89024776,,0.8453852,7305.43,2.0
5344,,0.9195071,,0.933486,5657.971,2.0
5345,,0.9488521,,0.89879483,8496.786,2.0
5346,1.0,0.8493846,1.0,0.6998553,8316.217,2.0
5347,,0.8678863,1.0,0.83143127,5346.613,2.0
5348,,0.889927,1.0,0.8217159,3274.752,2.0
5349,,,,,6120.547,2.0
5350,0.0,0.4020378,0.0,0.50981724,6824.0815,2.0
5351,,0.7684456,,0.67304623,8661.52,2.0
5352,,0.850186,1.0,0.81869256,7706.871,2.0
5353,1.0,0.769305,1.0,0.59055746,67873.43,2.0
5354,,0.9106423,,0.8462774,3180.129,2.0
5355,,0.9455906,,0.88584393,5482.806,2.0
5356,,0.902744,,0.7530963,3565.926,2.0
5357,,0.9535738,,0.8841157,4538.9614,2.0
5358,,0.5995119,,0.67523694,3164.5193,2.0
5359,,0.52646035,,0.66259044,2995.3281,2.0
5360,1.0,0.8250504,1.0,0.820284,3185.6848,2.0
5361,,0.41960448,0.0,0.68158597,2877.186,2.0
5362,0.0,0.45443946,0.0,0.6576167,4952.9067,2.0
5363,1.0,0.9237505,1.0,0.8274342,3707.152,2.0
5364,,0.8420413,,0.40412915,30511.889,2.0
5365,,,,,3040.045,2.0
5366,,0.88037264,,0.9076245,1950.2898,2.0
5367,,0.7941168,,0.8227652,2236.635,2.0
5368,,0.55314505,,0.78258353,2366.7654,2.0
5369,,0.6436236,,0.7240515,2916.9795,2.0
5370,,0.71038735,,0.8278647,2095.043,2.0
5371,,0.7626029,1.0,0.8184206,2505.094,2.0
5372,1.0,0.7077364,1.0,0.77916944,3731.131,2.0
5373,,0.83981884,1.0,0.8635223,2743.999,2.0
5374,0.0,0.80294585,0.0,0.88041013,2906.5269,2.0
5375,,0.7716262,,0.8590447,3053.9834,2.0
5376,,,,,13546.726,2.0
5377,,0.29405108,,0.6276962,5889.0815,2.0
5378,,0.43590492,,0.7693033,4498.786,2.0
5379,0.0,0.8206601,0.0,0.90254074,2490.4917,2.0
5380,,0.74256796,0.0,0.7603552,1836.9358,2.0
5381,,,1.0,,2710.8503,2.0
5382,,0.7698867,1.0,0.8244379,2676.7295,2.0
5383,,0.49387115,,0.5674579,1962.073,2.0
5384,,0.81198454,1.0,0.83878654,2401.0566,2.0
5385,,0.2908812,,0.5535333,2756.935,2.0
5386,,,,,2406.2375,2.0
5387,,0.7973191,,0.8487507,15249.672,2.0
5388,,,,,14922.17,2.0
5389,,0.7338102,,0.788463,1565.6318,2.0
5390,,0.5921418,,0.8337588,1487.6699,2.0
5391,,0.8663615,,0.9151249,519.60114,2.0
5392,,0.75354576,,0.91404825,844.73,2.0
5393,,,,,1968.8798,2.0
5394,,,,,2924.062,2.0
5395,0.0,0.6715072,0.0,0.76667327,2173.5269,2.0
5396,,0.7947897,1.0,0.96307355,1546.41,2.0
5397,,0.8326837,0.0,0.9236862,1684.5354,2.0
5398,0.0,0.7400109,0.0,0.8805823,2825.4148,2.0
5399,,,,,2217.0132,2.0
5400,,0.279422,,0.5541412,9494.89,2.0
5401,,0.658613,,0.84080315,5504.37,2.0
5402,,0.8161529,,0.83233064,5642.7134,2.0
5403,,0.6822479,,0.83476025,5493.308,2.0
5404,,0.8502063,,0.910199,4353.562,2.0
5405,,0.8486544,1.0,0.84598345,1353.6693,2.0
5406,,0.7641547,,0.87273353,2695.4524,2.0
5407,,0.6445495,1.0,0.82661664,3183.804,2.0
5408,,0.85104257,1.0,0.9110429,2425.117,2.0
5409,,0.8751314,1.0,0.83327657,1515.7576,2.0
5410,,,,,2521.0496,2.0
5411,,0.32601666,,0.6480172,3388.5593,2.0
5412,,0.4245321,,0.5621518,17569.164,2.0
5413,,,,,4540.8237,2.0
5414,,0.8284319,,0.8497386,5206.9707,2.0
5415,,0.39626348,,0.1943183,1876.1754,2.0
5416,,0.7974314,1.0,0.8907508,5781.4155,2.0
5417,,0.3045541,0.0,0.76813614,1457.6218,2.0
5418,,0.7953182,1.0,0.9059011,2420.7073,2.0
5419,1.0,0.76438534,1.0,0.8890141,1964.197,2.0
5420,,0.41353396,0.0,0.7384805,2200.8057,2.0
5421,,0.62124795,0.0,0.80797094,1922.3113,2.0
5422,,0.2289322,,0.73518986,2955.6077,2.0
5423,,0.83286715,1.0,0.88512033,1113.9764,2.0
5424,,0.5787494,,0.49263382,16338.134,2.0
5425,,0.7069966,,0.3403944,2154.714,2.0
5426,,0.7529266,,0.8069939,1657.5146,2.0
5427,,0.29757187,,0.5805844,2198.2546,2.0
5428,,0.5597516,,0.91122013,1111.9249,2.0
5429,1.0,0.50988203,1.0,0.6457704,1051.5732,2.0
5430,0.0,0.25449714,0.0,0.48961124,1023.2745,2.0
5431,,,,,1501.4513,2.0
5432,1.0,0.59295374,1.0,0.7101362,1216.7413,2.0
5433,1.0,0.5596697,1.0,0.6084745,1245.3577,2.0
5434,,0.10862985,0.0,0.45199928,1200.2345,2.0
5435,,,,,1133.1759,2.0
5436,,0.13025728,,0.23461632,8810.673,2.0
5437,,0.5439437,,0.73737323,2261.795,2.0
5438,,0.7368101,,0.80471367,1673.0137,2.0
5439,,0.6920916,,0.8908708,1435.9421,2.0
5440,,,,,2548.1602,2.0
5441,0.0,0.47489563,0.0,0.7421613,314.14243,2.0
5442,,0.4099293,1.0,0.7114842,357.7754,2.0
5443,1.0,0.6364066,1.0,0.8436339,378.0572,2.0
5444,1.0,0.6309759,1.0,0.7348989,657.1331,2.0
5445,1.0,0.6875641,1.0,0.8579639,470.94,2.0
5446,1.0,0.45011082,1.0,0.64848965,605.77625,2.0
5447,1.0,0.43633702,1.0,0.6130915,484.61224,2.0
5448,,0.4587369,,0.6930041,3512.0435,2.0
5449,,0.09396524,,0.4173655,5443.747,2.0
5450,1.0,0.44116166,1.0,0.51722497,2348.702,2.0
5451,1.0,0.48488742,1.0,0.7125358,340.6463,2.0
5452,1.0,0.58610916,1.0,0.7339908,544.303,2.0
5453,1.0,0.58162767,1.0,0.63162,321.5926,2.0
5454,0.0,0.18726397,0.0,0.30559272,800.6351,2.0
5455,,0.6176861,1.0,0.77601683,675.01544,2.0
5456,,0.27893612,0.0,0.54191583,931.5916,2.0
5457,,0.69220555,1.0,0.43608055,274.93723,2.0
5458,0.0,0.08102481,0.0,0.41385382,757.0005,2.0
5459,,0.3364096,,0.5328211,2644.091,2.0
5460,,,,,2145.338,2.0
5461,,0.5701597,,0.5979852,615.29504,2.0
5462,,0.49359846,,0.6296771,1127.526,2.0
5463,,0.63862216,,0.8462508,1655.0729,2.0
5464,,0.48160815,,0.67799395,1924.1013,2.0
5465,,0.14252776,,0.36198288,867.7342,2.0
5466,,,,,660.5706,2.0
5467,,0.14482798,1.0,0.5699161,659.14825,2.0
5468,,0.14857274,1.0,0.32749432,514.19794,2.0
5469,1.0,0.40330538,1.0,0.71012604,516.1912,2.0
5470,,0.63014877,1.0,0.7353985,304.5179,2.0
5471,,,,,1179.1333,2.0
5472,,0.27889675,,0.63999,1861.2986,2.0
5473,,0.72827405,,0.7791537,2097.0752,2.0
5474,,0.6379728,,0.77162164,1484.7887,2.0
5475,,0.69981307,1.0,0.7820726,2185.8115,2.0
5476,,0.35405073,,0.62254316,2673.587,2.0
5477,1.0,0.8183067,1.0,0.8549673,1708.5421,2.0
5478,0.0,0.3538136,0.0,0.4750394,3923.2432,2.0
5479,,0.49467638,,0.5933346,3633.5845,2.0
5480,0.0,0.62524474,0.0,0.76373684,2238.28,2.0
5481,,,,,2431.7131,2.0
5482,,0.49999052,,0.49191168,10343.543,2.0
5483,,,,,2883.8777,2.0
5484,,0.84790206,,0.8902457,1344.6298,2.0
5485,1.0,0.34568775,1.0,0.6155355,1021.4511,2.0
5486,,,,,1257.2039,2.0
5487,,0.16888791,,0.5690709,1095.7473,2.0
5488,0.0,0.5617769,0.0,0.7231864,1271.4559,2.0
5489,1.0,0.70353025,1.0,0.761763,1207.7814,2.0
5490,0.0,0.35991603,0.0,0.480401,1319.5393,2.0
5491,,,,,756.4426,2.0
5492,1.0,0.6867766,1.0,0.7198261,1150.8998,2.0
5493,0.0,0.5719779,0.0,0.729858,1648.9095,2.0
5494,,0.2704224,,0.632031,2043.8401,2.0
5495,,0.87202686,,0.9571473,3805.918,2.0
5496,,0.3131277,,0.7171029,3703.6682,2.0
5497,,,,,2038.5492,2.0
5498,1.0,0.8152989,1.0,0.88782704,4146.174,2.0
5499,,0.74841934,,0.7293473,1976.9247,2.0
5500,,,,,3282.9773,2.0
5501,,0.7571108,1.0,0.8671082,3660.8008,2.0
5502,,0.6130671,1.0,0.7561223,4463.891,2.0
5503,,,,,14118.225,2.0
5504,,,,,1653.6372,2.0
5505,,0.8016994,1.0,0.83448166,1229.1635,2.0
5506,,,,,1665.1296,2.0
5507,1.0,0.60513264,1.0,0.681005,1355.2926,2.0
5508,,0.6324396,1.0,0.5175189,2083.3652,2.0
5509,,0.5517955,,0.33808514,2105.439,2.0
5510,,0.5945348,,0.39810005,2034.511,2.0
5511,1.0,0.63991636,1.0,0.51924014,2831.5415,2.0
5512,0.0,0.7118985,0.0,0.68406636,2473.0876,2.0
5513,,0.7712059,1.0,0.5895917,2282.3691,2.0
5514,,,,,2397.8452,2.0
5515,,,,,21850.07,2.0
5516,,0.7785371,,0.88957304,870.8565,2.0
5517,,0.76447433,,0.907817,1060.5846,2.0
5518,,0.6676018,,0.9077037,542.249,2.0
5519,1.0,0.82241386,1.0,0.9641255,1539.5238,2.0
5520,,0.7644803,0.0,0.9273591,920.66296,2.0
5521,,,,,1176.7313,2.0
5522,,0.0765222,1.0,0.6750871,450.35025,2.0
5523,,0.6425397,1.0,0.8356721,1438.4939,2.0
5524,,0.4400033,1.0,0.87330604,1209.0162,2.0
5525,,0.34573305,,0.7650276,1370.7277,2.0
5526,,0.414495,,0.8295727,1368.6487,2.0
5527,,0.2322933,,0.6019711,3051.6665,2.0
5528,,0.64185655,,0.85022813,1059.8599,2.0
5529,,0.51913613,,0.7829775,928.728,2.0
5530,,0.31306893,,0.61779636,980.61993,2.0
5531,,0.7791149,,0.8515729,408.49194,2.0
5532,1.0,0.74489796,1.0,0.7142581,956.16113,2.0
5533,1.0,0.54648834,1.0,0.77156293,1186.0795,2.0
5534,,0.45275697,,0.75750744,775.35425,2.0
5535,,0.7163352,1.0,0.8444994,1405.7391,2.0
5536,0.0,0.5497391,0.0,0.8121577,1126.8339,2.0
5537,,0.51254535,,0.77453065,1228.8004,2.0
5538,,0.21410163,,0.3564304,956.66266,2.0
5539,,,,,1003.77844,2.0
5540,,0.8164707,,0.91576093,801.86694,2.0
5541,,0.88536453,,0.9016861,351.05087,2.0
5542,,0.08232593,,0.6637102,939.6052,2.0
5543,,0.6665502,,0.8464342,1993.586,2.0
5544,1.0,0.4190217,1.0,0.7134849,1540.3372,2.0
5545,0.0,0.11994478,0.0,0.67895573,2093.3896,2.0
5546,1.0,0.72226715,1.0,0.83130753,2267.1304,2.0
5547,,,,,1965.834,2.0
5548,,0.11635265,,0.34719372,6904.9087,2.0
5549,,0.35728347,,0.377748,2158.5322,2.0
5550,,0.758839,,0.78098875,1688.394,2.0
5551,,0.5213983,,0.49026796,2476.2983,2.0
5552,,0.77579325,,0.8032962,2188.7812,2.0
5553,,0.4289873,,0.66748095,1213.4329,2.0
5554,,0.38725203,1.0,0.6114864,1373.6086,2.0
5555,,,,,1205.4945,2.0
5556,,0.26451594,1.0,0.3888436,1896.883,2.0
5557,,0.7364139,,0.7457156,1914.5347,2.0
5558,,,,,1271.0304,2.0
5559,,0.34349477,,0.4783751,1701.9685,2.0
5560,,,,,11613.46,2.0
5561,,0.67313117,,0.6861416,1416.2145,2.0
5562,,0.75239927,,0.7826145,1983.3259,2.0
5563,,0.7519289,,0.78128767,2063.6907,2.0
5564,,0.66409975,,0.710591,2025.9292,2.0
5565,0.0,0.7146635,0.0,0.71202105,2322.4631,2.0
5566,,0.53400177,1.0,0.499045,2630.4365,2.0
5567,,0.17324828,,0.47405726,2376.6558,2.0
5568,,0.18691486,0.0,0.53286815,1950.6547,2.0
5569,,0.6157984,1.0,0.6658818,1330.7836,2.0
5570,,0.3495375,,0.49894023,1657.1969,2.0
5571,,0.538822,,0.4958834,1919.588,2.0
5572,,0.38039196,1.0,0.5900297,7249.1104,2.0
5573,,0.36097255,,0.62179184,2801.0378,2.0
5574,,0.6143633,,0.7512819,4874.3477,2.0
5575,1.0,0.7310576,1.0,0.85561454,511.34738,2.0
5576,0.0,0.20911463,0.0,0.56546885,631.1478,2.0
5577,,0.5135214,,0.69340575,526.6695,2.0
5578,,0.6922856,,0.710812,241.98276,2.0
5579,,,,,443.75955,2.0
5580,,0.7389736,1.0,0.7055363,348.88678,2.0
5581,,,,,413.5576,2.0
5582,,,,,657.1557,2.0
5583,,,,,1074.4279,2.0
5584,,0.36874846,,0.4624159,2419.6199,2.0
5585,,0.17639379,,0.688687,735.27826,2.0
5586,,0.39382803,,0.75447094,637.03796,2.0
5587,,,,,786.18396,2.0
5588,,0.62553734,,0.8754642,522.04535,2.0
5589,,0.5090463,0.0,0.4942063,998.05963,2.0
5590,,0.22067338,,0.6532978,1126.4214,2.0
5591,,0.6267585,0.0,0.68419456,1277.9099,2.0
5592,,0.6528936,0.0,0.7366084,1000.0893,2.0
5593,,,,,929.2972,2.0
5594,,0.7364741,,0.8460705,1004.6111,2.0
5595,,0.6928885,1.0,0.859634,1218.8865,2.0
5596,,,,,19506.76,2.0
5597,,0.59150106,,0.7487458,1699.9767,2.0
5598,,0.48392487,,0.62822,1456.0088,2.0
5599,,,,,1155.3345,2.0
5600,,,,,1412.2479,2.0
5601,,0.654557,0.0,0.7902933,1013.9185,2.0
5602,,0.67516136,,0.8870463,914.881,2.0
5603,,0.55345994,,0.659285,1324.9501,2.0
5604,,0.53258455,1.0,0.5953184,1540.1132,2.0
5605,,0.27443087,0.0,0.43497723,1402.6503,2.0
5606,,0.39458004,0.0,0.519898,1655.4915,2.0
5607,,0.6896994,1.0,0.8293546,838.9394,2.0
5608,,,,,1694.2255,2.0
5609,,0.16240212,,0.6475787,1519.5696,2.0
5610,,0.6913909,,0.8601443,1632.8694,2.0
5611,,0.22193347,,0.8609394,911.1859,2.0
5612,,,,,332.34268,2.0
5613,,,,,406.24985,2.0
5614,,,,,467.437,2.0
5615,,0.43257892,1.0,0.81395507,199.08652,2.0
5616,,0.34244743,0.0,0.53976256,570.54596,2.0
5617,0.0,0.48213103,0.0,0.7961382,214.6012,2.0
5618,1.0,0.6121746,1.0,0.8504748,491.98044,2.0
5619,,,,,4812.2305,2.0
5620,,,,,2973.5273,2.0
5621,,0.6263609,,0.8516546,2214.429,2.0
5622,,0.17890044,0.0,0.7302258,1091.3887,2.0
5623,1.0,0.07534181,1.0,0.55455106,1047.5293,2.0
5624,0.0,0.21435362,0.0,0.8056833,1098.4575,2.0
5625,,,,,1079.6268,2.0
5626,0.0,0.5631879,0.0,0.8638278,1500.3131,2.0
5627,,0.6382489,1.0,0.933767,430.52487,2.0
5628,0.0,0.36369887,0.0,0.74440116,1072.0219,2.0
5629,,0.65774226,1.0,0.8058698,673.4114,2.0
5630,,,,,1377.3904,2.0
5631,0.0,0.20658207,0.0,0.6715552,921.0386,2.0
5632,,,,,1575.1284,2.0
5633,,0.41589278,,0.72821665,2238.4236,2.0
5634,,0.2607262,,0.8134945,1793.0079,2.0
5635,,0.09069517,,0.6636067,2537.859,2.0
5636,,0.45462632,,0.78649294,957.14435,2.0
5637,,,,,1786.7029,2.0
5638,,0.5420169,0.0,0.8573161,938.46466,2.0
5639,,0.48953575,,0.82078546,1719.5276,2.0
5640,,0.17069936,1.0,0.5839223,1826.1168,2.0
5641,0.0,0.49229264,0.0,0.8130564,2115.5356,2.0
5642,0.0,0.43550608,0.0,0.86472934,1339.7269,2.0
5643,,,,,9865.169,2.0
5644,,0.037487578,,0.5647261,185.72021,2.0
5645,,0.4753948,,0.8570345,145.67523,2.0
5646,,0.36689255,,0.5947585,101.079445,2.0
5647,,0.44988748,,0.8325909,147.98253,2.0
5648,,,,,248.16817,2.0
5649,1.0,0.22858429,1.0,0.5881711,164.49995,2.0
5650,,0.045761034,1.0,0.700019,115.06237,2.0
5651,,,,,175.78052,2.0
5652,0.0,0.2150932,0.0,0.5249555,209.83385,2.0
5653,,0.15478861,,0.27077833,778.34406,2.0
5654,,0.15230122,0.0,0.25215277,956.847,2.0
5655,,0.07498686,,0.4293492,717.1593,2.0
5656,,,,,1235.9606,2.0
5657,,0.51962566,,0.70852906,850.2802,2.0
5658,,,,,1197.0331,2.0
5659,,,,,799.84375,2.0
5660,,0.60109806,,0.65653163,346.07504,2.0
5661,1.0,0.41032377,1.0,0.7527906,462.19955,2.0
5662,1.0,0.5341166,1.0,0.8050735,640.1696,2.0
5663,0.0,0.2646887,0.0,0.6621038,662.2614,2.0
5664,,0.06784325,,0.58850443,875.7529,2.0
5665,,0.11865375,,0.4261554,3854.8987,2.0
5666,,0.34352344,,0.7395867,1037.0652,2.0
5667,,0.7875344,,0.84235334,946.2446,2.0
5668,,0.23356166,,0.66367453,854.8248,2.0
5669,,0.8494588,,0.78125906,309.19214,2.0
5670,,0.8408572,1.0,0.86085635,616.2517,2.0
5671,0.0,0.51239824,0.0,0.6536427,796.33826,2.0
5672,0.0,0.37312558,0.0,0.62506735,669.25494,2.0
5673,,,,,828.78925,2.0
5674,0.0,0.65680385,0.0,0.7548525,904.1847,2.0
5675,,,,,713.4089,2.0
5676,0.0,0.4848901,0.0,0.74625057,838.50793,2.0
5677,,0.16202842,,0.40373662,2778.4404,2.0
5678,,0.7020743,,0.7164884,124.40499,2.0
5679,,,,,132.11006,2.0
5680,1.0,0.70890737,1.0,0.45171595,154.46936,2.0
5681,1.0,0.4141041,1.0,0.30160475,214.61952,2.0
5682,,0.2752057,,0.17063932,161.8228,2.0
5683,,,,,199.67061,2.0
5684,,,,,13179.902,2.0
5685,,0.36546582,,0.10997064,8052.897,2.0
5686,,0.26122928,,0.11982598,11520.114,2.0
5687,,0.27963084,,0.1407484,9619.225,2.0
5688,,,,,9064.078,2.0
5689,,,,,8299.721,2.0
5690,,0.64987487,,0.37525517,146.20346,2.0
5691,,0.09619509,,0.13736299,186.82864,2.0
5692,,0.40653837,1.0,0.28870755,196.12149,2.0
5693,,0.39927548,,0.25050518,235.99721,2.0
5694,,0.85971653,,0.41247717,206.8783,2.0
5695,,,,,222.72125,2.0
5696,,0.3490582,0.0,0.2948163,175.85866,2.0
5697,,0.60895133,,0.40751776,305.0962,2.0
5698,,0.830556,,0.16466168,166.18073,2.0
5699,,0.20425679,,0.13764288,32493.814,2.0
5700,,0.47365752,,0.2632718,879.29974,2.0
5701,,0.4211294,,0.31380495,685.30273,2.0
5702,,0.6849328,1.0,0.56879085,608.8986,2.0
5703,,0.12851357,,0.2932958,264.85382,2.0
5704,,0.41711277,,0.3068037,758.33563,2.0
5705,,0.6104168,,0.38501006,906.73425,2.0
5706,0.0,0.44908363,0.0,0.28977713,595.22614,2.0
5707,,0.6811204,1.0,0.45963854,839.85364,2.0
5708,,0.29613358,0.0,0.27067617,1361.3345,2.0
5709,,0.40993682,1.0,0.2944693,628.8745,2.0
5710,,0.6329295,0.0,0.44926664,743.9635,2.0
5711,,0.5118664,,0.2949085,2062.1565,2.0
5712,,0.592818,,0.2910907,1859.8593,2.0
5713,,0.6084101,,0.35622004,1852.8958,2.0
5714,,0.62568516,,0.38280305,1819.9207,2.0
5715,,0.38334224,,0.25044516,672.6437,2.0
5716,1.0,0.66806453,1.0,0.5088156,389.64575,2.0
5717,1.0,0.43171468,1.0,0.345302,673.14325,2.0
5718,,,,,723.2259,2.0
5719,0.0,0.714624,0.0,0.52189356,341.07104,2.0
5720,0.0,0.60231906,0.0,0.31107748,659.1511,2.0
5721,,,,,782.64124,2.0
5722,,,,,445.3213,2.0
5723,,0.4722278,0.0,0.26107174,958.1276,2.0
5724,,0.71755236,1.0,0.5742985,567.8808,2.0
5725,,0.31115964,,0.18116009,604.08655,2.0
5726,,0.6449455,1.0,0.45630893,584.7259,2.0
5727,,0.6361147,1.0,0.43751267,761.28735,2.0
5728,0.0,0.63041097,0.0,0.44175044,610.0952,2.0
5729,,0.7214451,0.0,0.58362114,497.99286,2.0
5730,,0.6815006,1.0,0.40483585,489.81537,2.0
5731,,0.5394558,1.0,0.37458012,378.72885,2.0
5732,,0.5086037,0.0,0.3204597,10380.982,2.0
5733,,0.1277849,,0.12698483,12308.835,2.0
5734,,,,,324.84406,2.0
5735,,,,,448.08478,2.0
5736,,0.74615353,,0.54494584,355.78796,2.0
5737,,0.7796289,,0.63181883,296.59512,2.0
5738,,0.42852625,,0.337039,357.2175,2.0
5739,0.0,0.5253305,0.0,0.36035824,335.879,2.0
5740,,0.72993004,,0.66102475,345.55316,2.0
5741,,0.66590065,1.0,0.49871907,282.75156,2.0
5742,0.0,0.6840621,0.0,0.39136147,390.89832,2.0
5743,0.0,0.5402988,0.0,0.3671773,353.03525,2.0
5744,,0.4539097,,0.3353828,492.55243,2.0
5745,,,,,481.83585,2.0
5746,,,,,1252.4056,2.0
5747,,0.18105769,,0.35079858,1488.3154,2.0
5748,,0.7006774,,0.45344672,877.688,2.0
5749,,0.720217,,0.55250096,427.74237,2.0
5750,,0.73730826,,0.50756985,1146.8379,2.0
5751,0.0,0.477253,0.0,0.3740524,1576.5306,2.0
5752,,,,,1570.3071,2.0
5753,1.0,0.4356152,1.0,0.45524338,1653.8903,2.0
5754,1.0,0.64585507,1.0,0.5208396,1563.3833,2.0
5755,,,,,1074.6487,2.0
5756,,0.35226685,,0.3151142,965.7501,2.0
5757,,0.32579777,0.0,0.25379694,599.01013,2.0
5758,,0.21495,1.0,0.2909464,918.94684,2.0
5759,1.0,0.5532069,1.0,0.43682063,814.389,2.0
5760,,0.13139023,0.0,0.1950235,538.82526,2.0
5761,,,,,775.8724,2.0
5762,,0.5628449,0.0,0.39867556,624.07745,2.0
5763,,0.112778865,0.0,0.38490945,1155.0316,2.0
5764,,0.527454,,0.42686352,870.44165,2.0
5765,,,,,9882.745,2.0
5766,,0.23202477,,0.20428546,10954.64,2.0
5767,,0.7262061,,0.59887576,324.93454,2.0
5768,,,,,282.0127,2.0
5769,,0.6427439,,0.45158982,310.8458,2.0
5770,,,,,285.7821,2.0
5771,,,,,116.56633,2.0
5772,,,,,154.28557,2.0
5773,0.0,0.31649736,0.0,0.32697552,166.0927,2.0
5774,,,,,137.73982,2.0
5775,,,,,201.08421,2.0
5776,,,,,175.49121,2.0
5777,,,,,173.73312,2.0
5778,,,,,21302.014,2.0
5779,,0.7178219,,0.57494336,496.19327,2.0
5780,,0.65689033,,0.50504005,253.81746,2.0
5781,,0.7314341,,0.61002713,461.57138,2.0
5782,,,,,398.28833,2.0
5783,,0.15073428,,0.36681777,519.87,2.0
5784,,0.58320034,0.0,0.454105,654.9363,2.0
5785,,0.6285489,,0.419909,854.9832,2.0
5786,,0.5137434,,0.33323872,1017.0635,2.0
5787,,0.71619,1.0,0.59037614,921.07025,2.0
5788,,0.17181708,,0.19474149,1154.7916,2.0
5789,,,,,905.4238,2.0
5790,,0.32089144,0.0,0.3467942,46837.566,2.0
5791,,,,,933.4106,2.0
5792,,0.5607455,,0.4485869,1005.3798,2.0
5793,,0.40572864,0.0,0.28734246,1251.2357,2.0
5794,,0.67370623,,0.47584635,1304.9464,2.0
5795,1.0,0.71660095,1.0,0.584782,410.21384,2.0
5796,1.0,0.6561392,1.0,0.4983526,570.78046,2.0
5797,,,,,350.62845,2.0
5798,,,,,600.6449,2.0
5799,,,,,520.61365,2.0
5800,,,,,441.06335,2.0
5801,1.0,0.6245292,1.0,0.3809857,593.97736,2.0
5802,,0.6226592,,0.39507806,942.1066,2.0
5803,,0.41323248,,0.29861996,927.0936,2.0
5804,,,,,1047.6223,2.0
5805,,0.283259,,0.13471968,1187.227,2.0
5806,,0.58342445,1.0,0.45257008,1134.711,2.0
5807,,,,,882.1143,2.0
5808,,0.6079084,1.0,0.32325777,1169.3694,2.0
5809,,0.46630087,1.0,0.4208205,1035.4294,2.0
5810,,0.65540576,1.0,0.49385732,1299.171,2.0
5811,,0.5904132,1.0,0.4728222,934.9882,2.0
5812,,,,,1382.2775,2.0
5813,,0.312747,0.0,0.25953683,10170.521,2.0
5814,,0.6670278,,0.56324714,2544.8557,2.0
5815,1.0,0.69611,1.0,0.5331411,916.35455,2.0
5816,,0.71458596,1.0,0.63574034,567.6401,2.0
5817,,0.73617977,1.0,0.5974649,583.7851,2.0
5818,,0.3736864,,0.36504886,997.60626,2.0
5819,,,,,839.6796,2.0
5820,,0.4481828,1.0,0.4483859,927.5781,2.0
5821,,,,,4656.0215,2.0
5822,,0.29650307,,0.28383622,4095.2764,2.0
5823,,0.77549875,,0.64931273,1474.1329,2.0
5824,,,,,1992.6693,2.0
5825,,,,,2688.311,2.0
5826,,,,,1071.9203,2.0
5827,,,,,1382.6014,2.0
5828,,,,,577.60394,2.0
5829,0.0,0.4128969,0.0,0.25401947,1734.3276,2.0
5830,0.0,0.7254668,0.0,0.6419612,1216.2234,2.0
5831,,,,,1989.3376,2.0
5832,,,,,14427.752,2.0
5833,,,,,13119.886,2.0
5834,,0.18412259,,0.36212537,251.1467,2.0
5835,,,,,362.87363,2.0
5836,,,,,279.08826,2.0
5837,,,,,239.09254,2.0
5838,,0.76909345,1.0,0.7097342,532.90845,2.0
5839,,0.6172726,0.0,0.43366066,611.57935,2.0
5840,,,,,1032.2368,2.0
5841,,0.5724244,0.0,0.42336997,429.41443,2.0
5842,,,,,857.0727,2.0
5843,,,,,552.51056,2.0
5844,,0.39611745,,0.27137145,16967.93,2.0
5845,,0.7139882,,0.6083913,981.14325,2.0
5846,,0.7699896,,0.60266715,1089.7136,2.0
5847,,0.88340133,,0.8856183,859.5963,2.0
5848,,0.88673574,,0.8827827,576.32587,2.0
5849,,0.8075522,,0.7164549,445.74518,2.0
5850,,0.81961286,,0.5467592,438.05948,2.0
5851,1.0,0.6524172,1.0,0.7037302,428.5203,2.0
5852,1.0,0.8252245,1.0,0.74008894,334.76718,2.0
5853,,,,,543.91064,2.0
5854,1.0,0.66840374,1.0,0.7481711,619.73096,2.0
5855,1.0,0.9202119,1.0,0.8594331,606.2068,2.0
5856,,0.3212296,1.0,0.488613,5326.441,2.0
5857,,0.822428,,0.7404869,1108.896,2.0
5858,,0.8206289,,0.74315065,1107.2745,2.0
5859,,0.795103,,0.6244581,1269.8964,2.0
5860,,0.73005944,,0.38538945,1228.0061,2.0
5861,,0.7833723,,0.62519,932.0072,2.0
5862,,0.78817046,,0.6333795,1077.6377,2.0
5863,0.0,0.868948,0.0,0.7512854,785.4852,2.0
5864,,0.85498726,1.0,0.85959655,605.6178,2.0
5865,,,,,742.731,2.0
5866,,0.4678128,1.0,0.58238536,977.6606,2.0
5867,0.0,0.7723939,0.0,0.6569278,1223.7448,2.0
5868,,0.5686665,,0.55814916,5378.8857,2.0
5869,,0.8342261,,0.8054587,964.09827,2.0
5870,,0.85177255,,0.85474384,757.97266,2.0
5871,,,,,1173.7931,2.0
5872,,0.82447165,,0.8518347,615.05396,2.0
5873,,,,,291.6515,2.0
5874,,,,,390.44205,2.0
5875,,0.78827465,0.0,0.82203233,538.0738,2.0
5876,,0.6134959,1.0,0.72911316,500.8003,2.0
5877,0.0,0.7315737,0.0,0.76703185,516.3038,2.0
5878,,0.8122559,,0.8728626,409.55176,2.0
5879,,0.72340107,,0.84135497,426.31476,2.0
5880,,,,,5124.4907,2.0
5881,,0.6509428,,0.75184685,1074.619,2.0
5882,,0.6031884,,0.67245275,1818.4695,2.0
5883,,0.82135874,,0.86745137,1009.0045,2.0
5884,,0.8012073,,0.7785427,1465.8838,2.0
5885,1.0,0.85554093,1.0,0.91967285,1645.7948,2.0
5886,1.0,0.8288582,1.0,0.8788433,1475.9192,2.0
5887,1.0,0.7190418,1.0,0.7404362,2092.628,2.0
5888,,,,,1579.7683,2.0
5889,,,,,1471.8833,2.0
5890,,0.7143057,1.0,0.7778041,541.64844,2.0
5891,1.0,0.8124666,1.0,0.79318184,1760.6423,2.0
5892,,0.75245494,,0.8085114,8209.874,2.0
5893,,0.81190646,,0.79490656,4860.1235,2.0
5894,,,,,391.48883,2.0
5895,1.0,0.85335386,1.0,0.8675107,467.29025,2.0
5896,0.0,0.72141033,0.0,0.71320635,522.07947,2.0
5897,0.0,0.4937254,0.0,0.72092456,456.0887,2.0
5898,0.0,0.6884162,0.0,0.6254136,557.4413,2.0
5899,0.0,0.56698257,0.0,0.7025396,699.2266,2.0
5900,,0.8508016,,0.8122942,592.4906,2.0
5901,,,,,593.6647,2.0
5902,,,,,3083.6519,2.0
5903,,0.7949179,1.0,0.73046035,2515.1953,2.0
5904,,0.4846943,,0.6817545,3243.6482,2.0
5905,,,,,4174.687,2.0
5906,,0.846492,,0.9212758,4645.997,2.0
5907,,0.76999694,,0.77697796,6027.776,2.0
5908,,0.8413908,1.0,0.9077236,2954.8904,2.0
5909,,0.8171767,,0.8981812,947.24023,2.0
5910,,0.45073542,0.0,0.77071524,3730.362,2.0
5911,0.0,0.8038802,0.0,0.8574352,2519.2363,2.0
5912,,,,,2952.7559,2.0
5913,,0.14949682,1.0,0.56404436,3289.9836,2.0
5914,,0.8594882,1.0,0.6593476,1465.7241,2.0
5915,,,,,8377.851,2.0
5916,,0.78182644,,0.707553,1927.8375,2.0
5917,,0.83177215,,0.87663996,1032.2618,2.0
5918,,0.8460465,,0.8226528,2114.433,2.0
5919,,0.55219877,,0.51149935,1165.1802,2.0
5920,,0.58826244,0.0,0.54998153,1072.1505,2.0
5921,0.0,0.24753007,0.0,0.59086615,1677.9951,2.0
5922,,,,,1171.953,2.0
5923,0.0,0.27523044,0.0,0.51859194,1143.5826,2.0
5924,0.0,,0.0,,1309.4272,
5925,,0.52453804,,0.4639212,1439.184,2.0
5926,,,,,990.60486,2.0
5927,,0.723993,,0.5813169,17944.234,2.0
5928,,0.56246585,,0.5653136,1384.0784,2.0
5929,,0.71591586,,0.56750566,1269.8485,2.0
5930,,0.7777099,,0.6694397,1073.4653,2.0
5931,,0.88883156,,0.72405684,1209.3462,2.0
5932,,0.22807698,,0.40813902,538.13293,2.0
5933,,,,,650.5858,2.0
5934,0.0,0.57011855,0.0,0.6041891,556.19275,2.0
5935,0.0,0.6129743,0.0,0.5157735,581.91644,2.0
5936,1.0,0.76853424,1.0,0.7037172,516.0545,2.0
5937,1.0,0.59139,1.0,0.51457757,547.79834,2.0
5938,1.0,0.73696685,1.0,0.6183903,713.1764,2.0
5939,,0.79893345,,0.6354899,3965.9497,2.0
5940,,0.71043396,,0.5748849,1077.5754,2.0
5941,,0.58491045,,0.57753426,1582.3286,2.0
5942,,0.6314338,1.0,0.60350156,364.40506,2.0
5943,,0.70436937,,0.69852096,334.44196,2.0
5944,,0.74052113,1.0,0.6529259,533.19916,2.0
5945,,0.20318215,,0.2977003,450.67422,2.0
5946,,,,,416.99118,2.0
5947,1.0,0.7546088,1.0,0.6099146,561.98236,2.0
5948,,,,,600.2489,2.0
5949,,0.30813178,0.0,0.39384943,365.9509,2.0
5950,,0.5240623,,0.51147234,397.2114,2.0
5951,,0.4526934,,0.45598873,7749.7764,2.0
5952,,0.85587746,,0.88765776,800.7836,2.0
5953,,0.7351453,,0.8372529,1040.9573,2.0
5954,,0.6952194,,0.7999647,1027.8645,2.0
5955,,,,,883.9564,2.0
5956,,0.37228826,,0.6190214,886.49725,2.0
5957,0.0,0.2517,0.0,0.5126603,1081.314,2.0
5958,,,,,887.4814,2.0
5959,,,,,1246.0928,2.0
5960,0.0,0.35577404,0.0,0.6690099,1132.4999,2.0
5961,,0.2319797,,0.47717518,995.54156,2.0
5962,,0.40804046,,0.7502123,648.4745,2.0
5963,,0.6953001,,0.5679326,949.42395,2.0
5964,,0.75955164,,0.6222882,1005.4503,2.0
5965,,,,,1078.3446,2.0
5966,0.0,0.17158444,0.0,0.19639415,433.72226,2.0
5967,,,,,420.6002,2.0
5968,,0.11887145,,0.40694165,366.43524,2.0
5969,0.0,0.2901002,0.0,0.2306573,543.4779,2.0
5970,1.0,0.2210375,1.0,0.42462572,304.21176,2.0
5971,,0.570367,,0.3902231,812.3716,2.0
5972,,,,,565.84326,2.0
5973,,0.60514176,,0.39660832,874.6102,2.0
5974,,,,,514.14764,2.0
5975,0.0,0.21491963,0.0,0.18266076,682.2358,2.0
5976,,,,,851.00226,2.0
5977,,0.511703,,0.39529517,862.61255,2.0
5978,,,,,4429.171,2.0
5979,,0.14694294,,0.17737092,6060.76,2.0
5980,,0.18486124,,0.2560309,3861.8455,2.0
5981,,0.28165463,,0.32039678,5540.008,2.0
5982,,0.12401576,,0.19723316,4561.4697,2.0
5983,,,,,5157.645,2.0
5984,,0.15553802,1.0,0.1851164,4633.1377,2.0
5985,,,,,5891.714,2.0
5986,,0.7192855,,0.799,152.2026,2.0
5987,,0.5180605,1.0,0.5786952,146.5821,2.0
5988,,0.5889861,,0.5591579,114.23698,2.0
5989,,0.39112964,1.0,0.40193328,104.11386,2.0
5990,,0.7290539,1.0,0.68086946,107.15633,2.0
5991,,0.70945084,1.0,0.56424975,87.301895,2.0
5992,,0.5374537,1.0,0.5856625,68.54509,2.0
5993,,,,,108.71815,2.0
5994,,,,,210.34789,2.0
5995,,0.5400959,1.0,0.6616432,275.90353,2.0
5996,,0.3009906,1.0,0.39372796,199.06152,2.0
5997,,0.7527507,1.0,0.64616585,126.2061,2.0
5998,,0.30904204,1.0,0.3431429,215.28781,2.0
5999,,0.6732243,1.0,0.6377143,174.38849,2.0
6000,,0.4722983,,0.42675614,195.01482,2.0
6001,0.0,0.6620743,0.0,0.57228756,176.13884,2.0
6002,,0.6533739,0.0,0.6835899,97.406815,2.0
6003,,,,,2301.4385,2.0
6004,,0.32272598,1.0,0.18410431,1673.2338,2.0
6005,,0.48156938,1.0,0.38948473,154.51419,2.0
6006,,,,,71.505646,2.0
6007,,0.6027339,0.0,0.5804417,82.38191,2.0
6008,,0.6155244,0.0,0.49929097,111.579994,2.0
6009,,0.61435103,1.0,0.25316718,147.39497,2.0
6010,,0.70850813,1.0,0.37868914,124.65478,2.0
6011,,0.58847976,,0.513926,90.53396,2.0
6012,1.0,0.568069,1.0,0.54677635,84.279434,2.0
6013,,0.4554638,,0.54546165,87.8571,2.0
6014,,,,,72.43507,2.0
6015,,0.26363587,,0.16276237,11359.037,2.0
6016,,0.117544636,,0.21488003,393.4859,2.0
6017,,0.49251586,,0.397636,285.79443,2.0
6018,,0.70135313,,0.6096248,400.17233,2.0
6019,,0.7103313,1.0,0.66057575,406.1804,2.0
6020,,0.6578468,1.0,0.5616083,369.59476,2.0
6021,,0.2925129,0.0,0.46188557,411.5276,2.0
6022,,0.50543886,,0.28245798,512.3624,2.0
6023,,0.13054112,0.0,0.2433096,563.4714,2.0
6024,,0.6273046,,0.528961,496.0196,2.0
6025,,0.7604976,,0.68087834,497.6963,2.0
6026,0.0,0.095389634,0.0,0.19622734,153.20892,2.0
6027,,,0.0,,142.85751,2.0
6028,1.0,0.43336344,1.0,0.32367527,160.67505,2.0
6029,0.0,0.49714395,0.0,0.38159773,165.6928,2.0
6030,,,,,121.152016,2.0
6031,,0.5535784,1.0,0.49072182,122.57654,2.0
6032,0.0,0.30569798,0.0,0.34038854,117.83687,2.0
6033,,0.63294977,,0.53493166,3074.695,2.0
6034,,0.120028295,,0.22980164,4739.0103,2.0
6035,,,,,334.69995,2.0
6036,,0.724219,,0.6756105,312.66013,2.0
6037,,0.66967016,,0.54517496,293.87854,2.0
6038,,0.66558075,,0.6926828,196.41731,2.0
6039,,0.15570837,0.0,0.23190808,286.40503,2.0
6040,0.0,,0.0,,291.08044,2.0
6041,0.0,0.55925536,0.0,0.26456013,91.90447,2.0
6042,,,,,232.03154,2.0
6043,,,,,155.88126,2.0
6044,,,1.0,,162.6817,2.0
6045,1.0,0.6713172,1.0,0.6355969,237.4298,2.0
6046,,,,,8619.684,2.0
6047,,0.23368731,,0.2517963,450.21622,2.0
6048,,0.45401207,,0.36917034,407.8099,2.0
6049,,0.53897446,,0.421455,498.1127,2.0
6050,1.0,0.45894748,1.0,0.37278852,210.25993,2.0
6051,,0.24472755,0.0,0.24704005,234.01663,2.0
6052,,0.55368084,,0.486237,164.36198,2.0
6053,,0.54008627,,0.42253575,159.1208,2.0
6054,,0.72179055,,0.7319109,150.88153,2.0
6055,,0.63171685,1.0,0.5336251,188.95615,2.0
6056,,,,,405.14932,2.0
6057,,0.63219595,,0.55506897,663.3038,2.0
6058,0.0,0.24424517,0.0,0.24655935,390.46317,2.0
6059,0.0,0.49535623,0.0,0.4687658,282.29218,2.0
6060,,0.774914,1.0,0.6340427,481.73193,2.0
6061,0.0,0.23958796,0.0,0.39609176,323.46988,2.0
6062,,,,,319.94885,2.0
6063,0.0,0.16373003,0.0,0.42321467,441.16486,2.0
6064,,0.45540896,0.0,0.5170414,281.8759,2.0
6065,,0.57519805,,0.4079654,6174.9536,2.0
6066,,0.7131519,,0.6553976,322.29123,2.0
6067,,0.65737754,,0.5554469,333.10843,2.0
6068,,0.64850456,,0.55153173,540.96924,2.0
6069,,0.62537616,,0.4697755,265.97552,2.0
6070,0.0,0.7135877,0.0,0.3869322,346.5509,2.0
6071,,0.57530266,,0.48382324,193.82997,2.0
6072,,0.60284877,,0.3943393,270.17215,2.0
6073,,0.7215536,,0.6376185,219.5181,2.0
6074,,0.31188914,,0.30156234,509.64285,2.0
6075,,0.1837306,,0.24742994,327.43854,2.0
6076,,0.8150832,,0.78037477,551.23645,2.0
6077,,0.7158354,,0.65191257,539.7267,2.0
6078,1.0,0.4033946,1.0,0.33247262,330.15747,2.0
6079,,0.56103367,,0.58249325,177.95747,2.0
6080,1.0,0.57134223,1.0,0.54519534,158.10907,2.0
6081,,,,,268.92993,2.0
6082,,0.55011106,0.0,0.53757244,222.94907,2.0
6083,,0.6027993,1.0,0.5486543,115.00565,2.0
6084,,0.22883312,,0.24780788,211.61565,2.0
6085,,0.69321847,,0.70423853,204.07187,2.0
6086,,0.28256896,,0.20415503,5794.051,2.0
6087,,0.48834974,,0.3734121,93.36675,2.0
6088,,,,,103.592354,2.0
6089,,,,,94.273056,2.0
6090,,,,,76.263374,2.0
6091,,0.6249348,,0.6047824,86.142395,2.0
6092,,0.56625396,1.0,0.5411828,71.33197,2.0
6093,,0.23331603,,0.23566686,5243.529,2.0
6094,,0.32211545,,0.19035216,4263.2847,2.0
6095,,,,,4857.4116,2.0
6096,,0.4574448,,0.36181998,4639.6875,2.0
6097,,0.3366238,,0.20280515,4304.3354,2.0
6098,,,,,85.761086,2.0
6099,,,,,122.60032,2.0
6100,,,,,114.16259,2.0
6101,,,,,101.26712,2.0
6102,,,,,106.56398,2.0
6103,,,,,112.00251,2.0
6104,,,1.0,,149.08646,2.0
6105,,,,,109.42991,2.0
6106,,,1.0,,156.57504,2.0
6107,,,,,106.03276,2.0
6108,,,,,96.2961,2.0
6109,,,,,100.16346,2.0
6110,,0.68078166,,0.30070218,1377.353,2.0
6111,,0.882069,,0.51861316,1580.9305,2.0
6112,,0.871396,,0.5608467,1845.0673,2.0
6113,,0.64925385,,0.25117993,1455.2833,2.0
6114,,0.89095515,1.0,0.5919381,585.30524,2.0
6115,0.0,0.7667357,0.0,0.31173754,835.42346,2.0
6116,0.0,0.78412706,0.0,0.31496942,1309.2228,2.0
6117,,0.5283265,,0.18231818,903.73535,2.0
6118,,,1.0,,821.35254,2.0
6119,0.0,0.8214415,0.0,0.4228751,863.2736,2.0
6120,,0.5679762,1.0,0.22073859,1132.2155,2.0
6121,,0.8715689,,0.4987734,26171.082,2.0
6122,,,,,865.9241,2.0
6123,,,,,1027.6494,2.0
6124,,0.84683543,,0.44113898,844.9178,2.0
6125,,0.88871485,,0.5002613,1145.883,2.0
6126,,0.81371474,,0.4149516,987.8278,2.0
6127,0.0,0.79019994,0.0,0.31990373,1421.3795,2.0
6128,0.0,0.73894036,0.0,0.25470236,1680.6344,2.0
6129,,0.8981058,1.0,0.491712,989.2095,2.0
6130,,0.8647745,0.0,0.46378538,1002.4977,2.0
6131,,0.78031486,0.0,0.34638864,1080.4376,2.0
6132,,0.89514774,,0.5816939,5494.9775,2.0
6133,,0.92779297,,0.67139107,4087.939,2.0
6134,,,,,2240.8699,2.0
6135,,0.7557037,0.0,0.29361483,2444.4229,2.0
6136,,0.87364995,,0.57125574,1865.6558,2.0
6137,,0.87382966,1.0,0.5494165,1728.6655,2.0
6138,,,,,2748.6567,2.0
6139,,,,,1787.4056,2.0
6140,,,,,1584.0396,2.0
6141,,0.58976513,,0.16534446,10172.802,2.0
6142,,0.38963667,,0.20122787,12381.843,2.0
6143,,,,,3734.8506,2.0
6144,,0.9128709,,0.546891,3483.2764,2.0
6145,,0.87814593,,0.51075846,3449.2607,2.0
6146,,0.79261476,,0.33811992,4192.176,2.0
6147,,0.7599144,0.0,0.2000199,1430.8159,2.0
6148,,,,,1369.1128,2.0
6149,,,,,1202.3701,2.0
6150,0.0,,0.0,,1303.4946,2.0
6151,,,0.0,,1441.6575,2.0
6152,,0.9063285,0.0,0.5690894,1315.1744,2.0
6153,,0.70607466,0.0,0.21476321,1245.6531,2.0
6154,,0.7196998,0.0,0.39676446,16126.843,2.0
6155,,,,,885.03827,2.0
6156,,,,,747.07104,2.0
6157,,,,,1210.4406,2.0
6158,,,,,1086.6154,2.0
6159,,,0.0,,927.6672,2.0
6160,,,1.0,,998.66394,2.0
6161,,,1.0,,1117.8472,2.0
6162,,,0.0,,1055.909,2.0
6163,,,1.0,,726.7288,2.0
6164,,,,,16703.807,2.0
6165,,0.61629146,,0.53447545,1366.2955,2.0
6166,,0.68764114,,0.71752137,1864.0109,2.0
6167,,0.33753863,,0.48332018,1907.6273,2.0
6168,,0.36757,0.0,0.38545778,798.16516,2.0
6169,,0.31377554,1.0,0.4952562,676.6263,2.0
6170,1.0,,1.0,,526.669,2.0
6171,1.0,0.5943305,1.0,0.6981244,275.0987,2.0
6172,,0.44541678,,0.6114609,821.8088,2.0
6173,,,,,884.3192,2.0
6174,,0.2660051,,0.4571249,4686.864,2.0
6175,,0.47028938,,0.37633806,2255.73,2.0
6176,,0.6951013,,0.57384056,3044.6472,2.0
6177,,0.39484972,,0.43160608,3036.029,2.0
6178,,0.034018166,0.0,0.110653535,748.53033,3.0
6179,0.0,0.102414444,0.0,0.31188136,862.1888,2.0
6180,0.0,0.55327207,0.0,0.539465,644.33795,2.0
6181,0.0,0.6346957,0.0,0.68856156,734.0791,2.0
6182,1.0,0.42589244,1.0,0.48800594,490.46753,2.0
6183,0.0,0.24615695,0.0,0.26233044,730.0299,3.0
6184,,0.29774377,,0.13340566,4729.3706,2.0
6185,,0.75983703,,0.7532768,2721.5798,2.0
6186,,0.3073861,,0.45017216,2323.7825,2.0
6187,,0.39027408,,0.42408442,293.57712,2.0
6188,,0.3963364,0.0,0.56485474,215.56953,2.0
6189,,0.4557419,0.0,0.4819297,427.04123,2.0
6190,,0.22470371,,0.28278905,439.67404,2.0
6191,,0.4224823,0.0,0.48507184,436.56885,2.0
6192,,0.20551509,,0.3324151,329.11893,2.0
6193,,0.27973512,0.0,0.4505859,8956.155,2.0
6194,,0.8408468,,0.7828084,2657.345,2.0
6195,,0.64920866,,0.5282151,3969.0796,2.0
6196,,0.768608,,0.6800417,2489.992,2.0
6197,,0.3469984,,0.39030418,1073.7872,2.0
6198,1.0,0.72052,1.0,0.54718906,1238.9177,2.0
6199,,0.64830625,,0.5761809,860.1753,2.0
6200,,0.86082464,,0.7159327,825.94574,2.0
6201,,0.8649889,,0.8240862,812.8618,2.0
6202,1.0,0.7022275,1.0,0.63163215,1241.4159,2.0
6203,,0.6239721,1.0,0.78957283,545.81714,2.0
6204,,0.8257855,,0.4942601,22996.172,2.0
6205,,0.4971306,,0.27827016,2235.0532,2.0
6206,,0.6488815,,0.4680758,2332.4146,2.0
6207,,0.71384335,,0.6499373,1606.2467,2.0
6208,,0.6687333,,0.5352382,2607.681,2.0
6209,0.0,0.6774794,0.0,0.1906364,1869.8192,2.0
6210,,0.83347416,1.0,0.75606436,1072.6338,2.0
6211,,0.5199795,1.0,0.5633263,2817.9458,2.0
6212,,0.7466871,1.0,0.5127199,2449.1853,2.0
6213,,0.78158784,1.0,0.69254535,2602.6218,2.0
6214,,0.5920402,0.0,0.053911988,12191.207,2.0
6215,,0.5503007,,0.60361373,1136.9503,2.0
6216,,0.6290731,,0.63372135,1320.8544,2.0
6217,,0.7367028,,0.67332137,988.4191,2.0
6218,,0.21692246,,0.4163272,1926.3802,2.0
6219,,0.70071995,,0.7201013,387.14487,2.0
6220,,0.7720239,,0.7644341,215.74768,2.0
6221,,0.6794134,1.0,0.6861362,320.3628,2.0
6222,,0.24741283,,0.5203126,389.512,2.0
6223,,0.7465158,,0.76312476,468.1122,2.0
6224,,0.74092376,,0.7044357,170.65651,2.0
6225,,0.1794853,,0.29614088,1503.8928,2.0
6226,,0.79648775,,0.5455866,1526.4413,2.0
6227,,0.46824005,,0.4712825,480.64047,2.0
6228,,,,,491.3646,2.0
6229,0.0,0.5266896,0.0,0.68555635,686.3896,2.0
6230,,0.35876042,,0.4681869,474.77957,2.0
6231,,,,,603.54443,2.0
6232,,0.76549953,1.0,0.86691386,285.68927,2.0
6233,,,,,599.6655,2.0
6234,,0.821326,,0.71955997,1459.1367,2.0
6235,,0.39652687,,0.5416089,4447.022,2.0
6236,,0.21293454,,0.44279447,5315.199,2.0
6237,,0.6640759,1.0,0.78424305,981.3433,2.0
6238,,0.2646834,,0.41940814,1058.5347,2.0
6239,,0.7219567,1.0,0.7385843,890.24695,2.0
6240,,0.18628162,0.0,0.47916025,1279.5474,2.0
6241,,0.69873416,1.0,0.7727466,592.60956,2.0
6242,,,1.0,,1250.9794,2.0
6243,,0.5779106,1.0,0.6278991,1013.42316,2.0
6244,,0.634149,1.0,0.7030507,17504.564,2.0
6245,,0.8114727,,0.52032727,3085.2805,2.0
6246,,0.86756134,,0.30457678,2699.048,2.0
6247,,0.7612218,1.0,0.49086308,1792.2991,2.0
6248,0.0,0.3199312,0.0,0.3132566,554.0793,2.0
6249,,0.49064353,0.0,0.27603826,442.69653,2.0
6250,,0.8370018,,0.5951906,385.25742,2.0
6251,,0.6069429,0.0,0.30840245,454.7462,2.0
6252,,0.8122353,0.0,0.52839696,403.8274,2.0
6253,0.0,0.8582141,0.0,0.7477587,370.7402,2.0
6254,,0.7745767,,0.54029596,349.814,2.0
6255,,0.5595301,,0.47611618,1338.5293,2.0
6256,,0.89045674,1.0,0.67283314,635.3268,2.0
6257,,0.8132161,,0.58467126,1091.2495,2.0
6258,,0.70740134,,0.9021864,3111.9155,2.0
6259,,0.6244797,,0.7558595,7204.714,2.0
6260,,,,,5725.027,2.0
6261,,0.85972834,,0.8897092,4772.544,2.0
6262,,0.43310273,1.0,0.7096094,10549.083,2.0
6263,,,1.0,,11219.037,2.0
6264,1.0,0.8812963,1.0,0.93392146,10712.9795,2.0
6265,,0.7342761,0.0,0.82258254,7868.3867,2.0
6266,,0.7534478,1.0,0.89674157,8248.584,2.0
6267,,,,,77195.83,2.0
6268,,,,,12992.045,2.0
6269,,0.83717394,,0.88204336,10676.156,2.0
6270,,0.79010326,,0.93110776,6099.3853,2.0
6271,,0.7845605,,0.9684769,6906.5923,2.0
6272,1.0,0.82117176,1.0,0.94035476,15789.548,2.0
6273,,0.6594403,1.0,0.8383346,15303.528,2.0
6274,,0.6387826,1.0,0.845152,17193.344,2.0
6275,,0.8290715,1.0,0.65478414,12801.54,2.0
6276,,0.680128,0.0,0.88196594,13642.077,2.0
6277,,0.67822003,1.0,0.9191658,8070.4946,2.0
6278,,0.33041954,1.0,0.8566009,76475.74,2.0
6279,,,,,964.20135,
6280,,0.7805657,,0.67314243,1078.7853,2.0
6281,,0.5605766,,0.60302263,559.65686,2.0
6282,,0.72701097,,0.368956,1033.2789,2.0
6283,,0.75398153,0.0,0.6677398,1269.4227,2.0
6284,,0.8907554,1.0,0.8923201,977.5076,2.0
6285,,,,,1116.397,2.0
6286,1.0,0.80431765,1.0,0.72070515,1033.0055,2.0
6287,,0.6922974,1.0,0.47941297,1521.1466,2.0
6288,,,,,1017.9589,2.0
6289,,0.5421405,,0.23445004,14701.821,2.0
6290,,0.6678159,,0.47962457,767.42725,2.0
6291,,,,,1145.97,2.0
6292,,0.24620032,,0.2626353,1197.391,2.0
6293,,0.42095992,,0.44495347,1274.246,2.0
6294,0.0,0.6746465,0.0,0.38655144,1717.8728,2.0
6295,0.0,0.423646,0.0,0.15113965,845.7743,2.0
6296,,0.5657861,,0.618138,832.4089,2.0
6297,,,,,1741.4863,2.0
6298,1.0,0.6701048,1.0,0.60874516,1234.5176,2.0
6299,1.0,0.28168908,1.0,0.28691855,1269.165,2.0
6300,,0.3401985,,0.2714047,1127.5734,2.0
6301,,0.58090067,,0.40873295,17431.805,2.0
6302,,0.14712475,,0.46238106,3702.4526,2.0
6303,,0.6576947,,0.62470114,3861.777,2.0
6304,,0.5986206,,0.6401466,2982.171,2.0
6305,,0.26091272,,0.5312209,3798.2922,2.0
6306,,0.19858605,,0.39916402,1553.743,2.0
6307,0.0,0.37601957,0.0,0.5493895,1665.7881,2.0
6308,,0.45513308,,0.6180253,709.2526,2.0
6309,,0.21178272,,0.2768219,1644.5042,2.0
6310,,0.38215137,,0.35615817,1318.1896,2.0
6311,,0.14291207,,0.43427348,1847.3191,2.0
6312,,0.73689896,,0.5621695,1132.0743,2.0
6313,,0.3190053,,0.45361146,340.81622,2.0
6314,,0.14675213,,0.16708356,886.5581,2.0
6315,,0.15404798,1.0,0.23942682,754.5578,2.0
6316,,0.59078366,,0.5574935,835.86237,2.0
6317,,0.31206137,,0.3771721,613.9233,2.0
6318,1.0,0.27555078,1.0,0.36935148,603.8333,2.0
6319,,0.50463676,,0.44290826,516.5602,2.0
6320,,0.14494875,,0.18217659,614.41693,2.0
6321,,,,,948.93463,2.0
6322,,,,,786.45856,2.0
6323,,0.08583958,,0.18974477,23092.215,2.0
6324,,0.2440735,,0.27027076,24447.027,2.0
6325,,0.39067116,,0.4067029,2213.3496,2.0
6326,,0.1605647,,0.45710143,3179.342,2.0
6327,,0.71753377,,0.71712846,3011.7017,2.0
6328,,0.51484966,1.0,0.5290598,993.4314,2.0
6329,,,,,1310.7722,2.0
6330,,0.9343018,,0.90117335,1216.3105,2.0
6331,,0.8288003,1.0,0.7492579,680.4948,2.0
6332,,0.6894972,1.0,0.6641177,1026.0808,2.0
6333,,,,,803.944,2.0
6334,,,,,1027.212,2.0
6335,,0.5286946,,0.59169424,37534.76,2.0
6336,,,,,3102.4465,2.0
6337,,0.7102092,,0.75194603,5353.961,2.0
6338,,0.8138477,,0.7338217,4579.0474,2.0
6339,,0.516997,,0.6726968,3298.5305,2.0
6340,1.0,0.96935064,1.0,0.929496,2075.9014,2.0
6341,1.0,0.9530036,1.0,0.82133824,829.0721,2.0
6342,,,0.0,,1568.9886,2.0
6343,1.0,0.9322328,1.0,0.90916497,2294.5107,2.0
6344,,0.6699745,,0.70172983,2156.7046,2.0
6345,,0.44700208,1.0,0.49331826,2414.15,2.0
6346,,0.2576199,,0.5818129,9476.06,2.0
6347,,0.5398877,0.0,0.7182886,3371.5325,2.0
6348,,0.9526211,,0.7494911,1066.3585,2.0
6349,,0.9279091,,0.8316001,2026.0847,2.0
6350,,,,,3345.3462,2.0
6351,,,,,1068.862,2.0
6352,,0.7727023,0.0,0.79634815,719.61414,2.0
6353,,0.4096881,0.0,0.52243775,1148.9373,2.0
6354,,,,,935.1627,2.0
6355,1.0,0.8454473,1.0,0.85859925,1389.9833,2.0
6356,,0.8424154,1.0,0.84446263,1244.1667,2.0
6357,,0.93689966,1.0,0.7477379,3778.879,2.0
6358,,0.68179953,,0.27676392,3937.4155,2.0
6359,,0.56470764,,0.19440049,3317.0652,2.0
6360,,0.25676107,,0.16434066,4353.9106,2.0
6361,,0.42578223,,0.15193823,3137.682,2.0
6362,,0.54642123,,0.2639391,1312.6237,2.0
6363,1.0,0.53658247,1.0,0.15226384,1549.7174,2.0
6364,,0.5754403,1.0,0.2471529,738.0377,2.0
6365,1.0,0.71929985,1.0,0.31085262,1723.5571,2.0
6366,1.0,,1.0,,717.0305,
6367,,,,,1190.5447,2.0
6368,,0.4208105,,0.14954235,7746.6406,2.0
6369,,0.56177676,,0.43581435,12035.233,2.0
6370,,0.7310693,,0.42084816,10601.656,2.0
6371,,,,,5584.133,2.0
6372,,0.86243093,,0.5306426,11225.217,2.0
6373,1.0,0.85315937,1.0,0.6734754,4820.553,2.0
6374,0.0,0.45400742,0.0,0.29480737,4441.6562,2.0
6375,0.0,0.6757922,0.0,0.40993568,3965.3167,2.0
6376,0.0,0.71772003,0.0,0.45358932,3346.698,2.0
6377,1.0,0.8058131,1.0,0.62234116,4971.076,2.0
6378,1.0,0.671252,1.0,0.41974372,5285.4883,2.0
6379,,0.6009879,0.0,0.28488797,44664.727,2.0
6380,,0.6151102,,0.32889828,12181.717,2.0
6381,,0.85064954,,0.54090255,9909.915,2.0
6382,,0.53460836,,0.2249322,12328.65,2.0
6383,,0.7251139,0.0,0.43173528,4443.513,2.0
6384,1.0,0.94291914,1.0,0.727619,2945.7578,2.0
6385,,0.79216284,,0.35001364,3998.6018,2.0
6386,,,,,4293.732,2.0
6387,,0.817827,1.0,0.35080191,5258.7104,2.0
6388,,0.82359976,1.0,0.7301194,2869.1802,2.0
6389,0.0,0.9366657,0.0,0.6882739,3983.031,2.0
6390,,,,,3819.0896,2.0
6391,,,,,52135.4,2.0
6392,,0.551517,,0.55356354,4094.6958,2.0
6393,,0.7703168,,0.73516136,2976.0264,2.0
6394,,0.70103776,,0.6713343,2266.975,2.0
6395,,0.33772433,,0.6139097,2779.8088,2.0
6396,1.0,0.7090745,1.0,0.7025052,2779.795,2.0
6397,,,,,2209.1174,2.0
6398,,,,,2729.3464,2.0
6399,0.0,0.41228652,0.0,0.6189512,2125.7917,2.0
6400,1.0,0.32602236,1.0,0.34264222,3258.7124,2.0
6401,1.0,0.8451174,1.0,0.81881666,1860.1901,2.0
6402,,0.2346483,0.0,0.34016928,2951.232,2.0
6403,,0.12028402,,0.21973117,8078.071,2.0
6404,,0.9325788,,0.9295418,19942.557,2.0
6405,,0.9091193,,0.9201813,34791.445,2.0
6406,,0.8779891,0.0,0.8853528,3418.166,2.0
6407,1.0,0.86475784,1.0,0.9023422,3664.7456,2.0
6408,0.0,0.7284526,0.0,0.8500247,2429.1873,2.0
6409,1.0,0.9293742,1.0,0.91402423,2682.566,2.0
6410,,0.83460087,,0.89940965,3557.2495,2.0
6411,,0.8638409,,0.85210174,2996.1147,2.0
6412,,0.376043,,0.7390632,19506.6,2.0
6413,,0.535258,,0.71114534,11781.916,2.0
6414,,0.5315354,,0.5656752,4547.579,2.0
6415,,0.79925764,,0.7581399,2996.0962,2.0
6416,0.0,0.3673631,0.0,0.4414263,2713.9749,2.0
6417,,0.44050777,1.0,0.5147956,3335.2324,2.0
6418,,0.8539471,1.0,0.85398924,3024.3354,2.0
6419,,0.3374897,1.0,0.42305636,3220.9067,2.0
6420,,0.38678914,1.0,0.4841777,1641.6396,2.0
6421,1.0,0.72388273,1.0,0.6155555,2182.6328,2.0
6422,,0.78443474,0.0,0.73571044,20878.873,2.0
6423,,0.37121487,,0.44394767,8682.577,2.0
6424,,0.72416985,,0.6767241,10302.167,2.0
6425,,0.49099502,,0.48762685,4465.308,2.0
6426,,,,,3237.8384,2.0
6427,,,,,2181.9346,2.0
6428,1.0,0.24193622,1.0,0.25871074,5121.4673,2.0
6429,,0.68964636,,0.5244906,3892.7163,2.0
6430,,0.7092382,1.0,0.60253024,2849.3818,2.0
6431,,,,,2410.32,2.0
6432,0.0,0.5211156,0.0,0.43740594,3186.6716,2.0
6433,,0.18210563,,0.16853721,4510.2446,2.0
6434,,0.6231463,0.0,0.333514,3952.554,2.0
6435,,0.6334783,,0.6740286,5871.028,2.0
6436,,0.78248996,,0.79309464,4362.664,2.0
6437,1.0,0.8352022,1.0,0.6906063,396.46085,2.0
6438,1.0,0.8236697,1.0,0.7702906,787.4556,2.0
6439,,0.57546777,0.0,0.496885,673.00244,2.0
6440,,0.56290096,1.0,0.7236584,403.30643,2.0
6441,0.0,0.73046017,0.0,0.6658683,950.39343,2.0
6442,,0.8343494,1.0,0.78206396,632.4347,2.0
6443,,0.6560262,1.0,0.605742,2390.733,2.0
6444,,0.83113116,,0.78521484,1819.7849,2.0
6445,,0.81862104,,0.57787555,1168.4598,2.0
6446,,0.64094573,,0.49395487,1444.4711,2.0
6447,,0.898637,,0.93467647,1239.0778,2.0
6448,,0.86808723,,0.6911001,1459.4896,2.0
6449,,,,,1802.4325,2.0
6450,,,,,1127.8053,2.0
6451,0.0,0.7658505,0.0,0.89030945,851.6552,2.0
6452,,,,,9503.103,2.0
6453,,,,,542.6597,2.0
6454,,,,,475.4132,2.0
6455,,,,,407.1904,2.0
6456,,0.760525,,0.78405833,458.22836,2.0
6457,,0.72135913,,0.7593355,341.11298,2.0
6458,,0.7245649,,0.7910529,373.53094,2.0
6459,1.0,0.8344853,1.0,0.89238155,512.5574,2.0
6460,,,,,1053.0646,2.0
6461,,0.4240055,,0.37571567,1186.3403,2.0
6462,,,,,1372.4093,2.0
6463,,0.7417646,,0.7765283,6430.8687,2.0
6464,,,,,6251.331,2.0
6465,,0.71842545,,0.56329286,7670.7354,2.0
6466,,0.72996384,1.0,0.7714635,1169.7703,2.0
6467,,0.70065564,1.0,0.67395896,707.093,2.0
6468,,0.6296278,1.0,0.6881075,868.1604,2.0
6469,,0.6459135,1.0,0.6736029,971.02765,2.0
6470,1.0,0.639645,1.0,0.69902825,1236.8036,2.0
6471,0.0,0.7610048,0.0,0.7855483,2357.9856,2.0
6472,1.0,0.73166054,1.0,0.7528322,2330.037,2.0
6473,,0.7759749,,0.8105734,7075.0737,2.0
6474,,0.74159783,,0.7499,6662.3716,2.0
6475,0.0,0.41562152,0.0,0.51447636,2705.184,2.0
6476,1.0,0.6666,1.0,0.7309389,2322.8223,2.0
6477,,0.616082,0.0,0.6413393,2252.0234,2.0
6478,,,,,2307.965,2.0
6479,0.0,0.5764557,0.0,0.62161857,2049.3264,2.0
6480,0.0,0.7726186,0.0,0.7982777,2971.911,2.0
6481,1.0,0.79378843,1.0,0.8169894,1692.4181,2.0
6482,,,,,1433.6714,2.0
6483,,,,,4441.945,2.0
6484,,0.82935256,,0.68956023,4649.515,2.0
6485,,0.8122517,,0.6440163,4496.6675,2.0
6486,,,,,3812.2634,2.0
6487,,,,,5437.9077,2.0
6488,1.0,0.83208007,1.0,0.72508365,6032.4453,2.0
6489,0.0,0.8290861,0.0,0.67557234,5241.5396,2.0
6490,,,,,3019.2935,2.0
6491,,0.7300521,,0.5185085,5545.4062,2.0
6492,,,,,6048.7114,2.0
6493,,,,,3515.7488,2.0
6494,,,,,54456.055,2.0
6495,,,,,11120.553,2.0
6496,,,,,13024.552,2.0
6497,,,,,6257.2993,2.0
6498,,,,,10389.039,2.0
6499,,,,,4551.416,2.0
6500,,,,,6828.249,2.0
6501,,,,,7961.4136,2.0
6502,,,,,9807.928,2.0
6503,,,,,7717.9375,2.0
6504,,,,,5301.2847,2.0
6505,,,,,9735.18,2.0
6506,,0.54135233,,0.5434748,12099.616,2.0
6507,,0.82852,,0.72943354,13837.775,2.0
6508,,0.81342906,0.0,0.83138585,10380.504,2.0
6509,,0.806838,1.0,0.7679331,2484.7446,2.0
6510,,,,,3311.0557,2.0
6511,0.0,0.8604249,0.0,0.8032859,4168.632,2.0
6512,,0.86564195,1.0,0.74465513,3852.2466,2.0
6513,0.0,0.7884923,0.0,0.79938096,2670.079,2.0
6514,,0.8716706,0.0,0.63652986,3414.7778,2.0
6515,,,,,3127.5593,2.0
6516,0.0,0.8316925,0.0,0.6250296,4029.312,2.0
6517,,0.7304411,,0.63753235,7097.257,2.0
6518,,0.78710467,,0.4946514,7295.798,2.0
6519,,0.71631056,,0.5582212,7265.0103,2.0
6520,,0.8243802,,0.74903345,7138.839,2.0
6521,,0.80794924,0.0,0.7933371,3622.4521,2.0
6522,,,,,3601.357,2.0
6523,,,,,3598.012,2.0
6524,,0.7760258,,0.5523162,4200.184,2.0
6525,,0.7671201,1.0,0.679495,3399.2915,2.0
6526,,0.7557062,0.0,0.692429,4495.7383,2.0
6527,1.0,0.82421017,1.0,0.74953705,4343.3677,2.0
6528,,,,,65740.27,2.0
6529,,0.6767581,,0.64469415,3243.1265,2.0
6530,,0.8246699,,0.6881764,3744.2256,2.0
6531,,0.7758487,,0.5190818,3996.9675,2.0
6532,,0.74275243,,0.8030902,2575.7205,2.0
6533,0.0,0.8370451,0.0,0.7060802,2278.7036,2.0
6534,,0.7832316,0.0,0.5031636,2806.3584,2.0
6535,,0.68137866,,0.4760781,1894.1544,2.0
6536,1.0,0.6104184,1.0,0.5702489,3656.3577,2.0
6537,0.0,0.8021776,0.0,0.7404649,2041.5015,2.0
6538,1.0,0.5645629,1.0,0.37661237,2368.1306,2.0
6539,,0.7895727,1.0,0.56855595,1805.0096,2.0
6540,,,,,38488.547,2.0
6541,,0.55431944,1.0,0.8290944,2964.2295,2.0
6542,,0.78659165,,0.80247474,5636.4634,2.0
6543,,0.7475111,,0.64101195,4094.3208,2.0
6544,,,,,6439.732,2.0
6545,,,0.0,,3074.2747,
6546,,0.6860187,1.0,0.66558677,2527.9795,2.0
6547,,0.71191627,1.0,0.6132848,3917.013,2.0
6548,,0.7994504,,0.7341323,3502.4395,2.0
6549,1.0,0.63803816,1.0,0.8584095,3344.2559,2.0
6550,,0.54444456,1.0,0.4641308,2582.9226,2.0
6551,,,,,41123.97,2.0
6552,,0.69110507,,0.5571115,1011.3828,2.0
6553,,0.685348,,0.652031,948.31006,2.0
6554,,0.63476783,,0.60032743,823.23804,2.0
6555,,,,,1348.5363,2.0
6556,,0.7094404,1.0,0.8785626,251.63663,2.0
6557,,,,,361.83163,2.0
6558,,0.67224985,,0.7551554,613.1105,2.0
6559,,0.68731374,,0.59533995,903.2611,2.0
6560,,,,,497.17548,2.0
6561,,,,,617.88904,2.0
6562,,0.76722467,,0.7690103,553.21625,2.0
6563,,0.79903966,0.0,0.297636,14725.613,2.0
6564,,0.90362406,,0.7774635,687.56104,2.0
6565,,0.721694,,0.7693905,444.60938,2.0
6566,,0.84560716,1.0,0.635036,603.5537,2.0
6567,,0.626885,,0.72572017,587.90326,2.0
6568,,0.8049098,1.0,0.7523498,293.7399,2.0
6569,,0.5313441,1.0,0.5387509,507.73117,2.0
6570,,0.9441301,0.0,0.18758157,545.1223,2.0
6571,,0.8462209,1.0,0.4815368,481.37592,2.0
6572,,0.5995468,0.0,0.592,506.9051,2.0
6573,,,,,386.04163,2.0
6574,,0.81216717,1.0,0.83474827,490.18088,2.0
6575,,,,,4468.012,2.0
6576,,0.49562317,,0.44200772,413.3382,2.0
6577,,0.51596457,,0.44979095,480.7831,2.0
6578,,0.53886074,,0.36635986,496.30783,2.0
6579,,0.49989095,,0.41797426,511.76086,2.0
6580,,0.76763916,,0.74816483,369.01917,2.0
6581,,0.53948,,0.3639368,422.36957,2.0
6582,,0.6807558,,0.6990238,329.66367,2.0
6583,,,,,390.85736,2.0
6584,,0.6801092,,0.70356977,264.8205,2.0
6585,,,,,341.10098,2.0
6586,,0.6175418,,0.6177843,657.369,2.0
6587,,,,,603.1342,2.0
6588,,0.63543385,,0.59635925,495.8807,2.0
6589,,,,,301.6649,2.0
6590,1.0,0.65635705,1.0,0.39778444,518.36005,2.0
6591,,0.48884225,,0.6320201,298.32144,2.0
6592,,,,,333.0926,2.0
6593,,,,,335.78903,2.0
6594,,,,,363.5663,2.0
6595,,0.47431222,0.0,0.4963431,434.6805,2.0
6596,,0.6376483,,0.5830553,374.68073,2.0
6597,,,,,6659.1084,2.0
6598,,,,,3391.174,2.0
6599,,,,,3048.7727,2.0
6600,0.0,0.5070964,0.0,0.48683098,267.1488,2.0
6601,,0.6914686,1.0,0.55338794,488.1689,2.0
6602,1.0,0.53401726,1.0,0.3603846,436.73584,2.0
6603,,0.4915671,0.0,0.46511063,290.974,2.0
6604,,0.77511203,1.0,0.7039054,383.43802,2.0
6605,,0.6787286,0.0,0.7007197,252.59799,2.0
6606,,,,,505.4824,2.0
6607,,0.7043167,0.0,0.7802229,273.64276,2.0
6608,0.0,0.5395009,0.0,0.3397823,2322.779,2.0
6609,,,,,2225.991,2.0
6610,,0.4183354,,0.378302,711.1985,2.0
6611,,0.7146536,,0.6499869,749.2032,2.0
6612,,0.54734796,1.0,0.7311381,633.66846,2.0
6613,,0.15443055,,0.26837438,902.741,2.0
6614,,0.329391,,0.38388538,457.45493,2.0
6615,,0.49204263,1.0,0.46239278,349.40298,2.0
6616,,0.632557,0.0,0.6133817,644.1875,2.0
6617,,,,,365.33966,2.0
6618,,0.5822209,0.0,0.5005974,376.41046,2.0
6619,0.0,0.63396406,0.0,0.60509545,558.7896,2.0
6620,,0.54405665,1.0,0.7832961,424.55786,2.0
6621,,0.4843251,,0.2795933,10775.661,2.0
6622,,,,,718.77246,2.0
6623,,0.76826286,,0.75645953,902.55646,2.0
6624,,0.78029054,,0.5587925,846.91284,2.0
6625,,0.42064938,,0.42716393,1036.6693,2.0
6626,,0.3881617,1.0,0.8716205,520.25543,2.0
6627,,0.4585416,1.0,0.43092263,812.4459,2.0
6628,0.0,,0.0,,756.6992,2.0
6629,,0.33069614,0.0,0.41383624,909.80334,2.0
6630,,,,,936.1206,2.0
6631,,,,,549.88354,2.0
6632,,0.3695677,,0.29803148,19752.557,2.0
6633,,0.49124575,,0.4669493,777.69006,2.0
6634,,,,,951.09686,2.0
6635,0.0,0.13153619,0.0,0.24422999,614.9402,2.0
6636,,,,,508.27567,2.0
6637,0.0,0.4946051,0.0,0.59794927,456.27734,2.0
6638,1.0,0.18855363,1.0,0.47287244,446.5883,2.0
6639,,0.6310656,,0.6220795,324.03067,2.0
6640,0.0,0.3957894,0.0,0.51718783,488.26196,2.0
6641,,0.5761354,1.0,0.3007067,490.53806,2.0
6642,,,,,13035.783,2.0
6643,,,,,233.85912,2.0
6644,,0.547774,0.0,0.524936,224.60005,2.0
6645,1.0,0.6150506,1.0,0.63576627,174.5505,2.0
6646,,0.63989604,,0.53263813,296.7552,2.0
6647,,0.47542036,,0.48823774,228.31,2.0
6648,,0.7310447,,0.6897652,259.35028,2.0
6649,0.0,0.7714719,0.0,0.7200997,49.6163,2.0
6650,0.0,0.5483242,0.0,0.5208923,45.592026,2.0
6651,1.0,0.6347453,1.0,0.6004617,46.74397,2.0
6652,0.0,0.597332,0.0,0.61154234,45.221252,2.0
6653,,0.5287503,0.0,0.6366859,73.32853,2.0
6654,,0.5359906,0.0,0.34715152,12916.494,2.0
6655,,0.8444557,,0.6210916,728.5994,2.0
6656,,,,,530.26636,2.0
6657,,,,,478.96115,2.0
6658,,0.7363284,1.0,0.5784376,263.97092,2.0
6659,,0.50391597,0.0,0.55020094,111.19978,2.0
6660,,,,,230.52776,2.0
6661,,0.67056954,1.0,0.7652854,188.50082,2.0
6662,,0.41485545,0.0,0.62956613,162.1191,2.0
6663,,,,,174.95055,2.0
6664,,,,,186.89009,2.0
6665,,0.68668306,1.0,0.69709057,112.45972,2.0
6666,,0.38755128,,0.36350402,8123.988,2.0
6667,,0.6405655,,0.56529,788.9023,2.0
6668,,,,,882.1453,2.0
6669,,0.5348016,,0.38239115,643.9299,2.0
6670,,,,,354.83566,2.0
6671,,0.58545303,0.0,0.6300675,612.6474,2.0
6672,,0.41776237,1.0,0.40732172,415.03177,2.0
6673,,,1.0,,523.4601,2.0
6674,,0.6887942,1.0,0.5805535,703.6969,2.0
6675,,0.38091177,0.0,0.4226664,676.90594,2.0
6676,,0.68113613,0.0,0.68352,513.552,2.0
6677,,0.5969419,0.0,0.41406867,5442.3228,2.0
6678,,0.5458582,,0.4498796,1471.4443,2.0
6679,,0.5932894,,0.43534422,2279.228,2.0
6680,,0.6367607,0.0,0.5884073,383.92035,2.0
6681,,0.6761778,1.0,0.7302316,344.8443,2.0
6682,,0.36387774,,0.53132397,373.60785,2.0
6683,,0.59587073,,0.4202849,497.33252,2.0
6684,,0.5076313,,0.48458907,362.1706,2.0
6685,,0.37254387,1.0,0.33156553,368.70364,2.0
6686,,0.44908267,0.0,0.46124306,338.7899,2.0
6687,,0.49453053,1.0,0.44821033,328.95593,2.0
6688,,0.5285564,0.0,0.5675156,298.0174,2.0
6689,,,,,11847.574,2.0
6690,,,,,1031.7024,2.0
6691,,0.64070195,,0.5644534,993.66815,2.0
6692,,0.5929389,,0.47298113,295.5025,2.0
6693,0.0,0.69164634,0.0,0.6602477,248.3136,2.0
6694,,0.37216026,,0.48022285,233.15715,2.0
6695,,0.5897053,,0.4869847,280.01205,2.0
6696,,0.64144754,,0.55987036,323.31958,2.0
6697,,0.65587807,,0.3504336,246.29312,2.0
6698,,,,,329.88153,2.0
6699,,0.67766666,,0.24693425,3436.8618,2.0
6700,,0.43609095,,0.20689808,2675.2917,2.0
6701,,0.69791365,,0.44644326,528.73883,2.0
6702,,0.7412878,,0.74789834,373.3342,2.0
6703,,0.5618635,,0.6587405,543.3396,2.0
6704,,,,,474.60956,2.0
6705,,0.58479166,1.0,0.6284577,359.9558,2.0
6706,,,,,464.92987,2.0
6707,,,,,428.54822,2.0
6708,,0.721344,0.0,0.6056657,479.8998,2.0
6709,,,,,503.08646,2.0
6710,,0.38544786,,0.4509194,612.0546,2.0
6711,,0.4049203,,0.358154,454.91837,2.0
6712,,0.48937875,,0.44489396,620.7329,2.0
6713,,0.6888805,,0.6243541,729.0195,2.0
6714,,0.79790807,,0.83173466,888.1065,2.0
6715,,0.78947777,,0.8743254,559.26,2.0
6716,,0.6942565,1.0,0.61373496,621.3752,2.0
6717,,0.72288907,1.0,0.7599033,614.082,2.0
6718,,0.64005834,1.0,0.56839675,635.87805,2.0
6719,,0.5644071,0.0,0.5564026,831.01685,2.0
6720,,0.28381282,0.0,0.31400332,644.6912,2.0
6721,,0.6232005,1.0,0.69464296,541.85657,2.0
6722,,0.89145285,1.0,0.52172583,626.41174,2.0
6723,,0.4286361,,0.30902833,4051.7832,2.0
6724,,,,,18145.54,2.0
6725,,0.8149426,,0.818443,14830.865,2.0
6726,,,,,18167.53,2.0
6727,,,,,16777.295,2.0
6728,1.0,0.7402963,1.0,0.48855352,29599.115,2.0
6729,0.0,0.5277949,0.0,0.6101137,21025.92,2.0
6730,1.0,0.6938259,1.0,0.5723522,37021.996,2.0
6731,1.0,0.7223555,1.0,0.6182566,27865.57,2.0
6732,1.0,0.5091186,1.0,0.47410116,27876.912,2.0
6733,,0.31269333,1.0,0.42745638,27459.918,2.0
6734,,0.6126897,,0.47545642,26091.229,2.0
6735,,0.49445617,,0.6323244,46536.08,2.0
6736,,0.7900523,,0.61751163,8892.447,2.0
6737,,0.7026786,,0.5932652,10252.373,2.0
6738,,,,,7238.769,2.0
6739,,0.672729,,0.6242381,7206.4043,2.0
6740,,0.85673654,,0.8279359,13442.164,2.0
6741,1.0,0.8392439,1.0,0.8059284,13837.118,2.0
6742,0.0,0.56325203,0.0,0.7760722,9629.238,2.0
6743,,0.79853725,1.0,0.8242525,9935.602,2.0
6744,,0.6607829,,0.6526226,12578.417,2.0
6745,1.0,0.83763385,1.0,0.8545377,11024.974,2.0
6746,,0.6671935,,0.5069913,15898.951,2.0
6747,,0.3140623,1.0,0.63695467,85141.49,2.0
6748,,,,,64637.46,2.0
6749,,,,,61784.055,2.0
6750,1.0,0.7977443,1.0,0.7941564,19733.672,2.0
6751,,0.66218126,0.0,0.6562951,15954.046,2.0
6752,1.0,0.59072614,1.0,0.6343676,18508.0,2.0
6753,,0.85314006,,0.81634474,15499.148,2.0
6754,1.0,0.8118077,1.0,0.79641616,21454.58,2.0
6755,,0.82409626,1.0,0.86846256,16645.812,2.0
6756,,0.3320827,,0.33018598,23494.879,2.0
6757,1.0,0.8476289,1.0,0.8040584,15767.56,2.0
6758,,0.589971,,0.41465986,60979.496,2.0
6759,,,,,52916.074,2.0
6760,,,,,5054.296,2.0
6761,,0.45937446,,0.46302658,12147.778,2.0
6762,,0.5801826,,0.4891005,7735.4707,2.0
6763,,0.785753,,0.8218338,5980.555,2.0
6764,0.0,0.84068227,0.0,0.9171226,9712.255,2.0
6765,,0.753866,0.0,0.5153781,11685.702,2.0
6766,1.0,0.82972497,1.0,0.8472347,12615.731,2.0
6767,,0.47579503,,0.48760253,20163.375,2.0
6768,,0.31323358,1.0,0.8967995,7128.9536,2.0
6769,,0.7422237,1.0,0.66161543,11214.11,2.0
6770,,,,,13337.068,2.0
6771,,0.53204125,,0.33351105,72466.805,2.0
6772,,0.79132813,,0.8681495,3024.3596,2.0
6773,,0.8196625,,0.8612652,3099.756,2.0
6774,,0.90156275,,0.87174064,1204.5992,2.0
6775,,,,,3684.572,2.0
6776,,0.87709606,1.0,0.91084874,9186.553,2.0
6777,,0.7669089,,0.8653745,4594.7935,2.0
6778,1.0,,1.0,,8763.472,2.0
6779,,0.8639564,,0.93295175,3638.4072,2.0
6780,,0.8524163,,0.8784822,8997.9,2.0
6781,,0.84937793,1.0,0.79392827,9338.529,2.0
6782,,0.8726713,,0.89584064,7792.9,2.0
6783,,,,,38288.156,2.0
6784,,,,,4991.035,2.0
6785,,0.77567387,,0.8311178,4356.558,2.0
6786,,0.8652124,,0.8956179,4853.192,2.0
6787,,0.8995573,,0.818221,5506.276,2.0
6788,,,,,14369.763,2.0
6789,,0.87303513,1.0,0.91560227,10037.47,2.0
6790,1.0,0.91306925,1.0,0.8619092,13451.962,2.0
6791,1.0,0.8897159,1.0,0.91857004,13720.697,2.0
6792,,0.7420091,,0.76945704,8754.066,2.0
6793,,,,,10214.243,2.0
6794,1.0,0.8848114,1.0,0.856408,13565.948,2.0
6795,,0.8510878,0.0,0.8043012,75316.76,2.0
6796,,0.8180672,,0.8529596,9363.289,2.0
6797,,0.9110978,,0.8145382,8823.769,2.0
6798,,0.85784036,,0.79926634,9064.734,2.0
6799,,0.7406008,,0.7916241,9028.503,2.0
6800,,0.09777755,,0.1236529,2997.475,2.0
6801,0.0,0.73776984,0.0,0.7633559,14129.044,2.0
6802,1.0,0.8370698,1.0,0.8240628,18383.875,2.0
6803,,0.6962886,,0.75112617,11599.775,2.0
6804,,0.53122765,,0.5704548,15408.941,2.0
6805,1.0,,1.0,,13202.911,2.0
6806,1.0,0.763935,1.0,0.77576816,14465.066,2.0
6807,,0.6811968,,0.7299352,64071.84,2.0
6808,,,,,20498.389,2.0
6809,,0.7899347,,0.82921046,21653.283,2.0
6810,1.0,0.8061536,1.0,0.78416824,18360.744,2.0
6811,0.0,0.8458495,0.0,0.7983796,16929.125,2.0
6812,,0.8249444,1.0,0.8379225,15253.706,2.0
6813,,0.82496756,1.0,0.79687655,24508.795,2.0
6814,,0.48248267,1.0,0.7455864,24266.637,2.0
6815,,,1.0,,6453.0415,2.0
6816,1.0,0.9109916,1.0,0.78273433,21382.238,2.0
6817,,0.79996574,1.0,0.75861317,59358.785,2.0
6818,,,,,1290.9337,2.0
6819,0.0,0.7179068,0.0,0.76512647,1661.2429,2.0
6820,0.0,0.8883756,0.0,0.8967719,2448.5688,2.0
6821,1.0,0.8875018,1.0,0.94060266,1888.4813,2.0
6822,,0.76746744,1.0,0.7777283,2144.202,2.0
6823,0.0,0.85392255,0.0,0.82081836,2842.3982,2.0
6824,,,,,2025.7885,2.0
6825,,,,,2949.1482,2.0
6826,,,,,2290.597,2.0
6827,,,,,1460.1085,2.0
6828,,0.9057437,1.0,0.8747534,7211.6567,2.0
6829,,,,,6869.024,2.0
6830,,0.77511996,,0.80105394,857.3744,2.0
6831,,0.78603107,,0.787685,302.49585,2.0
6832,,0.8642076,,0.8428127,572.4449,2.0
6833,,0.88340646,,0.8727227,1011.14056,2.0
6834,,,,,4997.043,2.0
6835,,0.6139379,0.0,0.7038122,4412.164,2.0
6836,1.0,0.87351674,1.0,0.61848587,6787.5874,2.0
6837,,0.9149656,1.0,0.5694533,6685.108,2.0
6838,,0.86562663,0.0,0.9293544,5076.2593,2.0
6839,1.0,0.88987136,1.0,0.733742,3728.6836,2.0
6840,,0.6238836,,0.7721946,4434.9805,2.0
6841,,0.31893158,,0.41205195,13267.362,2.0
6842,,,,,5169.0312,2.0
6843,,,,,6084.388,2.0
6844,,,,,3601.0173,2.0
6845,,0.58458066,,0.63434577,6214.636,2.0
6846,,0.79775715,1.0,0.5957404,15406.691,2.0
6847,,0.7884005,,0.9046497,16659.39,2.0
6848,,0.5023181,1.0,0.6843396,18520.715,2.0
6849,1.0,0.58341295,1.0,0.7946693,20566.775,2.0
6850,,0.6621911,1.0,0.799711,12053.415,2.0
6851,,0.72234553,1.0,0.8054954,15115.88,2.0
6852,,,1.0,,13424.024,2.0
6853,,0.6707346,0.0,0.67153645,63296.83,2.0
6854,1.0,0.87637466,1.0,0.93753105,1452.0728,2.0
6855,,0.9660974,,0.95012426,837.2387,2.0
6856,1.0,0.93921816,1.0,0.9765357,3023.894,2.0
6857,,0.8746349,0.0,0.9441604,1731.0223,2.0
6858,1.0,0.9237814,1.0,0.9622438,3090.7307,2.0
6859,1.0,0.8448526,1.0,0.9301708,3404.582,2.0
6860,1.0,0.9412154,1.0,0.9771695,1033.9429,2.0
6861,1.0,0.9478255,1.0,0.98932046,1733.3739,2.0
6862,,,,,3602.3052,2.0
6863,,0.74241,1.0,0.9111305,8454.027,2.0
6864,,0.72936535,,0.90272117,1504.429,2.0
6865,,0.54008055,,0.88325304,1598.6987,2.0
6866,,0.8244196,1.0,0.937378,2006.461,2.0
6867,,0.64780074,,0.896842,2221.8591,2.0
6868,,0.6422054,,0.895969,4790.4834,2.0
6869,,,,,3597.106,2.0
6870,1.0,0.85942924,1.0,0.7658826,2273.6365,2.0
6871,1.0,0.7669398,1.0,0.9161631,4865.676,2.0
6872,0.0,0.30770168,0.0,0.70514464,6138.487,2.0
6873,1.0,,1.0,,4319.386,2.0
6874,,,,,58386.59,2.0
6875,,,,,5903.9897,2.0
6876,,0.74314845,,0.5790044,7788.1313,2.0
6877,,,,,2276.9421,2.0
6878,,0.26579458,0.0,0.28168672,2861.7117,2.0
6879,,0.80020005,1.0,0.7497889,2250.0305,2.0
6880,,0.345236,,0.44315192,2217.3423,2.0
6881,,0.7723217,,0.51266205,2075.458,2.0
6882,,0.5887847,1.0,0.48022297,2150.4773,2.0
6883,,0.23883912,1.0,0.44061184,871.48535,2.0
6884,,0.34031245,,0.33350015,2600.4678,2.0
6885,,0.65853804,,0.5870006,4800.4106,2.0
6886,,0.62811816,,0.4997901,4921.25,2.0
6887,,0.73753643,,0.58117133,3096.8052,2.0
6888,,0.54888076,,0.33525217,2449.989,2.0
6889,,0.74632776,,0.5874045,2817.9707,2.0
6890,,0.69095016,,0.5699735,2922.9492,2.0
6891,,,,,876.78516,2.0
6892,,0.41894788,,0.2911772,1528.4657,2.0
6893,,0.68577653,1.0,0.6190151,1297.9591,2.0
6894,,0.5351138,1.0,0.49736756,1258.5181,2.0
6895,,,,,1253.4436,2.0
6896,,,,,1537.3937,2.0
6897,,,,,1329.63,2.0
6898,,0.15776026,,0.13837765,40251.03,2.0
6899,,0.7472207,,0.65595305,1677.213,2.0
6900,,,,,972.91125,2.0
6901,,0.72061515,,0.6828937,900.99756,2.0
6902,,0.5357983,0.0,0.67030615,1275.9714,2.0
6903,,0.8261733,0.0,0.8207443,1545.2865,2.0
6904,,0.7899253,0.0,0.78249395,1633.7554,2.0
6905,,0.7020727,,0.66569483,1356.0886,2.0
6906,,0.748642,,0.7401048,1093.1758,2.0
6907,,0.849771,,0.6571559,1069.292,2.0
6908,,0.6589261,,0.68164724,1243.3252,2.0
6909,,0.77460724,,0.84328383,671.16565,2.0
6910,,0.7846757,,0.5056791,30639.158,2.0
6911,,0.66293883,,0.8782971,466.08188,2.0
6912,,0.83323413,,0.84637576,590.4861,2.0
6913,,0.3971727,,0.65480673,261.69513,2.0
6914,,0.7473381,,0.82154673,254.0695,2.0
6915,1.0,0.5840589,1.0,0.6388639,1022.1721,2.0
6916,,,,,959.72894,2.0
6917,,0.7365125,,0.7874185,800.35065,2.0
6918,,0.5836144,1.0,0.61955184,619.7273,2.0
6919,,,,,1207.3212,2.0
6920,,,,,580.787,2.0
6921,,0.85585815,,0.61088264,1056.5363,2.0
6922,,0.856634,1.0,0.7184168,10655.954,2.0
6923,,0.47273672,,0.57876766,4135.335,2.0
6924,,0.45604634,,0.55961466,4611.0034,2.0
6925,,0.12037385,,0.16663752,4764.249,2.0
6926,1.0,0.53419125,1.0,0.541143,1577.6572,2.0
6927,,0.051159043,0.0,0.22505698,2068.912,2.0
6928,,0.12893307,0.0,0.3017814,2116.4927,2.0
6929,0.0,0.22457409,0.0,0.27479026,2790.3135,2.0
6930,0.0,0.2290066,0.0,0.2760821,2357.978,2.0
6931,,0.82672626,,0.77276015,2005.5889,2.0
6932,,0.89921623,,0.7875533,1742.6826,2.0
6933,,0.6880011,0.0,0.76746374,1559.2946,2.0
6934,,0.11246305,0.0,0.40967986,23172.096,2.0
6935,,0.64610606,,0.69133204,4127.592,2.0
6936,,0.6423216,,0.68363893,5450.55,2.0
6937,,0.23701383,,0.4047661,7280.66,2.0
6938,,,,,2583.2078,2.0
6939,,0.4089077,,0.5944997,1832.037,2.0
6940,,0.87529695,0.0,0.7392508,1565.3337,2.0
6941,,0.4344129,1.0,0.5229489,1392.842,2.0
6942,0.0,0.40041932,0.0,0.55077934,1818.3663,2.0
6943,,0.06495466,0.0,0.2428325,2161.7502,2.0
6944,0.0,0.8467717,0.0,0.82394165,2359.1877,2.0
6945,,0.6466647,1.0,0.61625296,19751.72,2.0
6946,,,,,941.2992,2.0
6947,,0.96051997,,0.863769,800.4682,2.0
6948,,0.7916398,,0.65793747,731.85657,2.0
6949,,,,,826.68365,2.0
6950,,0.13106725,,0.42432454,993.4776,2.0
6951,,0.7628114,,0.61865723,817.2688,2.0
6952,,0.5369773,,0.64848304,506.6584,2.0
6953,,0.15256748,0.0,0.394743,411.4263,2.0
6954,,0.34743834,0.0,0.6192186,574.91943,2.0
6955,,0.7767385,,0.6479523,293.60495,2.0
6956,,0.7330377,0.0,0.6019726,330.84866,2.0
6957,,0.5655389,0.0,0.62846696,1994.859,2.0
6958,,0.58835304,,0.72233796,1115.1964,2.0
6959,,0.49679744,,0.6452659,914.13165,2.0
6960,,0.45859182,,0.5844534,1523.1812,2.0
6961,0.0,0.40486526,0.0,0.5623594,4670.4634,2.0
6962,1.0,0.24975239,1.0,0.5196914,3171.9905,2.0
6963,0.0,0.4887352,0.0,0.6799906,3292.3503,2.0
6964,,0.363306,0.0,0.5731992,3673.2878,2.0
6965,0.0,0.62571424,0.0,0.67592615,3238.1418,2.0
6966,,0.63188434,,0.6575542,2454.761,2.0
6967,,0.6438189,,0.6977097,2530.369,2.0
6968,,,1.0,,2735.919,2.0
6969,,0.6276457,,0.61077243,80220.234,2.0
6970,,0.8128148,,0.705265,1876.0814,2.0
6971,,0.5374585,,0.6789423,1380.8743,2.0
6972,,,,,2508.6843,2.0
6973,,0.6818584,1.0,0.80078685,1017.0685,2.0
6974,1.0,0.65710413,1.0,0.75541633,2456.031,2.0
6975,,0.6701298,0.0,0.7100911,2767.9434,2.0
6976,,0.6717994,1.0,0.8627224,2883.86,2.0
6977,,,,,2161.2764,2.0
6978,,0.6928311,,0.7492481,2745.7883,2.0
6979,,0.53593224,1.0,0.6842357,1883.9374,2.0
6980,,,,,2434.9023,2.0
6981,,0.43928203,,0.4469904,56109.863,2.0
6982,,0.7515816,,0.78183275,2622.8347,2.0
6983,,0.47958845,,0.7389366,2113.375,2.0
6984,1.0,0.6002049,1.0,0.7713254,4620.511,2.0
6985,0.0,0.4119424,0.0,0.5342265,4561.658,2.0
6986,,0.8107968,1.0,0.774418,4845.1694,2.0
6987,0.0,0.6299109,0.0,0.6015673,6748.6055,2.0
6988,0.0,0.6297818,0.0,0.7412285,5793.3926,2.0
6989,0.0,0.5995235,0.0,0.5024701,8348.432,2.0
6990,1.0,0.79939264,1.0,0.8857378,4349.8203,2.0
6991,,0.7254265,0.0,0.74520093,5524.4116,2.0
6992,,0.59778994,,0.56606346,47901.82,2.0
6993,,0.3556654,,0.5371984,2263.4143,2.0
6994,,0.6957538,,0.78467226,3132.0156,2.0
6995,,0.5798734,,0.74928397,2716.1445,2.0
6996,,0.6152866,,0.7585797,2207.9607,2.0
6997,,0.6351037,1.0,0.7993059,6588.817,2.0
6998,0.0,0.721821,0.0,0.76683456,4706.569,2.0
6999,1.0,0.58578014,1.0,0.91009563,4062.6157,2.0
7000,,0.8553142,1.0,0.8989371,6425.0747,2.0
7001,1.0,0.71888286,1.0,0.7833782,7791.355,2.0
7002,,,,,4038.2004,2.0
7003,1.0,0.6433349,1.0,0.7971055,5182.4,2.0
7004,,0.6895313,,0.65317214,46690.51,2.0
7005,0.0,0.7748881,0.0,0.72281736,4322.105,2.0
7006,,0.58358246,,0.78329337,3012.7495,2.0
7007,,0.54852724,,0.68046135,3002.577,2.0
7008,,,,,4239.6567,2.0
7009,1.0,0.70196474,1.0,0.78256166,4152.1313,2.0
7010,1.0,0.57958084,1.0,0.6193764,6019.471,2.0
7011,,0.6474841,,0.86339813,4416.4604,2.0
7012,,0.658187,0.0,0.6887991,3560.9546,2.0
7013,,0.5824462,0.0,0.7864294,3333.3733,2.0
7014,,0.6420967,1.0,0.56348795,6235.4,2.0
7015,,0.7586701,,0.6057818,5216.0786,2.0
7016,,0.63885295,1.0,0.5858959,33023.023,2.0
7017,,0.6561062,,0.5823829,2247.3362,2.0
7018,,0.49650773,,0.73413825,2889.6707,2.0
7019,,0.5240615,,0.62954664,3710.8276,2.0
7020,,0.64490837,,0.80043143,2588.8643,2.0
7021,,0.6988948,0.0,0.45070472,3714.892,2.0
7022,,,,,4061.3564,2.0
7023,0.0,0.7621313,0.0,0.71022326,5196.5327,2.0
7024,1.0,0.6604981,1.0,0.7105513,6094.993,2.0
7025,0.0,0.5847458,0.0,0.662945,4274.7227,2.0
7026,0.0,0.6172536,0.0,0.5095213,5359.9795,2.0
7027,1.0,0.76866573,1.0,0.3708849,4818.643,2.0
7028,,0.50265956,,0.4798711,40776.39,2.0
7029,,0.5466922,,0.68375576,5609.8823,2.0
7030,,0.48238117,,0.38947725,6825.4263,2.0
7031,,0.63131297,,0.61105055,7580.076,2.0
7032,1.0,0.7254173,1.0,0.60198724,3742.313,2.0
7033,0.0,0.8454801,0.0,0.67628,3030.1501,2.0
7034,0.0,0.34662464,0.0,0.5550778,3310.6785,2.0
7035,0.0,0.6755654,0.0,0.8700341,1707.7914,2.0
7036,1.0,0.46602198,1.0,0.4167221,2838.465,2.0
7037,0.0,0.5210887,0.0,0.3496204,2775.0242,2.0
7038,1.0,0.7199144,1.0,0.42678574,19115.008,2.0
7039,,0.6576478,,0.6784019,1434.1927,2.0
7040,,0.7466895,,0.77694076,501.22174,2.0
7041,,0.33359247,,0.65482587,1298.5305,2.0
7042,,,,,1063.179,2.0
7043,1.0,0.52089095,1.0,0.6122566,317.11072,2.0
7044,1.0,0.6065691,1.0,0.48040754,281.81448,2.0
7045,0.0,0.8545599,0.0,0.7497542,323.35052,2.0
7046,0.0,0.7995512,0.0,0.7874313,187.36537,2.0
7047,1.0,,1.0,,194.59456,2.0
7048,1.0,0.6934908,1.0,0.6678808,235.71805,2.0
7049,,,,,263.05597,2.0
7050,,0.79118735,,0.402308,1900.4688,2.0
7051,,0.8504003,,0.76955026,7206.524,2.0
7052,,0.9074571,,0.74999475,7846.0874,2.0
7053,0.0,0.8435502,0.0,0.5435079,1252.596,2.0
7054,,,,,930.0522,2.0
7055,,0.8466397,,0.63394374,862.14984,2.0
7056,0.0,0.88813245,0.0,0.79491705,1160.5638,2.0
7057,0.0,0.79137033,0.0,0.5418382,849.7666,2.0
7058,1.0,0.85320014,1.0,0.5962918,969.70264,2.0
7059,,,,,596.6432,2.0
7060,,,,,1000.5261,2.0
7061,,,,,4516.3657,2.0
7062,,0.85348207,0.0,0.76467574,5439.929,2.0
7063,,,,,2243.1912,2.0
7064,,0.88163906,,0.8728269,1392.5005,2.0
7065,,0.7757233,,0.7167091,3495.3157,2.0
7066,,,,,3496.4246,2.0
7067,,,,,4003.4226,2.0
7068,,,,,3052.804,2.0
7069,0.0,0.8729158,0.0,0.8563135,2511.4424,2.0
7070,,,,,3543.0232,2.0
7071,,,,,3282.6624,2.0
7072,0.0,0.8995408,0.0,0.869866,2482.6768,2.0
7073,,,,,3442.6807,2.0
7074,,,,,10040.73,2.0
7075,,0.57601625,,0.74765986,9326.153,2.0
7076,,0.72950083,,0.6632813,8338.647,2.0
7077,,,,,3744.8872,2.0
7078,,,,,5082.5483,2.0
7079,,,,,6545.614,2.0
7080,,0.80396575,1.0,0.77634275,4205.633,2.0
7081,0.0,0.8669992,0.0,0.8321467,4054.0918,2.0
7082,,,,,5345.3735,2.0
7083,,,,,4368.4077,2.0
7084,,,,,69977.86,2.0
7085,,0.9106551,,0.8749125,3855.7627,2.0
7086,,,,,6458.2314,2.0
7087,,,,,7712.4585,2.0
7088,,,,,6221.882,2.0
7089,,,,,2611.6353,2.0
7090,,,,,2977.9832,2.0
7091,0.0,0.73040456,0.0,0.5719908,4070.5361,2.0
7092,,0.86925286,1.0,0.8811346,3362.3003,2.0
7093,,0.90478057,1.0,0.95833015,2620.3142,2.0
7094,1.0,0.7736871,1.0,0.7556887,3666.8643,2.0
7095,,,,,2639.192,2.0
7096,,,,,16471.176,2.0
7097,,0.8708914,,0.76882136,17978.559,2.0
7098,,,,,14879.955,2.0
7099,,,1.0,,4300.131,
7100,1.0,0.84265226,1.0,0.87506914,2731.8972,2.0
7101,,,1.0,,3079.8875,2.0
7102,0.0,0.89954674,0.0,0.8700532,2647.886,2.0
7103,1.0,0.6730033,1.0,0.7171639,3657.6833,2.0
7104,,0.8604952,0.0,0.87982446,3083.0344,2.0
7105,,,,,1453.9069,2.0
7106,,,,,5130.638,2.0
7107,,,,,4414.218,2.0
7108,,0.4428958,0.0,0.41531256,12714.395,2.0
7109,,0.9173262,,0.8496402,1231.1294,2.0
7110,,0.9483394,,0.8990511,829.1899,2.0
7111,,0.7723206,1.0,0.6511035,1071.0355,2.0
7112,,0.6896037,,0.50820696,4615.4956,2.0
7113,,0.39117134,0.0,0.4942073,3932.5886,2.0
7114,,,,,3985.0474,2.0
7115,,0.537494,1.0,0.47743198,3627.5398,2.0
7116,,,,,4176.0923,2.0
7117,0.0,0.6580741,0.0,0.46563822,3807.2104,2.0
7118,,0.23080741,,0.25344914,54708.184,2.0
7119,,0.47435793,,0.4201974,7632.8784,2.0
7120,1.0,0.67038876,1.0,0.49827188,1138.8804,2.0
7121,1.0,0.6174464,1.0,0.4494311,901.76337,2.0
7122,1.0,0.77782047,1.0,0.569438,1117.8446,2.0
7123,,,,,588.035,2.0
7124,1.0,0.7134329,1.0,0.5247947,737.0818,2.0
7125,0.0,0.26380914,0.0,0.35946512,981.4414,2.0
7126,,,,,592.52295,2.0
7127,,0.7686405,0.0,0.65970904,656.52136,2.0
7128,,,,,7962.6284,2.0
7129,,0.38997945,,0.29211292,5668.9673,2.0
7130,,0.715363,,0.64402777,3675.2507,2.0
7131,,0.8646736,,0.69084877,1901.7069,2.0
7132,,0.7407988,,0.5946048,4971.725,2.0
7133,,0.78782403,,0.6834073,4789.3315,2.0
7134,1.0,0.44527048,1.0,0.35255125,3871.5776,2.0
7135,1.0,0.8032164,1.0,0.6576401,3203.5913,2.0
7136,0.0,0.5463806,0.0,0.21467404,4792.6113,2.0
7137,1.0,0.60479766,1.0,0.45671523,3644.8728,2.0
7138,1.0,0.3607405,1.0,0.45835927,3992.5913,2.0
7139,1.0,0.86639446,1.0,0.693466,4003.0513,2.0
7140,,,,,2462.6313,2.0
7141,,0.76748,,0.82552606,644.8569,2.0
7142,,0.7758365,,0.79506433,1102.0724,2.0
7143,,,,,1128.0002,2.0
7144,,0.44697392,,0.67511684,987.437,2.0
7145,,0.70017326,1.0,0.7137425,2991.416,2.0
7146,,,,,4429.8467,2.0
7147,1.0,0.64320886,1.0,0.74750286,2153.8052,2.0
7148,,0.39603367,,0.6647764,2308.3047,2.0
7149,0.0,0.74611884,0.0,0.77237743,4628.0576,2.0
7150,1.0,0.6942285,1.0,0.7825957,4132.2256,2.0
7151,,0.6586281,,0.68571484,3983.1868,2.0
7152,,0.43551284,,0.4529213,43737.07,2.0
7153,,0.8282394,,0.8735056,2863.777,2.0
7154,,0.81047297,,0.84279054,3915.473,2.0
7155,,0.8494049,,0.8711601,3930.4353,2.0
7156,,0.7529872,,0.77778447,3981.0986,2.0
7157,,,,,2488.58,2.0
7158,1.0,0.7559503,1.0,0.77941537,4824.063,2.0
7159,1.0,0.56210446,1.0,0.77898926,6386.857,2.0
7160,1.0,0.48656785,1.0,0.71865535,4434.3438,2.0
7161,1.0,0.7079665,1.0,0.7911931,4153.3125,2.0
7162,1.0,0.8196093,1.0,0.8821571,3792.8474,2.0
7163,1.0,0.8020646,1.0,0.827028,3300.3042,2.0
7164,,0.7114643,,0.53155226,34963.617,2.0
7165,,0.33789426,1.0,0.6788961,14316.54,2.0
7166,,0.70350003,,0.81715727,7626.5054,2.0
7167,0.0,0.29005685,0.0,0.432042,3063.0015,2.0
7168,,0.17121816,,0.37794667,3772.5564,2.0
7169,,0.19695173,,0.39202535,3410.7107,2.0
7170,,0.15655267,0.0,0.56901425,1322.5281,2.0
7171,,0.26356122,,0.4675236,755.66223,2.0
7172,,0.45326862,0.0,0.4694427,1329.0016,2.0
7173,,0.2497653,,0.27078274,1340.3821,2.0
7174,,0.40521035,,0.2370922,1105.8893,2.0
7175,0.0,0.33914956,0.0,0.5298753,910.52295,2.0
7176,,0.2967933,,0.2962259,1366.8538,2.0
7177,,,,,1060.9197,2.0
7178,,,,,39683.867,2.0
7179,,0.55210555,,0.42243677,1781.932,2.0
7180,,0.26209432,,0.62718093,1257.7079,2.0
7181,,0.416658,,0.41933116,2221.8457,2.0
7182,,0.36715144,,0.50162095,1890.2134,2.0
7183,,0.20900631,,0.33261788,1765.9174,2.0
7184,0.0,0.5896554,0.0,0.60851324,3552.5571,2.0
7185,0.0,0.55327404,0.0,0.56496423,4016.1543,2.0
7186,0.0,0.36769548,0.0,0.3660187,5177.647,2.0
7187,0.0,0.43820637,0.0,0.2686877,3224.1648,2.0
7188,,,,,2919.2197,2.0
7189,,0.42589626,0.0,0.22620834,4138.599,2.0
7190,,0.17051342,0.0,0.2175976,34035.58,2.0
7191,,0.38071823,,0.432464,3655.7227,2.0
7192,,0.35308063,,0.5312392,3640.1057,2.0
7193,,,,,1860.269,2.0
7194,,,,,3158.4023,2.0
7195,,0.56137687,1.0,0.56630534,1857.5089,2.0
7196,0.0,0.50724244,0.0,0.51514304,1237.3834,2.0
7197,,0.5683807,1.0,0.5665794,1941.2039,2.0
7198,0.0,0.29427773,0.0,0.35853022,3467.207,2.0
7199,,,,,1522.5406,2.0
7200,,0.215355,0.0,0.4061244,1791.4064,2.0
7201,,0.55871874,,0.6495828,1538.7126,2.0
7202,0.0,0.38103253,0.0,0.74171776,2088.988,2.0
7203,,0.56561416,,0.4833983,373.7013,2.0
7204,0.0,0.3135836,0.0,0.2894233,202.03531,2.0
7205,,,,,361.35034,2.0
7206,0.0,0.34524828,0.0,0.5141316,333.5775,2.0
7207,0.0,0.20886084,0.0,0.34365898,351.77222,2.0
7208,1.0,0.18490703,1.0,0.46909538,210.02374,2.0
7209,0.0,0.24707417,0.0,0.3715635,324.8719,2.0
7210,,,,,269.4027,2.0
7211,1.0,0.35262284,1.0,0.68264085,231.23468,2.0
7212,1.0,0.19996458,1.0,0.6341717,249.8733,2.0
7213,0.0,0.50703406,0.0,0.52867836,321.479,2.0
7214,,0.21985586,,0.22486962,6168.046,2.0
7215,,,,,16263.4795,2.0
7216,,0.6241124,,0.19517429,15917.789,2.0
7217,,0.1683249,,0.335725,15217.78,2.0
7218,,0.41083553,,0.23408118,23151.822,2.0
7219,,0.36707807,,0.37167445,14279.92,2.0
7220,,,,,9564.376,2.0
7221,,0.48540258,,0.23602735,14302.775,2.0
7222,,,,,22237.14,2.0
7223,,,,,17722.643,2.0
7224,,,,,20299.438,2.0
7225,,0.188053,,0.35929158,2800.9456,2.0
7226,,0.35389432,,0.37332556,1953.9834,2.0
7227,,0.19984947,,0.31682447,1908.5426,2.0
7228,,0.18294133,,0.3521531,610.5072,2.0
7229,,,,,2022.099,2.0
7230,0.0,0.23109707,0.0,0.4461251,1704.1282,2.0
7231,0.0,0.17586958,0.0,0.36922574,1496.1726,2.0
7232,1.0,0.2913774,1.0,0.4309141,1903.7458,2.0
7233,0.0,0.25801247,0.0,0.38903883,2876.956,2.0
7234,0.0,0.55755436,0.0,0.3456776,2416.3906,2.0
7235,0.0,0.08758502,0.0,0.23607704,2680.3667,2.0
7236,,0.46142313,0.0,0.52707565,22534.871,2.0
7237,,,,,2362.711,2.0
7238,1.0,0.35557753,1.0,0.45680264,2404.4543,2.0
7239,,0.25130478,,0.43187186,2350.3403,2.0
7240,,0.48005852,,0.65938264,2225.8623,2.0
7241,0.0,0.44863203,0.0,0.3967388,4505.9272,2.0
7242,0.0,0.5358953,0.0,0.4339239,4351.929,2.0
7243,1.0,0.32323813,1.0,0.54137367,2182.967,2.0
7244,,,,,3547.503,2.0
7245,,,,,4872.44,2.0
7246,0.0,0.2508546,0.0,0.39549702,2895.045,2.0
7247,1.0,0.47296917,1.0,0.45149222,5199.3076,2.0
7248,,0.14461806,,0.26700175,36316.156,2.0
7249,,0.2244158,,0.5092645,2154.1829,2.0
7250,,0.2294376,,0.43941313,2957.1125,2.0
7251,,0.23660123,,0.40884668,3270.7354,2.0
7252,,0.26814106,,0.71289104,1981.659,2.0
7253,1.0,0.33490032,1.0,0.3956617,2091.038,2.0
7254,1.0,0.46432304,1.0,0.38592356,1871.085,2.0
7255,,0.24711849,,0.4211367,2322.4492,2.0
7256,,,,,1844.4546,2.0
7257,,0.3762989,,0.55747014,1821.4169,2.0
7258,0.0,0.26737273,0.0,0.39433897,1955.2834,2.0
7259,,0.13315147,,0.28069416,29273.58,2.0
7260,,,,,27234.63,2.0
7261,,0.3740326,,0.7154486,3312.0366,2.0
7262,,,,,4328.389,2.0
7263,,,,,3125.238,2.0
7264,,0.2971634,,0.5856475,2613.068,2.0
7265,1.0,0.37343845,1.0,0.33177924,6429.119,2.0
7266,,,,,3786.6392,2.0
7267,1.0,0.39127672,1.0,0.71063536,3512.3677,2.0
7268,,,,,4265.6797,2.0
7269,,,0.0,,2653.854,2.0
7270,1.0,0.25115108,1.0,0.24276814,1552.0007,2.0
7271,,0.30902195,,0.58213973,474.8216,2.0
7272,,,,,334.9339,2.0
7273,,0.07372613,,0.6299792,284.7106,2.0
7274,,,,,770.737,2.0
7275,,0.33967277,,0.5281253,528.31445,2.0
7276,0.0,0.44731075,0.0,0.39765728,1937.5663,2.0
7277,0.0,0.2204431,0.0,0.33558366,2339.033,2.0
7278,1.0,0.582525,1.0,0.6148794,1693.9019,2.0
7279,1.0,0.29235947,1.0,0.5198977,1160.1198,2.0
7280,,,,,1741.9044,2.0
7281,0.0,0.32114205,0.0,0.5430842,2361.6145,2.0
7282,,0.3530305,,0.20821299,8116.672,2.0
7283,,0.3998035,,0.48352736,547.64307,2.0
7284,0.0,0.45833462,0.0,0.2543558,807.45166,2.0
7285,,0.24351649,,0.5528189,643.3866,2.0
7286,,0.21334095,,0.6764328,251.33261,2.0
7287,,0.36002296,,0.6597795,559.6372,2.0
7288,0.0,0.42210668,0.0,0.46012083,791.79144,2.0
7289,1.0,0.39632592,1.0,0.7099381,466.76376,2.0
7290,,0.2666165,1.0,0.32536095,795.23486,2.0
7291,,,,,415.52942,2.0
7292,,0.1274257,1.0,0.28807774,804.7834,2.0
7293,,,,,765.84033,2.0
7294,,0.27616584,1.0,0.4530313,5031.5635,2.0
7295,,0.46353734,1.0,0.6021272,904.1572,2.0
7296,,0.4780491,,0.61246955,652.04504,2.0
7297,,,,,966.5531,2.0
7298,,0.35315531,,0.517459,866.2855,2.0
7299,,0.22338745,1.0,0.5896738,899.76337,2.0
7300,,0.32219514,,0.5472357,2371.8726,2.0
7301,,0.20384648,,0.3877116,1279.2764,2.0
7302,,0.42643106,1.0,0.5523622,1460.9487,2.0
7303,,0.25631547,,0.51384485,884.8267,2.0
7304,,0.37193346,0.0,0.6353218,1114.6552,2.0
7305,,0.34763837,,0.5213148,1195.8866,2.0
7306,,,,,62849.805,2.0
7307,,0.14737234,,0.2334589,2725.8167,2.0
7308,,0.20334679,,0.34765285,2339.3506,2.0
7309,,,,,1115.413,2.0
7310,,,,,1270.4917,2.0
7311,0.0,0.32173675,0.0,0.22057049,1385.6819,2.0
7312,,,,,1209.9318,2.0
7313,1.0,0.32265577,1.0,0.52366614,1399.1722,2.0
7314,1.0,0.05905491,1.0,0.59913427,342.35074,2.0
7315,,0.38257524,1.0,0.71746516,846.27924,2.0
7316,0.0,0.40021032,0.0,0.29756817,809.99493,2.0
7317,,0.4233804,,0.5545774,1540.3076,2.0
7318,,0.0926156,,0.34197548,1047.9945,2.0
7319,,0.179344,1.0,0.36850515,1585.0157,2.0
7320,,,,,867.06213,2.0
7321,,0.23866563,1.0,0.4068709,538.23334,2.0
7322,0.0,0.25259745,0.0,0.48776785,762.1936,2.0
7323,,,,,1061.3069,2.0
7324,,0.31527427,0.0,0.5544268,802.14734,2.0
7325,,0.24039114,1.0,0.49637556,889.61597,2.0
7326,,0.19806102,1.0,0.5299711,1056.9401,2.0
7327,,,0.0,,265.1843,2.0
7328,,0.4195073,,0.55739266,550.97235,2.0
7329,,,,,785.7493,2.0
7330,,,,,523.0365,2.0
7331,,,,,493.4983,2.0
7332,,0.22432724,0.0,0.45501235,931.3614,2.0
7333,,0.30431288,0.0,0.42235792,742.77045,2.0
7334,0.0,0.46909526,0.0,0.52155393,589.99585,2.0
7335,,0.27876598,0.0,0.57915646,534.3852,2.0
7336,,,,,342.83682,2.0
7337,,0.13123505,,0.283122,1258.8849,2.0
7338,,0.40941438,,0.42969,12455.2,2.0
7339,,0.81847584,,0.51195717,2736.8267,2.0
7340,,,,,1405.181,2.0
7341,,0.8819549,,0.7434764,2114.9875,2.0
7342,,0.8681167,,0.6952844,2037.8531,2.0
7343,,,,,2549.5974,2.0
7344,,,,,4438.913,2.0
7345,,0.80170655,,0.7257917,1436.4435,2.0
7346,,0.8580069,,0.38898522,4025.2734,2.0
7347,,0.8455744,1.0,0.783024,2455.9265,2.0
7348,,0.7369934,,0.64273,2904.3284,2.0
7349,0.0,0.7962281,0.0,0.6233004,2884.4268,2.0
7350,,,,,13182.953,2.0
7351,,0.9278517,,0.83645356,277.92038,2.0
7352,,0.84081846,,0.7735304,156.76767,2.0
7353,,0.7758282,,0.6969882,305.2789,2.0
7354,,0.71789277,,0.58549094,265.36523,2.0
7355,,0.52606577,,0.50319487,2366.572,2.0
7356,,,,,2630.6206,2.0
7357,,0.6282193,,0.59939194,3035.7593,2.0
7358,,0.65693784,,0.51942456,3373.6895,2.0
7359,,0.84579384,1.0,0.6193207,2457.8032,2.0
7360,,0.8191088,,0.51669973,3341.9392,2.0
7361,,0.60118854,,0.3378867,2333.2148,2.0
7362,,0.7593869,,0.4192568,30739.975,2.0
7363,,0.7702125,,0.7835353,3860.1658,2.0
7364,,0.8735328,,0.5329824,4059.0037,2.0
7365,,0.7765062,,0.79672736,2440.2935,2.0
7366,,0.62524235,,0.6100993,4633.267,2.0
7367,,0.76215756,,0.77292156,3413.616,2.0
7368,,,,,5624.724,2.0
7369,1.0,0.8423282,1.0,0.61233526,3778.6145,2.0
7370,,0.8369434,,0.71745896,2648.1277,2.0
7371,,0.74956036,,0.61926514,6964.253,2.0
7372,,0.8567148,,0.63661104,3814.7954,2.0
7373,,0.8208011,,0.70554644,4668.957,2.0
7374,,0.64245164,0.0,0.243171,12811.762,2.0
7375,,0.21818404,,0.3599143,5603.775,2.0
7376,,0.5750539,,0.5672905,2613.551,2.0
7377,,0.76702803,,0.7082483,4648.4985,2.0
7378,,0.7987742,,0.7086334,4113.0645,2.0
7379,1.0,0.81037056,1.0,0.727912,6199.919,2.0
7380,0.0,0.43772006,0.0,0.2917703,7902.6685,2.0
7381,1.0,0.7879549,1.0,0.73501784,6726.4463,2.0
7382,1.0,0.7680107,1.0,0.7379715,6924.7188,2.0
7383,1.0,0.8829791,1.0,0.8677928,5480.875,2.0
7384,,0.60618633,,0.5850819,7933.0923,2.0
7385,,0.50809693,,0.28122604,20596.014,2.0
7386,,0.5427513,,0.6568585,3044.5444,2.0
7387,,0.59572536,,0.6076188,3874.4895,2.0
7388,,,,,2389.7498,2.0
7389,,0.4615569,,0.62690574,2644.9731,2.0
7390,,,,,1689.0833,2.0
7391,,,,,1941.2535,2.0
7392,,0.46963194,,0.6438252,1902.827,2.0
7393,0.0,0.66140664,0.0,0.7079556,1798.091,2.0
7394,,0.4748223,,0.47948974,1991.5862,2.0
7395,,0.33492154,1.0,0.08964335,874.5811,2.0
7396,,0.38058594,1.0,0.35347798,3940.5022,2.0
7397,,,,,5178.8604,2.0
7398,,0.65644234,,0.6415901,2031.3237,2.0
7399,,0.5676823,,0.49790728,1867.6884,2.0
7400,,0.4222626,,0.6740736,1614.7748,2.0
7401,,0.66520065,,0.8318517,2090.309,2.0
7402,1.0,0.5447667,1.0,0.6345614,1956.2275,2.0
7403,0.0,0.38497698,0.0,0.652755,1932.8433,2.0
7404,,0.68132174,,0.6567785,1550.3872,2.0
7405,,0.6904215,1.0,0.7458701,1926.7693,2.0
7406,,0.45977303,,0.56580985,1999.5704,2.0
7407,,,,,2032.1687,2.0
7408,1.0,0.4407468,1.0,0.6850297,1616.9282,2.0
7409,,,,,21792.71,2.0
7410,,0.54969907,,0.6457117,1394.2604,2.0
7411,,0.74287486,,0.78665495,1198.8064,2.0
7412,,0.5105336,,0.60598797,1908.867,2.0
7413,,0.52011865,,0.6444244,714.0616,2.0
7414,,0.72130334,1.0,0.87466395,2031.9897,2.0
7415,1.0,0.92982185,1.0,0.6429327,1379.7247,2.0
7416,,,,,2058.7478,2.0
7417,,0.61053675,,0.64443594,1576.3651,2.0
7418,,0.5927724,1.0,0.585693,1408.1997,2.0
7419,,0.456365,,0.4055328,1765.499,2.0
7420,0.0,0.7052497,0.0,0.78472835,2245.084,2.0
7421,,0.44574147,,0.41444528,10312.426,2.0
7422,,,,,364.1134,2.0
7423,,0.6945758,,0.7866342,498.78305,2.0
7424,,0.47046226,,0.62337047,326.15942,2.0
7425,,0.8053465,,0.49101567,468.225,2.0
7426,,0.45114043,,0.5553475,1003.5982,2.0
7427,,0.6004472,1.0,0.73351926,515.98755,2.0
7428,1.0,0.60259384,1.0,0.57821393,969.76746,2.0
7429,,0.6959894,1.0,0.60402244,986.79596,2.0
7430,,0.31248203,,0.4654943,967.93524,2.0
7431,,0.602853,,0.6757294,765.3409,2.0
7432,,0.35793906,1.0,0.57813907,921.9455,2.0
7433,,0.37766647,0.0,0.41938433,3244.9773,2.0
7434,,,,,1644.2175,2.0
7435,,,,,1596.0793,2.0
7436,,0.8749322,,0.4197032,1362.0444,2.0
7437,,,,,1865.6915,2.0
7438,,,,,3272.395,2.0
7439,,,,,2726.9795,2.0
7440,,,,,1198.5558,2.0
7441,,0.9492619,,0.27701804,3199.526,2.0
7442,,,,,3528.004,2.0
7443,,,,,2910.3374,2.0
7444,,,,,1900.502,2.0
7445,,,,,33567.87,2.0
7446,,0.76103944,,0.74517584,2621.438,2.0
7447,,0.56770784,,0.46715656,2746.6313,2.0
7448,,0.8151187,,0.78694654,2723.5107,2.0
7449,,0.3892873,,0.44788533,2196.9446,2.0
7450,0.0,0.41326952,0.0,0.61820644,2258.2646,2.0
7451,1.0,0.6505426,1.0,0.6825616,2741.9668,2.0
7452,1.0,0.8678947,1.0,0.8114196,1143.478,2.0
7453,0.0,0.36425808,0.0,0.56961036,2286.4836,2.0
7454,0.0,0.30258766,0.0,0.5921205,2842.6482,2.0
7455,0.0,0.5213464,0.0,0.5201731,2271.9177,2.0
7456,0.0,0.50836104,0.0,0.6053331,1984.4269,2.0
7457,,0.71252596,1.0,0.65303487,2921.8252,2.0
7458,,0.76826406,,0.6713806,2248.5115,2.0
7459,,0.7316665,1.0,0.6692242,1471.3911,2.0
7460,,0.5082656,,0.43183762,2137.9705,2.0
7461,,,,,808.3516,2.0
7462,1.0,0.70040584,1.0,0.65795064,1011.41284,2.0
7463,1.0,0.569253,1.0,0.5051157,921.00995,2.0
7464,0.0,0.35634094,0.0,0.40115166,1039.8677,2.0
7465,0.0,0.4856862,0.0,0.6125899,673.24475,2.0
7466,1.0,0.8119736,1.0,0.76093316,637.5686,2.0
7467,0.0,0.2979077,0.0,0.3558321,1721.044,2.0
7468,0.0,0.61773163,0.0,0.5430963,1139.15,2.0
7469,,0.29317015,,0.35189095,10892.658,2.0
7470,,0.889791,,0.85973334,1292.0927,2.0
7471,,0.77391315,,0.7450486,1235.534,2.0
7472,,0.8062542,,0.7546899,1721.3356,2.0
7473,,0.86447847,,0.7304929,1035.5216,2.0
7474,,0.6079856,0.0,0.68933564,2338.838,2.0
7475,,0.7194052,1.0,0.6950491,3419.0928,2.0
7476,,0.46017486,,0.5622668,2424.6033,2.0
7477,0.0,0.61846185,0.0,0.5512068,2996.089,2.0
7478,0.0,0.83912706,0.0,0.8078629,1574.7032,2.0
7479,,0.7446062,0.0,0.74167943,1849.6984,2.0
7480,,0.5368759,,0.6739473,2553.5786,2.0
7481,,0.3756404,0.0,0.33868295,8732.19,2.0
7482,,0.889866,,0.851263,1890.0504,2.0
7483,,,,,2014.2479,2.0
7484,,0.87258136,,0.87537074,1461.9825,2.0
7485,,0.49629596,,0.5097702,1667.2799,2.0
7486,0.0,0.21588153,0.0,0.2218375,2435.5127,2.0
7487,0.0,0.48261023,0.0,0.3592784,3371.32,2.0
7488,,0.7811095,,0.7351538,1899.4227,2.0
7489,1.0,0.6066387,1.0,0.5343009,2678.5178,2.0
7490,0.0,,0.0,,2606.4924,2.0
7491,,0.6610859,1.0,0.5112534,3070.6572,2.0
7492,1.0,0.53819185,1.0,0.44947478,3358.7441,2.0
7493,,0.6864472,1.0,0.5908009,5964.9287,2.0
7494,,0.8562413,,0.81272596,1910.5022,2.0
7495,,0.8160474,,0.73189765,1410.3767,2.0
7496,,0.83534807,,0.7849302,1093.3716,2.0
7497,,0.8600657,,0.81908107,1061.5542,2.0
7498,0.0,0.5057223,0.0,0.60301393,1302.5668,2.0
7499,1.0,0.77471936,1.0,0.74618655,1771.8354,2.0
7500,,,,,1232.5568,2.0
7501,1.0,0.8271822,1.0,0.7909788,1468.4701,2.0
7502,1.0,0.8480041,1.0,0.8003408,1996.4197,2.0
7503,1.0,0.8833496,1.0,0.8126644,1635.5823,2.0
7504,1.0,0.50933915,1.0,0.59521246,1530.8497,2.0
7505,,0.48282132,0.0,0.32691428,1271.8098,2.0
7506,,0.41203082,,0.49173492,11118.595,2.0
7507,1.0,0.7514898,1.0,0.7955241,879.28253,2.0
7508,0.0,0.5693029,0.0,0.29909843,1817.4396,2.0
7509,1.0,0.8527878,1.0,0.7702331,1404.0673,2.0
7510,1.0,0.6977128,1.0,0.7103086,1196.0167,2.0
7511,,0.76177305,1.0,0.6370023,1592.9199,2.0
7512,1.0,0.8832002,1.0,0.87749445,1193.3503,2.0
7513,0.0,0.49892518,0.0,0.5201985,1382.8247,2.0
7514,1.0,0.82376754,1.0,0.7056333,1350.5074,2.0
7515,0.0,0.51369286,0.0,0.45110634,4237.26,2.0
7516,,0.8001655,,0.69771135,3322.4673,2.0
7517,,0.71887594,,0.654526,3142.8367,2.0
7518,,,,,2199.8643,2.0
7519,1.0,0.495232,1.0,0.5330385,1760.1661,2.0
7520,,0.5181129,0.0,0.55390227,1216.9432,2.0
7521,,0.28327253,0.0,0.5348697,1688.7728,2.0
7522,1.0,0.686148,1.0,0.74083096,1304.7832,2.0
7523,0.0,0.3614854,0.0,0.39394316,1341.2101,2.0
7524,,0.38223884,0.0,0.41706917,2064.6223,2.0
7525,,0.7980389,,0.828256,1284.6243,2.0
7526,,0.7858089,1.0,0.81655246,2567.1147,2.0
7527,,0.8636779,,0.7145936,584.1841,2.0
7528,,0.9644016,,0.8955484,339.0768,2.0
7529,,0.77956486,,0.75658894,663.27814,2.0
7530,,0.92080635,,0.8352249,578.54486,2.0
7531,,0.7558602,0.0,0.6421763,1978.5779,2.0
7532,,0.22747733,,0.53438956,1993.5912,2.0
7533,,0.816128,0.0,0.77847683,1750.0552,2.0
7534,,0.75271106,,0.75988436,1204.4067,2.0
7535,,0.32336688,0.0,0.5763057,1669.447,2.0
7536,,0.98814636,0.0,0.9510199,1822.0311,2.0
7537,,,,,16616.014,2.0
7538,,,,,3129.3257,2.0
7539,,0.8855196,,0.84271824,3737.5137,2.0
7540,,,,,3660.576,2.0
7541,,,,,3826.5796,2.0
7542,,0.888958,1.0,0.7610297,2335.8127,2.0
7543,,,,,2950.374,2.0
7544,,,,,2106.436,2.0
7545,,,,,2768.921,2.0
7546,,,,,1959.5195,2.0
7547,,0.97983116,0.0,0.94427264,2775.9692,2.0
7548,,,,,3996.2136,2.0
7549,,0.70744646,,0.68175656,22245.25,2.0
7550,,,,,2533.6526,3.0
7551,,,,,1962.7203,3.0
7552,,,,,2647.9302,3.0
7553,,,,,3511.676,3.0
7554,,,,,1595.2206,3.0
7555,,,,,4553.5503,3.0
7556,1.0,0.3089492,1.0,0.4595243,3303.583,3.0
7557,0.0,0.63368815,0.0,0.5932926,2876.2156,3.0
7558,1.0,0.52309054,1.0,0.42531675,4082.566,3.0
7559,,0.44277483,,0.48883867,7055.0547,3.0
7560,,,,,1048.2002,3.0
7561,1.0,0.688541,1.0,0.600055,1378.9694,3.0
7562,,,,,1771.8289,3.0
7563,,,,,1067.2794,3.0
7564,,0.6821138,1.0,0.6080258,1071.6727,3.0
7565,,0.7755583,,0.66918683,1490.5474,3.0
7566,,,,,11156.378,3.0
7567,,,,,9994.43,3.0
7568,,0.4017341,,0.47037792,10603.041,3.0
7569,,0.21352264,,0.3024881,11929.614,3.0
7570,,0.40432912,,0.36551887,3911.0957,3.0
7571,,0.25107217,0.0,0.3818765,1861.362,3.0
7572,0.0,0.09166192,0.0,0.38698107,1581.7045,3.0
7573,,,,,2575.7083,3.0
7574,1.0,0.20753238,1.0,0.47436106,1277.1167,3.0
7575,,0.2442728,0.0,0.39048603,1713.2881,3.0
7576,,,,,2410.866,3.0
7577,,,,,18365.38,3.0
7578,,0.44466624,,0.5905734,2098.8062,3.0
7579,,0.4706336,,0.72290766,2968.1108,3.0
7580,1.0,0.27819538,1.0,0.43767524,2317.8967,3.0
7581,,0.35129884,0.0,0.41955736,494.88077,3.0
7582,1.0,0.32060796,1.0,0.4687746,1276.759,3.0
7583,1.0,0.4613419,1.0,0.6676189,1835.9739,3.0
7584,0.0,0.49844182,0.0,0.7049129,1497.6268,3.0
7585,0.0,,0.0,,2053.8762,3.0
7586,1.0,0.29503325,1.0,0.46143284,2283.556,3.0
7587,,0.1103931,,0.18422796,9565.346,3.0
7588,,,1.0,,6580.5464,3.0
7589,,0.27684283,,0.42351377,2177.8562,3.0
7590,,0.2676884,,0.39293236,2900.2698,3.0
7591,,0.153594,,0.39175108,1869.9731,3.0
7592,,0.21350366,,0.42588457,1912.1509,3.0
7593,,0.21987951,,0.20337169,2113.4065,3.0
7594,,0.10000963,,0.114508875,2507.0789,3.0
7595,,0.16559488,0.0,0.40291032,938.8503,3.0
7596,,0.20857969,,0.41747686,1201.8586,3.0
7597,,,,,1103.6351,3.0
7598,0.0,0.16314644,0.0,0.36893135,1109.8654,3.0
7599,0.0,0.09485929,0.0,0.22798546,1325.0739,3.0
7600,,0.15677156,,0.24450874,30289.035,3.0
7601,,0.13993274,,0.18710312,1430.3821,3.0
7602,,0.36514717,0.0,0.5237083,1066.2405,3.0
7603,,0.28648993,,0.4855644,695.94574,3.0
7604,,0.06310289,,0.20079978,1234.388,3.0
7605,,0.15507096,0.0,0.2505246,3890.3247,3.0
7606,1.0,0.13955498,1.0,0.38487685,3859.2046,3.0
7607,,0.16309606,0.0,0.36180466,4083.8855,3.0
7608,,0.34191057,0.0,0.52069867,2410.5837,3.0
7609,,,,,4428.522,3.0
7610,1.0,0.26735777,1.0,0.37635833,2967.8796,3.0
7611,1.0,0.38009998,1.0,0.5040909,3772.6663,3.0
7612,,0.07882002,,0.29105031,38131.22,3.0
7613,,0.4594999,,0.79945236,621.5622,3.0
7614,,0.24578205,,0.3319875,1582.7675,3.0
7615,,0.5074663,,0.63781244,1009.39874,3.0
7616,,0.4035338,,0.54725814,1327.6342,3.0
7617,1.0,,1.0,,2773.2239,3.0
7618,0.0,0.082145266,0.0,0.2556337,4307.3696,3.0
7619,,,,,3393.1382,3.0
7620,0.0,0.30734324,0.0,0.51768553,2294.421,3.0
7621,,0.33612353,0.0,0.5185503,1143.2855,3.0
7622,0.0,0.1743863,0.0,0.32874677,3105.0935,3.0
7623,,0.111241095,0.0,0.18554357,32074.922,3.0
7624,,0.645025,,0.58716446,2107.3696,3.0
7625,,0.49853787,,0.4985167,1566.8894,3.0
7626,,0.26049572,,0.26157808,1861.0054,3.0
7627,,,,,1052.4525,3.0
7628,,,,,1606.591,3.0
7629,,0.2556238,,0.22276436,1401.6024,3.0
7630,,,,,1357.5046,3.0
7631,,0.13540505,1.0,0.18499191,1114.3611,3.0
7632,0.0,0.45541674,0.0,0.45728505,1225.4426,3.0
7633,,0.3353773,,0.29997668,877.2758,3.0
7634,,,,,601.8686,3.0
7635,,,,,1402.6399,3.0
7636,,0.48851475,,0.39153638,2012.9353,3.0
7637,,0.10243416,,0.16271642,2340.4424,3.0
7638,,0.43382272,,0.42229825,968.254,3.0
7639,,0.3753544,,0.2682606,976.9237,3.0
7640,,,,,878.57837,3.0
7641,,,,,943.59,3.0
7642,,0.3954144,1.0,0.42132974,704.5275,3.0
7643,0.0,0.41644245,0.0,0.26898962,1227.5813,3.0
7644,,,,,1009.1097,3.0
7645,,0.29575464,,0.30270097,610.8808,3.0
7646,,0.3998409,,0.35483563,98173.875,3.0
7647,,,,,539.289,3.0
7648,,,,,682.47687,3.0
7649,,,1.0,,687.8086,3.0
7650,1.0,,1.0,,719.0882,3.0
7651,,,,,430.16495,3.0
7652,,0.17373936,1.0,0.19660701,488.6159,3.0
7653,,,,,706.3815,3.0
7654,,0.37160707,0.0,0.26446068,711.37445,3.0
7655,,,,,685.1576,3.0
7656,0.0,,0.0,,721.89557,3.0
7657,,,,,586.3704,3.0
7658,,0.29206768,,0.20428139,139843.62,3.0
7659,,0.5022961,,0.57803786,607.0631,3.0
7660,,,,,1052.4844,3.0
7661,,,,,872.4385,3.0
7662,,0.13033323,0.0,0.15088564,927.433,3.0
7663,,,,,678.3421,3.0
7664,,0.5297969,,0.4234605,709.375,3.0
7665,1.0,0.310383,1.0,0.30288696,674.9574,3.0
7666,1.0,0.312892,1.0,0.2431753,372.8457,3.0
7667,,,,,993.6071,3.0
7668,,,,,658.1636,3.0
7669,,0.4134561,0.0,0.43574432,864.25824,3.0
7670,,0.3549647,,0.39226663,915.6408,3.0
7671,,,,,41369.863,3.0
7672,,0.20730294,,0.21039705,38723.07,3.0
7673,,,,,37066.18,3.0
7674,,,,,39543.57,3.0
7675,,,,,34265.0,3.0
7676,,,,,36413.01,3.0
7677,,,,,40570.438,3.0
7678,,,,,3766.8474,3.0
7679,1.0,0.6516377,1.0,0.42769587,3811.9712,3.0
7680,,,,,2492.1733,3.0
7681,,0.38552964,,0.34181365,3122.0369,3.0
7682,,0.4482627,1.0,0.3681723,3417.1174,3.0
7683,,,,,2962.5198,3.0
7684,,0.37131974,1.0,0.32417202,986.3849,3.0
7685,,,,,2685.9602,3.0
7686,,,,,3063.0483,3.0
7687,,,,,2682.9253,3.0
7688,,0.16413523,1.0,0.25888327,3335.882,3.0
7689,,0.54708254,,0.50112265,2677.509,3.0
7690,,0.59364754,,0.63877094,1315.4224,3.0
7691,,0.38662505,,0.25752303,384.703,3.0
7692,1.0,0.35695195,1.0,0.34680554,1722.1772,3.0
7693,0.0,0.40645427,0.0,0.42916802,1967.6046,3.0
7694,,0.17592779,,0.19828415,2638.0261,3.0
7695,,0.5392134,0.0,0.45159796,2494.016,3.0
7696,,0.3315224,,0.35094988,715.408,3.0
7697,0.0,0.22694746,0.0,0.25641224,1572.176,3.0
7698,,0.3518081,1.0,0.37567726,2074.3792,3.0
7699,1.0,0.45245096,1.0,0.40324154,2591.415,3.0
7700,,0.127151,,0.115206756,25577.576,3.0
7701,,0.09700186,,0.1251479,23874.932,3.0
7702,,0.33899388,,0.34446666,864.5368,3.0
7703,,0.10179907,,0.2862875,991.7657,3.0
7704,,,,,1398.9036,3.0
7705,,,,,882.118,3.0
7706,,,,,1115.8901,3.0
7707,,,,,833.0162,3.0
7708,1.0,0.25125408,1.0,0.2199869,2893.6614,3.0
7709,,0.18415996,,0.3473679,2098.8345,3.0
7710,1.0,0.30238128,1.0,0.24582244,2507.0486,3.0
7711,,,,,2337.6882,3.0
7712,1.0,0.41883138,1.0,0.46191207,853.78314,3.0
7713,,,,,1418.5674,3.0
7714,,0.32004437,,0.21963531,3171.7998,3.0
7715,,0.13371952,,0.18347424,1708.5438,3.0
7716,,0.2423021,,0.3727804,1537.4067,3.0
7717,,0.11319643,,0.13892938,2263.8577,3.0
7718,,0.04589187,,0.113679156,3268.9465,3.0
7719,,,,,3794.3154,3.0
7720,0.0,0.2536768,0.0,0.2550392,2445.636,3.0
7721,1.0,0.32624665,1.0,0.31316295,3045.738,3.0
7722,,0.06418305,,0.26065326,3837.0564,3.0
7723,1.0,0.30214673,1.0,0.2966219,2638.9524,3.0
7724,,,,,3202.2368,3.0
7725,0.0,0.33007458,0.0,0.3157744,3179.1409,3.0
7726,,0.17355728,,0.10490026,186389.88,3.0
7727,,0.2400669,,0.24197063,7406.724,3.0
7728,,0.4741541,,0.2722379,8870.5625,3.0
7729,,0.10714433,,0.169069,5693.121,3.0
7730,,,,,4690.174,3.0
7731,0.0,0.2942214,0.0,0.23897873,2928.641,3.0
7732,1.0,0.31306162,1.0,0.3041363,3250.3687,3.0
7733,1.0,0.38882473,1.0,0.3927404,2241.6877,3.0
7734,,0.2408552,,0.21334878,3142.54,3.0
7735,1.0,0.3276006,1.0,0.3140872,2623.0874,3.0
7736,,0.71144664,,0.53798145,2482.0862,3.0
7737,,,,,1973.0282,3.0
7738,,0.27351692,,0.2217179,91031.63,3.0
7739,,0.5213581,,0.47240633,1709.5592,3.0
7740,,0.47984385,,0.27775913,4810.054,3.0
7741,0.0,0.3748228,0.0,0.4066098,1179.551,3.0
7742,,,,,928.6999,3.0
7743,0.0,0.29515818,0.0,0.23976313,1785.8064,3.0
7744,0.0,0.18166967,0.0,0.2560574,914.4754,3.0
7745,,,,,917.84973,3.0
7746,0.0,0.19195366,0.0,0.3542958,1379.1516,3.0
7747,,0.53530693,1.0,0.42863458,1265.0255,3.0
7748,1.0,0.35810715,1.0,0.3945472,1297.3308,3.0
7749,,,,,61581.51,3.0
7750,,,,,53630.02,3.0
7751,,0.30809346,1.0,0.300721,3569.9453,3.0
7752,,0.4296103,,0.39466846,965.3119,3.0
7753,,0.42621288,,0.3739009,1208.3639,3.0
7754,,0.39530003,1.0,0.35069737,3881.6562,3.0
7755,,0.38678315,1.0,0.34295192,1842.2511,3.0
7756,,0.13504432,1.0,0.31918377,1669.4608,3.0
7757,1.0,0.5198227,1.0,0.42831302,1840.2557,3.0
7758,1.0,0.3681944,1.0,0.3213696,1205.4521,3.0
7759,,0.32718816,,0.3138057,1704.8385,3.0
7760,1.0,0.40276268,1.0,0.40664968,1792.2319,3.0
7761,,,,,45907.77,3.0
7762,,0.23489663,,0.23699936,1170.2797,3.0
7763,,0.3016271,1.0,0.2962631,1228.629,3.0
7764,,0.26585975,1.0,0.2836944,940.7603,3.0
7765,,0.100833446,,0.16132586,770.65515,3.0
7766,,0.40138432,1.0,0.35624352,702.5316,3.0
7767,,,,,430.08276,3.0
7768,1.0,0.29664338,1.0,0.4039418,646.21466,3.0
7769,,,,,803.387,3.0
7770,,0.3186383,,0.25952947,833.9991,3.0
7771,,,,,701.22046,3.0
7772,,0.3508941,,0.2291728,311.2217,3.0
7773,,,,,1371.0371,3.0
7774,,0.56192553,,0.55914074,1109.5999,3.0
7775,,,,,1446.4633,3.0
7776,,,,,1295.247,3.0
7777,,,,,1084.5656,3.0
7778,,,,,1194.3983,3.0
7779,,0.3884268,,0.24765494,1646.6953,3.0
7780,,,,,1236.1157,3.0
7781,,0.30638108,1.0,0.21213318,1589.412,3.0
7782,,0.386396,,0.3377331,610.7313,3.0
7783,,0.5827253,,0.45568472,2924.2444,3.0
7784,,0.46168086,,0.4311632,2786.4204,3.0
7785,,0.5939179,,0.43769884,3264.4976,3.0
7786,,0.4337828,,0.3459136,1859.8224,3.0
7787,,0.59329104,1.0,0.47650826,1821.9425,3.0
7788,,0.64843833,1.0,0.6618403,2285.4187,3.0
7789,,,,,2874.9644,3.0
7790,,0.41413894,1.0,0.30799055,3380.5322,3.0
7791,,0.63333076,,0.54615206,2525.0398,3.0
7792,1.0,0.47766632,1.0,0.35591704,2928.0999,3.0
7793,,,,,1943.2235,3.0
7794,,,,,77249.42,3.0
7795,,0.5574896,,0.36473918,17339.63,3.0
7796,0.0,0.48618314,0.0,0.31869322,4770.293,3.0
7797,,,,,4656.8623,3.0
7798,0.0,0.68653566,0.0,0.52499,4497.523,3.0
7799,,0.64468783,1.0,0.4482958,2164.4539,3.0
7800,,,1.0,,2013.2313,3.0
7801,,0.6555013,1.0,0.6357652,2757.8196,3.0
7802,,0.17175879,0.0,0.33777958,4328.424,3.0
7803,1.0,0.63586015,1.0,0.4739278,59941.6,3.0
7804,,0.51122695,,0.53147405,4128.6724,3.0
7805,,0.16478427,,0.305283,4404.0957,3.0
7806,,0.45610797,,0.6019172,4106.455,3.0
7807,,,,,1013.3933,3.0
7808,,0.13161932,,0.33605322,1215.7092,3.0
7809,,0.083992064,0.0,0.23270094,1990.9121,3.0
7810,,0.34711045,0.0,0.59086144,756.7886,3.0
7811,,0.40611327,1.0,0.56739634,724.40436,3.0
7812,,0.37672067,,0.6345615,1406.4735,3.0
7813,,0.42685387,,0.59751576,1949.2151,3.0
7814,,0.50252867,,0.7881671,1299.3009,3.0
7815,0.0,0.26220578,0.0,0.34661046,9292.917,3.0
7816,,0.3658997,,0.5154152,10291.828,3.0
7817,,0.37091365,,0.4825598,10179.557,3.0
7818,,0.18025137,1.0,0.4578082,2031.7764,3.0
7819,,0.06104841,,0.3325078,2772.2249,3.0
7820,1.0,0.40404353,1.0,0.636942,3375.6145,3.0
7821,,0.3763909,0.0,0.5383782,4048.958,3.0
7822,,0.3404135,1.0,0.5651245,1856.6584,3.0
7823,,0.55307406,,0.73873895,4578.9526,3.0
7824,,0.36852342,1.0,0.54220045,3886.214,3.0
7825,,0.26791397,,0.419607,3741.8992,3.0
7826,,0.31271452,,0.47109184,15023.156,3.0
7827,,0.29196537,,0.49183762,13295.724,3.0
7828,,0.44822794,,0.7320846,2846.5251,3.0
7829,,,,,3538.7925,3.0
7830,,,,,3849.212,3.0
7831,,,,,4478.757,3.0
7832,,0.3680937,1.0,0.30938056,2972.9983,3.0
7833,,0.54408824,0.0,0.72200257,2600.686,3.0
7834,,,,,2582.3455,3.0
7835,,,,,1844.5455,3.0
7836,,,,,2659.9817,3.0
7837,,,,,858.88837,3.0
7838,,0.26073468,0.0,0.46198204,2514.24,3.0
7839,,,,,24540.14,3.0
7840,0.0,0.19339809,0.0,0.2647707,3540.2573,3.0
7841,,0.06625051,,0.3186013,1424.894,3.0
7842,,0.5013491,,0.77004284,5295.6914,3.0
7843,,0.19333197,,0.32375932,6335.9404,3.0
7844,,0.3328398,0.0,0.25857556,2833.716,3.0
7845,,0.33807543,1.0,0.52005905,1358.4619,3.0
7846,1.0,0.2791779,1.0,0.37412077,2919.504,3.0
7847,,0.1776274,,0.2691056,1722.1652,3.0
7848,1.0,0.1313616,1.0,0.36107606,1644.5903,3.0
7849,0.0,0.4413502,0.0,0.5712703,1782.5907,3.0
7850,,0.23662773,,0.4062749,2002.7473,3.0
7851,,0.1428648,0.0,0.1330355,34194.47,3.0
7852,,,,,11682.213,3.0
7853,,0.6251591,1.0,0.49175018,3826.9204,3.0
7854,,0.34771037,,0.52258193,7015.1675,3.0
7855,,0.4078412,,0.5651535,7557.4033,3.0
7856,0.0,0.48393896,0.0,0.40102556,3409.2568,3.0
7857,,0.35944265,,0.39248025,2742.139,3.0
7858,,0.08569606,,0.33652177,5136.662,3.0
7859,0.0,0.11868673,0.0,0.23988101,7253.27,3.0
7860,,,,,4449.5,3.0
7861,,0.3249771,,0.43317392,5038.441,3.0
7862,0.0,0.60376614,0.0,0.79018784,5380.3403,3.0
7863,,0.18624628,,0.1891179,54972.766,3.0
7864,,0.3156529,,0.33422363,717.828,3.0
7865,,0.49450803,,0.46677253,824.70807,3.0
7866,,0.23960795,,0.4066079,913.21436,3.0
7867,,,,,551.0263,3.0
7868,,0.16885057,1.0,0.34256253,894.9608,3.0
7869,,0.081793234,,0.36816585,845.81323,3.0
7870,,0.33011755,1.0,0.40398195,362.09167,3.0
7871,,0.27343398,0.0,0.41456813,759.2447,3.0
7872,,0.37966463,1.0,0.48808545,864.3893,3.0
7873,,0.5066147,,0.5235723,741.0088,3.0
7874,,,,,947.8094,3.0
7875,,0.30679822,1.0,0.38200352,148293.28,3.0
7876,,0.6765003,,0.76054174,1932.2374,3.0
7877,,,,,2751.01,3.0
7878,,0.67693055,,0.65997225,2002.0421,3.0
7879,0.0,0.10984616,0.0,0.17603685,1766.3162,3.0
7880,1.0,0.517062,1.0,0.50772446,1744.9447,3.0
7881,,,,,1302.271,3.0
7882,,0.6832325,,0.23448762,1500.7041,3.0
7883,,,,,2153.3684,3.0
7884,1.0,0.39119586,1.0,0.4205427,1483.4432,3.0
7885,,0.65335166,0.0,0.68766755,16895.6,3.0
7886,,0.6706371,,0.7056036,4519.495,3.0
7887,,0.43077207,,0.46269995,5497.0845,3.0
7888,1.0,0.48511332,1.0,0.41581407,2996.275,3.0
7889,,0.12089042,,0.2000896,3011.771,3.0
7890,0.0,0.47754622,0.0,0.47227386,3579.8755,3.0
7891,,,,,2581.0928,3.0
7892,,0.4759601,,0.55039424,1585.5121,3.0
7893,,,0.0,,2590.2207,3.0
7894,0.0,0.6698838,0.0,0.62205666,2653.6897,3.0
7895,,0.12631665,0.0,0.24172606,2450.9512,3.0
7896,,0.755703,,0.7036192,25677.914,3.0
7897,,0.21837972,,0.16823371,27918.357,3.0
7898,,0.32297793,,0.4591931,2740.6443,3.0
7899,,0.35502872,,0.47576815,2518.8894,3.0
7900,,0.120151766,,0.3844996,2056.2336,3.0
7901,,0.38932315,,0.5095054,2489.1624,3.0
7902,,0.19670077,0.0,0.3623905,2626.9204,3.0
7903,,0.38642263,0.0,0.38822767,2511.0056,3.0
7904,,0.16189297,0.0,0.30926886,2594.1506,3.0
7905,,,,,2779.003,3.0
7906,,0.47039986,1.0,0.5064952,2168.6938,3.0
7907,,0.09076373,,0.3173643,2313.996,3.0
7908,,0.48942032,0.0,0.55512345,1702.8104,3.0
7909,,0.24294195,,0.33710834,47238.938,3.0
7910,,0.16344564,,0.15543652,2020.5985,3.0
7911,,0.67016274,,0.65725905,1987.4594,3.0
7912,,0.7596657,,0.622681,1596.3529,3.0
7913,,,,,1760.755,3.0
7914,,0.6339507,1.0,0.71425533,1423.0194,3.0
7915,,0.6612233,1.0,0.5760262,550.4799,3.0
7916,,,,,2279.19,3.0
7917,1.0,0.53233635,1.0,0.57845414,2924.5183,3.0
7918,,0.71808696,,0.54588914,628.0069,3.0
7919,,0.2519419,,0.2503059,2502.9329,3.0
7920,,,,,2394.058,3.0
7921,,0.22954763,,0.15042709,29169.996,3.0
7922,,0.6254668,,0.56798995,1584.009,3.0
7923,,0.26688707,,0.42146748,1696.718,3.0
7924,,0.7568456,,0.5445044,752.31537,3.0
7925,,,,,1539.5582,3.0
7926,,0.24264972,0.0,0.2886953,3755.8835,3.0
7927,,0.2361543,0.0,0.23302308,4382.1685,3.0
7928,,0.5083278,0.0,0.5069272,3230.9272,3.0
7929,0.0,0.74065447,0.0,0.49423096,3698.4792,3.0
7930,0.0,0.21736029,0.0,0.262478,4463.4897,3.0
7931,,,,,4017.1396,3.0
7932,1.0,0.52789915,1.0,0.5912745,3070.1545,3.0
7933,,0.41840532,,0.21836719,28510.162,3.0
7934,,0.53148866,,0.6387441,6898.593,3.0
7935,,0.51534873,,0.5513251,6555.276,3.0
7936,,0.41872248,,0.5613934,4369.5483,3.0
7937,,0.49581715,,0.52669746,9593.212,3.0
7938,1.0,0.41831177,1.0,0.40551805,10702.686,3.0
7939,,0.53070533,,0.7289811,6526.1196,3.0
7940,,0.51250285,,0.5218568,10362.488,3.0
7941,,0.40987885,0.0,0.46642452,6259.901,3.0
7942,0.0,0.23915236,0.0,0.30882028,7656.3867,3.0
7943,0.0,0.4055488,0.0,0.33090472,10738.907,3.0
7944,,,,,5571.755,3.0
7945,,0.07600498,,0.16407923,116617.08,3.0
7946,,0.41362557,,0.5468418,726.8527,3.0
7947,,0.37478676,,0.46966764,1289.9376,3.0
7948,,0.29344124,0.0,0.37112758,1514.2594,3.0
7949,0.0,0.16896011,0.0,0.23637564,3239.5579,3.0
7950,0.0,0.22229789,0.0,0.29456237,2581.1077,3.0
7951,,0.42865768,0.0,0.4876626,2592.0852,3.0
7952,,0.47738066,1.0,0.608181,2283.841,3.0
7953,,0.41210753,,0.60731006,1223.559,3.0
7954,,0.26644698,0.0,0.37029365,1871.8983,3.0
7955,,0.4018249,,0.46014488,2203.5647,3.0
7956,,0.43540677,,0.6297946,2965.1619,3.0
7957,,0.28001085,,0.300511,5055.3584,3.0
7958,0.0,0.43744618,0.0,0.49659836,5299.345,3.0
7959,,0.3992964,,0.51444846,3168.9812,3.0
7960,0.0,0.18723352,0.0,0.27523234,3363.5156,3.0
7961,,0.3773245,,0.4393028,2704.1274,3.0
7962,,0.22686031,0.0,0.2985463,2733.6868,3.0
7963,0.0,0.45506063,0.0,0.5143944,3260.7185,3.0
7964,,,,,2733.6868,3.0
7965,,0.3404028,,0.47613224,2701.484,3.0
7966,0.0,0.35499567,0.0,0.46706122,1775.3406,3.0
7967,,,,,160042.89,3.0
7968,,0.45135504,,0.5106632,5531.115,3.0
7969,,0.09858458,,0.42665276,5672.972,3.0
7970,,0.37754387,,0.45472142,2536.1814,3.0
7971,,0.48090634,,0.540237,4276.081,3.0
7972,0.0,0.14349523,0.0,0.26120335,5073.515,3.0
7973,0.0,0.09033928,0.0,0.37086746,4980.195,3.0
7974,1.0,0.3502352,1.0,0.48404542,3273.0056,3.0
7975,0.0,0.39931828,0.0,0.5144713,3514.256,3.0
7976,,,,,5391.58,3.0
7977,0.0,0.26893276,0.0,0.37245148,2731.721,3.0
7978,,0.29264665,0.0,0.3100712,98532.305,3.0
7979,0.0,0.3976579,0.0,0.4922389,1086.6731,3.0
7980,,0.14106385,,0.20007032,2449.1042,3.0
7981,,0.52372897,,0.61657035,2342.6975,3.0
7982,,0.44387746,,0.50751317,896.3132,3.0
7983,,0.3098637,,0.4169521,2735.144,3.0
7984,,0.15710972,,0.22107321,3980.3545,3.0
7985,,0.5277596,1.0,0.72600764,2013.5668,3.0
7986,,0.33740672,1.0,0.40834996,3372.3801,3.0
7987,,0.26154932,,0.35883385,2460.259,3.0
7988,0.0,0.13959515,0.0,0.2392572,4116.8335,3.0
7989,,0.43468753,,0.4506826,3397.5876,3.0
7990,,0.08521044,,0.21463285,3982.1758,3.0
7991,,0.43136263,,0.5594204,5286.9023,3.0
7992,,0.5190696,,0.5211528,8065.957,3.0
7993,,0.25494605,,0.79162896,2990.3384,3.0
7994,,0.37717813,,0.439191,8454.993,3.0
7995,,0.33964747,0.0,0.43182257,5120.386,3.0
7996,0.0,0.46783867,0.0,0.60056484,4409.797,3.0
7997,0.0,0.25852394,0.0,0.35383672,5679.196,3.0
7998,0.0,0.4722471,0.0,0.53161424,6722.4355,3.0
7999,1.0,0.31425261,1.0,0.4069863,5509.444,3.0
8000,,0.42505142,,0.6172418,4886.7036,3.0
8001,0.0,0.2708726,0.0,0.37413025,5028.589,3.0
8002,,,,,145708.22,3.0
8003,,0.36916518,,0.43305027,5159.502,3.0
8004,,,,,3785.994,3.0
8005,,0.26256526,,0.33600676,5297.739,3.0
8006,,0.22561905,,0.34866485,4595.2007,3.0
8007,,0.4944418,,0.5249573,5937.6577,3.0
8008,,0.55173016,,0.6586899,4961.538,3.0
8009,0.0,0.23755103,0.0,0.57350606,5226.102,1.0
8010,,0.39154223,,0.529683,4758.224,3.0
8011,1.0,0.1892606,1.0,0.23505946,3590.4893,3.0
8012,,,,,6181.136,3.0
8013,,0.36215505,,0.37456167,13823.952,3.0
8014,,0.08121472,,0.17140004,11531.393,3.0
8015,,0.16532417,0.0,0.26873776,3130.6553,3.0
8016,1.0,0.54210794,1.0,0.40838525,4830.667,3.0
8017,,0.41586053,,0.47458348,3673.7957,3.0
8018,,0.3656024,1.0,0.43030882,3608.0068,3.0
8019,,,,,3686.0178,3.0
8020,0.0,0.30303848,0.0,0.31787327,4153.4644,3.0
8021,,0.16621885,,0.26966557,3402.4736,3.0
8022,,0.21315242,1.0,0.28649414,3266.0908,3.0
8023,,0.15526944,,0.11874348,115553.914,3.0
8024,,,,,101493.5,3.0
8025,,0.54493564,,0.5947218,7065.757,3.0
8026,,0.59011376,,0.64346486,8764.3125,3.0
8027,,0.41900668,,0.4707562,9604.923,3.0
8028,,0.51711446,,0.6942772,3916.895,3.0
8029,1.0,0.4871169,1.0,0.6332697,2256.589,3.0
8030,1.0,0.5358589,1.0,0.57698053,3230.2942,3.0
8031,1.0,0.4813502,1.0,0.5705695,2941.3882,3.0
8032,,0.5733658,,0.68330723,2164.2803,3.0
8033,,0.5931522,1.0,0.67823714,1305.4366,3.0
8034,0.0,0.29355106,0.0,0.39343464,1971.1765,3.0
8035,,,,,3733.7136,3.0
8036,,,,,2597.9434,3.0
8037,,,,,1022.8512,3.0
8038,,0.2114486,,0.35853365,499.9232,3.0
8039,,0.6697737,,0.639819,746.5117,3.0
8040,,,,,398.86392,3.0
8041,,0.4389279,,0.5755635,1810.861,3.0
8042,,,,,2359.741,3.0
8043,,,,,2929.6377,3.0
8044,,0.64380574,,0.5786521,2403.3828,3.0
8045,,,,,1738.6044,3.0
8046,,,,,1472.3523,3.0
8047,,,,,2418.4297,3.0
8048,,,,,73522.05,3.0
8049,,0.8046123,,0.6950286,11970.703,3.0
8050,,0.61123073,0.0,0.53847665,4284.9746,3.0
8051,0.0,0.6004635,0.0,0.43924183,4900.1733,3.0
8052,,0.77377903,,0.6318459,3576.9385,3.0
8053,,0.65196645,1.0,0.49843794,4802.9946,3.0
8054,,0.33871454,,0.41271496,3383.331,3.0
8055,,,,,4387.9976,3.0
8056,,0.792881,1.0,0.5980702,4401.159,3.0
8057,,,,,77613.766,3.0
8058,,0.77543,,0.7488851,2605.6458,3.0
8059,,0.85632974,,0.7986969,7334.5835,3.0
8060,,0.38521647,0.0,0.40674812,1894.3011,3.0
8061,1.0,0.77332145,1.0,0.6478825,2702.8752,3.0
8062,,,,,2107.9182,3.0
8063,,0.73500395,0.0,0.63602465,2516.2395,3.0
8064,,0.6903746,0.0,0.54952854,3121.4058,3.0
8065,0.0,0.5778548,0.0,0.6184772,1850.541,3.0
8066,,0.7698748,1.0,0.66006833,2436.6135,3.0
8067,,0.6388486,1.0,0.590105,611.8998,3.0
8068,,0.679625,,0.5724459,665.2961,3.0
8069,,0.57999545,,0.51465076,789.63324,3.0
8070,,0.7697699,1.0,0.6269533,628.15674,3.0
8071,,,,,865.9785,3.0
8072,,0.7385198,1.0,0.6274666,630.2647,3.0
8073,,0.7157098,,0.49026954,800.64764,3.0
8074,,0.72422314,1.0,0.54233575,487.74963,3.0
8075,,0.66788673,1.0,0.4753903,845.8246,3.0
8076,,0.50725615,,0.39682838,692.30927,3.0
8077,1.0,0.7184521,1.0,0.53019935,778.04285,3.0
8078,,0.75949585,1.0,0.7345391,292.54175,3.0
8079,,0.32336792,,0.3838059,262.73172,3.0
8080,,,,,598.14435,3.0
8081,,0.3818566,,0.40225554,440.5452,3.0
8082,,0.51988083,,0.4982347,533.46594,3.0
8083,,,,,683.94495,3.0
8084,,0.2814081,,0.22650915,744.08057,3.0
8085,1.0,0.28014126,1.0,0.22536094,842.6121,3.0
8086,,0.17352298,,0.1907419,575.5412,3.0
8087,0.0,0.44492707,0.0,0.39871275,746.67255,3.0
8088,0.0,0.33922923,0.0,0.31444883,653.16,3.0
8089,,0.2454001,0.0,0.21079996,758.2873,3.0
8090,,0.11175181,,0.1686628,492.86435,3.0
8091,,0.5339011,,0.4920879,357.59317,3.0
8092,,0.49100575,,0.40329292,334.76807,3.0
8093,,0.35182077,,0.3787438,328.00388,3.0
8094,,0.49562153,,0.39058828,448.97226,3.0
8095,0.0,0.41140833,0.0,0.3649009,863.914,3.0
8096,0.0,0.4514633,0.0,0.4832803,792.6663,3.0
8097,,0.32572913,,0.28663036,537.25525,3.0
8098,,,,,986.6992,3.0
8099,0.0,0.22545594,0.0,0.19705944,951.2678,3.0
8100,1.0,0.47435495,1.0,0.47503868,634.124,3.0
8101,,0.3255624,,0.10296315,23404.256,3.0
8102,,0.37741378,,0.38786143,159.22386,3.0
8103,,0.5408632,,0.52026606,213.87476,3.0
8104,,,,,123.831825,3.0
8105,,,,,34.965305,3.0
8106,,,,,146.82991,3.0
8107,,,,,45.451813,3.0
8108,0.0,0.055872258,0.0,0.12666325,108.45101,3.0
8109,,0.31409577,1.0,0.29593992,131.93109,3.0
8110,,0.23635699,0.0,0.24043524,79.2638,3.0
8111,,0.40302765,1.0,0.33866224,157.41653,3.0
8112,,,,,338.57053,3.0
8113,,0.35842133,1.0,0.45489898,143.3687,3.0
8114,,,,,214.42137,3.0
8115,,,,,240.4862,3.0
8116,,,,,257.78156,3.0
8117,,,,,11566.739,3.0
8118,,0.37305483,,0.3953961,141.23466,3.0
8119,,0.3410272,1.0,0.31576928,154.44833,3.0
8120,,0.43589932,,0.4348006,142.81055,3.0
8121,,0.5794121,1.0,0.43247426,163.05728,3.0
8122,,,,,510.834,3.0
8123,,0.2999315,,0.30239484,508.3147,3.0
8124,,0.3516856,,0.30588466,566.7534,3.0
8125,,0.47152787,0.0,0.47208,521.7217,3.0
8126,,0.32040402,,0.3005958,645.81976,3.0
8127,0.0,0.49445423,0.0,0.496075,587.0126,3.0
8128,,0.30421704,0.0,0.20389032,784.8633,3.0
8129,,,,,16400.295,3.0
8130,,0.38510662,,0.47661653,96.01927,3.0
8131,,0.32810575,,0.3494505,111.10121,3.0
8132,1.0,0.3548079,1.0,0.38109607,287.48154,3.0
8133,1.0,0.32105684,1.0,0.30107704,326.82028,3.0
8134,,0.31811154,0.0,0.29890466,350.6285,3.0
8135,,0.31222466,,0.29455754,348.85764,3.0
8136,,,,,400.8653,3.0
8137,0.0,0.33235925,0.0,0.30939955,319.5222,3.0
8138,1.0,0.33511376,1.0,0.31142482,362.2551,3.0
8139,,,,,276.36505,3.0
8140,0.0,0.3803234,0.0,0.40106234,292.44107,3.0
8141,,,,,215.869,3.0
8142,,0.13733073,,0.18145989,324.60077,3.0
8143,,0.5418884,,0.5213445,296.93735,3.0
8144,,0.5434714,,0.52300996,272.86234,3.0
8145,,,,,321.6016,3.0
8146,1.0,0.31773597,1.0,0.29862761,261.67407,3.0
8147,1.0,0.30917433,1.0,0.2519165,321.5842,3.0
8148,,0.3744766,,0.46802586,191.08945,3.0
8149,,0.32151213,,0.21404749,352.9625,3.0
8150,,0.13856356,,0.31625044,245.57835,3.0
8151,,0.19618973,,0.36216316,219.19527,3.0
8152,,,,,284.11383,3.0
8153,,0.38986066,,0.40847388,208.0142,3.0
8154,,0.4606603,,0.42487398,543.50275,3.0
8155,,,,,537.36993,3.0
8156,,0.3532572,,0.33970448,473.69687,3.0
8157,,0.36753818,,0.30462015,580.8263,3.0
8158,0.0,0.3439046,0.0,0.24123332,685.1924,3.0
8159,,0.60614675,1.0,0.50192904,520.70496,3.0
8160,,0.5319139,,0.3945829,470.6408,3.0
8161,,,,,655.43774,3.0
8162,,0.5845349,1.0,0.560118,535.2847,3.0
8163,,0.2779367,0.0,0.3647031,352.96133,3.0
8164,,,,,510.7835,3.0
8165,1.0,0.35351685,1.0,0.2516804,763.3601,3.0
8166,,0.42939436,,0.4321615,121.164566,3.0
8167,,0.25474322,,0.2582998,150.5041,3.0
8168,,0.46664503,0.0,0.44469097,169.42744,2.0
8169,,0.3526676,,0.32430962,186.11525,3.0
8170,,0.43599817,1.0,0.38965902,185.17651,3.0
8171,,,,,182.851,3.0
8172,,,,,4014.2415,3.0
8173,,,,,2046.0043,3.0
8174,,,,,2443.1792,3.0
8175,,,,,3957.7935,3.0
8176,,,,,4013.7104,3.0
8177,,0.07131824,,0.124517635,3034.7031,3.0
8178,,0.43720677,,0.51232773,109.1696,3.0
8179,,0.42860025,,0.42716753,134.97237,3.0
8180,,0.4278455,,0.38241485,168.93849,3.0
8181,,,,,150.52173,3.0
8182,,,,,240.29004,3.0
8183,,0.47150898,0.0,0.36681554,187.57501,3.0
8184,,0.21159169,,0.18742958,5799.4424,3.0
8185,,0.15319854,,0.090659626,8965.459,3.0
8186,,,,,6485.14,3.0
8187,,,,,8403.017,3.0
8188,,0.409452,1.0,0.41126138,212.54823,3.0
8189,,0.2907066,0.0,0.234966,336.52835,3.0
8190,,0.057715002,,0.10687437,2823.5852,3.0
8191,,0.28074718,,0.27117008,2657.6877,3.0
8192,,,,,3605.1401,3.0
8193,,,,,2843.8271,3.0
8194,,,,,2450.6113,3.0
8195,,0.15222706,,0.17298304,2549.2063,3.0
8196,,0.30060595,,0.24402662,2872.816,3.0
8197,,0.19598705,,0.17649457,3015.2852,3.0
8198,,0.054693144,,0.10279084,2772.648,3.0
8199,,0.10263814,,0.15870379,2293.0117,3.0
8200,,0.37323108,,0.40585986,182.31317,3.0
8201,,0.11769837,,0.1750276,197.53859,3.0
8202,1.0,0.3997944,1.0,0.35329887,221.85663,3.0
8203,0.0,0.3777142,0.0,0.4182103,209.02182,3.0
8204,,0.46263313,,0.5147173,153.38852,3.0
8205,,,,,185.91232,3.0
8206,,,1.0,,199.71083,3.0
8207,1.0,0.24958603,1.0,0.3689723,167.94392,3.0
8208,,,,,172.75848,3.0
8209,,0.15180553,,0.17262606,272.2811,3.0
8210,,0.31655246,,0.39012316,163.78297,3.0
8211,,0.32927433,,0.31916678,149.67787,3.0
8212,,0.3552815,,0.45848277,82.71628,3.0
8213,,0.5757013,,0.4275192,191.46523,3.0
8214,,0.09030233,,0.14879964,470.12613,3.0
8215,,0.12749183,,0.17194177,581.83673,3.0
8216,,,,,925.2912,3.0
8217,0.0,0.17113326,0.0,0.20625556,637.0777,3.0
8218,,0.55324405,,0.5179904,281.07007,3.0
8219,,0.1133813,,0.102019005,347.61868,3.0
8220,,0.45221588,,0.52475214,77.41085,3.0
8221,,0.378853,0.0,0.27998695,768.7793,3.0
8222,,0.49925286,,0.4461728,547.0912,3.0
8223,,0.048257362,,0.114170596,643.1112,3.0
8224,,0.2608353,,0.17860079,759.0463,3.0
8225,,0.1396746,,0.11997067,688.1468,3.0
8226,,0.39438918,,0.39548004,380.46387,3.0
8227,,0.14763746,,0.52797204,141.91365,3.0
8228,,0.21078506,,0.18686701,7869.514,3.0
8229,,,,,8375.438,3.0
8230,,0.3235732,,0.3029319,238.91505,3.0
8231,,0.32565904,,0.34752226,137.10194,3.0
8232,,,,,191.6301,3.0
8233,1.0,0.32295978,1.0,0.41511917,358.55795,3.0
8234,1.0,0.49209997,1.0,0.38708457,371.9322,3.0
8235,,0.12691349,,0.1113397,473.62988,3.0
8236,,0.44667768,,0.44607535,273.18246,3.0
8237,0.0,0.08732848,0.0,0.27497876,372.78186,3.0
8238,,,,,373.49222,3.0
8239,,0.3519185,,0.44952697,194.72464,3.0
8240,,,,,365.7376,3.0
8241,,,,,373.10245,3.0
8242,,0.43079126,,0.43817374,7617.5684,3.0
8243,,0.61928046,,0.56220764,1296.0363,3.0
8244,1.0,0.4411121,1.0,0.3911015,3644.991,3.0
8245,,0.43060553,0.0,0.45229113,5294.3457,3.0
8246,1.0,0.5579832,1.0,0.38941425,5949.6235,3.0
8247,1.0,0.4056965,1.0,0.5115223,3420.7815,3.0
8248,,,,,5976.934,3.0
8249,,0.46452445,0.0,0.5660657,3037.2925,3.0
8250,1.0,0.39225507,1.0,0.5462508,4579.3125,3.0
8251,,,1.0,,4397.7427,3.0
8252,,0.29047292,0.0,0.26755917,5751.8315,3.0
8253,,0.14810035,,0.36239678,96214.84,3.0
8254,,0.6360539,,0.8561947,2474.9094,3.0
8255,,0.2814098,,0.7839332,3909.9827,3.0
8256,,,,,2049.153,3.0
8257,,0.45248795,,0.9251044,2052.4543,3.0
8258,0.0,0.17153513,0.0,0.7604624,2049.8625,3.0
8259,1.0,0.47245762,1.0,0.8296629,3809.0405,3.0
8260,0.0,0.3941386,0.0,0.7594295,3957.3774,3.0
8261,0.0,0.40776378,0.0,0.84694463,4122.932,3.0
8262,1.0,0.3841643,1.0,0.7730206,4214.5757,3.0
8263,,,,,3769.19,3.0
8264,1.0,0.32330745,1.0,0.76896054,4182.5728,3.0
8265,,,,,75740.89,3.0
8266,,,,,359.17538,3.0
8267,,,,,313.78818,3.0
8268,,0.82243776,,0.29007295,392.27075,3.0
8269,,0.6510382,,0.23806345,78.59375,3.0
8270,1.0,0.49370012,1.0,0.24261767,144.99438,3.0
8271,,0.90032274,1.0,0.36418325,154.77437,3.0
8272,,0.92737275,0.0,0.3284541,196.67714,3.0
8273,,,,,217.50374,3.0
8274,,,,,101.34836,3.0
8275,0.0,0.7816354,0.0,0.3742583,182.91246,3.0
8276,,0.48232636,,0.16555934,185.207,3.0
8277,,,,,333.9235,3.0
8278,,,,,253.64935,3.0
8279,,,,,131.66219,3.0
8280,,0.44777387,,0.33411667,222.16687,3.0
8281,,,,,188.87007,3.0
8282,,,,,269.8879,3.0
8283,,0.42652816,0.0,0.23192553,274.36804,3.0
8284,,,1.0,,239.53186,3.0
8285,,0.61436486,1.0,0.52228844,237.80026,3.0
8286,,,,,190.52127,3.0
8287,,0.44586396,,0.2959069,210.46007,3.0
8288,,0.31346607,,0.28544194,47.145916,3.0
8289,,0.6068026,,0.3901193,218.02997,3.0
8290,,,,,182.66776,3.0
8291,,,,,10827.395,3.0
8292,,,,,14373.238,3.0
8293,,,,,13047.9795,3.0
8294,,0.25802442,,0.10032726,16910.166,3.0
8295,,,,,16000.156,3.0
8296,,,,,13629.091,3.0
8297,,0.4220037,,0.22676937,635.7277,3.0
8298,,,,,664.8993,3.0
8299,,0.4589238,,0.4454066,730.82904,3.0
8300,,,,,520.0002,3.0
8301,,0.5942922,0.0,0.37535357,219.24872,3.0
8302,,0.610005,,0.39516753,267.89273,3.0
8303,0.0,0.4002826,0.0,0.34841666,171.62733,3.0
8304,,0.23563795,0.0,0.15729177,216.3763,3.0
8305,,,,,250.56589,3.0
8306,,,,,208.33424,3.0
8307,,0.5018894,,0.35477805,214.7865,3.0
8308,,,,,24124.766,3.0
8309,,,,,200.38559,3.0
8310,,,,,210.80588,3.0
8311,,,,,402.8796,3.0
8312,,,,,366.6543,3.0
8313,,,,,443.53412,3.0
8314,,,,,495.5322,3.0
8315,,,,,496.89227,3.0
8316,,,,,377.85016,3.0
8317,,,,,453.2329,3.0
8318,,,,,339.5636,3.0
8319,,,,,8988.347,3.0
8320,,,,,11123.197,3.0
8321,,0.26971555,,0.1838803,413.64896,3.0
8322,,0.5132914,,0.3542995,476.95093,3.0
8323,,,,,571.8699,3.0
8324,,0.5147109,,0.35634938,527.36725,3.0
8325,0.0,0.2834764,0.0,0.19604313,236.47931,3.0
8326,,,,,274.3119,3.0
8327,,,,,188.62772,3.0
8328,,0.43867904,1.0,0.24610388,269.07767,3.0
8329,,,,,208.69281,3.0
8330,,0.54277873,,0.25021914,265.5951,3.0
8331,,0.5443626,1.0,0.47304034,202.37888,3.0
8332,,,,,31176.244,3.0
8333,,,,,4431.204,3.0
8334,,0.3073344,,0.19920878,281.38516,3.0
8335,,,,,231.08986,3.0
8336,,,,,247.87935,3.0
8337,1.0,0.534317,1.0,0.49069548,177.1683,3.0
8338,,,,,256.24884,3.0
8339,,0.5364452,,0.38842455,281.31735,3.0
8340,,,,,193.04584,3.0
8341,1.0,0.64008224,1.0,0.49259725,279.9976,3.0
8342,,,,,340.12665,3.0
8343,,0.55131525,1.0,0.41107446,318.6183,3.0
8344,,,,,22595.14,3.0
8345,,,,,198.12064,3.0
8346,,0.53550744,,0.3870148,228.5023,3.0
8347,,0.5085681,,0.5523361,173.75821,3.0
8348,,0.29110163,,0.20287828,233.92078,3.0
8349,,0.51344955,,0.35452768,219.67503,3.0
8350,,,,,205.08617,3.0
8351,,,,,133.41469,3.0
8352,,0.45929244,1.0,0.27125716,165.16202,3.0
8353,,0.3726784,,0.39379185,101.99103,3.0
8354,,0.53790337,,0.46284014,116.69879,3.0
8355,0.0,0.43554494,0.0,0.3056262,154.08713,3.0
8356,1.0,0.5366322,1.0,0.38870597,184.02356,3.0
8357,,0.44715914,,0.19991708,237.49596,3.0
8358,,,,,147.30522,3.0
8359,,0.5127457,,0.26957425,238.42865,3.0
8360,,0.52969235,,0.44994795,117.032745,3.0
8361,,0.3823492,,0.29384768,143.77586,3.0
8362,,,,,144.63707,3.0
8363,,0.50418264,,0.54549444,131.3176,3.0
8364,,0.44389114,,0.32863274,143.0597,3.0
8365,,0.6630395,,0.52251256,105.594246,3.0
8366,,0.29557535,,0.20691977,91.8881,3.0
8367,,0.33600846,1.0,0.26891947,58.788925,3.0
8368,,0.29115367,,0.12659547,14446.533,3.0
8369,,,,,129.93686,3.0
8370,,,,,147.2133,3.0
8371,,,,,96.46513,3.0
8372,,0.87844765,,0.3878531,174.14828,3.0
8373,,,,,140.07143,3.0
8374,,0.6292605,,0.46208456,161.16386,3.0
8375,0.0,0.53578573,0.0,0.45950687,159.10818,3.0
8376,,0.50551945,0.0,0.34317565,188.81978,3.0
8377,,0.28378132,,0.33582115,135.88817,3.0
8378,0.0,0.3713593,0.0,0.28280982,167.0426,3.0
8379,,0.5358783,1.0,0.38757226,161.98589,3.0
8380,,,,,213.41881,3.0
8381,,,,,154.8878,3.0
8382,0.0,0.53597194,0.0,0.34459183,176.77824,3.0
8383,,0.19780408,,0.08771968,6069.3213,3.0
8384,,,,,5302.781,3.0
8385,,,,,3476.857,3.0
8386,,,,,4951.267,3.0
8387,,,,,5048.214,3.0
8388,,0.2475104,,0.11809543,5003.4717,3.0
8389,,,,,4454.9375,3.0
8390,,0.33703434,,0.1858216,4795.6084,3.0
8391,,0.12253735,,0.112967014,3571.7056,3.0
8392,,0.61506826,1.0,0.4032263,163.60672,3.0
8393,,,,,30.957483,3.0
8394,,0.51505643,,0.35684964,153.1601,3.0
8395,,0.61614954,,0.44160995,161.74292,3.0
8396,,0.449724,,0.2594098,144.72984,3.0
8397,,,,,111.628265,3.0
8398,,,,,70.045746,3.0
8399,,0.6922483,,0.45855582,177.99062,3.0
8400,,0.53632927,,0.39218104,115.207115,3.0
8401,0.0,0.3570249,0.0,0.2417521,126.657455,3.0
8402,,,,,125.91499,3.0
8403,,0.55862886,0.0,0.49572548,127.24945,3.0
8404,,,,,468.32977,3.0
8405,,0.517447,,0.5661328,334.4803,3.0
8406,,0.37644544,,0.28790277,465.5883,3.0
8407,,0.68453085,,0.44074696,491.03677,3.0
8408,,0.20217429,,0.18529269,348.66763,3.0
8409,,0.5429286,0.0,0.39823252,551.94385,3.0
8410,,,,,559.7242,3.0
8411,,,,,388.67416,3.0
8412,,0.5429353,,0.25040564,651.26,3.0
8413,,,,,214.48051,3.0
8414,,,,,481.30194,3.0
8415,,,,,21096.61,3.0
8416,,,,,168.45763,3.0
8417,,0.51355606,,0.5600964,245.41592,3.0
8418,,,,,303.79007,3.0
8419,,0.5188326,,0.36233425,343.77835,3.0
8420,,0.52705765,1.0,0.33535832,333.67593,3.0
8421,,0.6958896,,0.46708465,318.91245,3.0
8422,,,,,66.74595,3.0
8423,,0.6039964,1.0,0.4165778,341.1922,3.0
8424,,0.3543282,,0.19948876,368.42603,3.0
8425,,,,,382.31213,3.0
8426,,0.5363898,,0.30851054,361.33832,3.0
8427,,0.5193484,,0.31446707,271.68314,3.0
8428,,,,,737.0686,3.0
8429,,0.37156358,,0.277944,634.4002,3.0
8430,,0.48412958,,0.38844663,807.88525,3.0
8431,,0.35885823,,0.29931262,759.9767,3.0
8432,,0.27051163,,0.18457796,221.60628,3.0
8433,,0.5092426,,0.2640881,274.65485,3.0
8434,,0.52460057,0.0,0.28868362,242.96564,3.0
8435,,0.2711697,,0.28139436,247.45699,3.0
8436,0.0,0.26755592,0.0,0.14427428,225.41422,3.0
8437,,,,,176.1853,3.0
8438,,0.8109681,0.0,0.51031697,220.93433,3.0
8439,,,,,288.42953,3.0
8440,,0.33935118,1.0,0.6099568,1876.3433,3.0
8441,,0.43578514,,0.38803658,4198.852,3.0
8442,,0.55294365,,0.47014308,4313.3755,3.0
8443,,0.42255303,,0.36794296,4142.5273,3.0
8444,,,,,5045.1807,3.0
8445,0.0,0.4629688,0.0,0.3488555,5242.415,3.0
8446,,0.11418366,0.0,0.1400686,4524.25,3.0
8447,,,,,6539.2812,3.0
8448,,0.36555094,0.0,0.27973652,4049.7163,3.0
8449,,,,,4192.012,3.0
8450,,0.31057906,0.0,0.25644183,3686.5586,3.0
8451,,,,,127931.6,3.0
8452,,0.4019484,,0.3118204,9451.129,3.0
8453,,,,,4017.221,3.0
8454,,,,,6087.157,3.0
8455,,0.4009645,,0.3673409,5691.723,3.0
8456,,0.1547175,0.0,0.1627898,3932.891,3.0
8457,,0.35185802,,0.27342555,5752.862,3.0
8458,0.0,0.4248758,0.0,0.3691159,5458.485,3.0
8459,,0.45341563,,0.5149339,3011.1528,3.0
8460,0.0,0.40676126,0.0,0.31471354,5212.858,3.0
8461,,0.1603957,,0.18689488,58911.37,3.0
8462,,0.21456762,,0.18604639,2992.0745,3.0
8463,,0.38110438,,0.28688943,3493.0522,3.0
8464,,,,,2261.1794,3.0
8465,,0.42651942,1.0,0.36994585,1539.9476,3.0
8466,,0.11510526,,0.12151787,1470.2916,3.0
8467,,0.2697786,0.0,0.18746868,2236.853,3.0
8468,,,,,1729.8259,3.0
8469,,,,,2417.759,3.0
8470,,,,,1906.122,3.0
8471,,,,,2375.5115,3.0
8472,,0.23099303,0.0,0.1713336,150542.08,3.0
8473,,0.4574417,,0.3855647,1632.1807,3.0
8474,,0.48140606,,0.43091092,1485.6326,3.0
8475,,0.42094177,,0.34120744,1795.0656,3.0
8476,,0.08829634,0.0,0.22303614,1843.1721,3.0
8477,,0.12490512,0.0,0.12137989,3174.9192,3.0
8478,,0.25976726,,0.20623004,3206.7324,3.0
8479,,0.08777843,,0.09608189,4145.0137,3.0
8480,,0.093052596,,0.09907467,3052.3364,3.0
8481,,0.34973034,0.0,0.2747489,2959.8787,3.0
8482,0.0,0.22396581,0.0,0.18597229,2914.7034,3.0
8483,,0.3953113,0.0,0.31030762,2521.9836,3.0
8484,,,,,188918.92,3.0
8485,,0.60914683,,0.29867762,928.1646,3.0
8486,,0.5228828,0.0,0.29742664,2064.6472,3.0
8487,1.0,0.39995667,1.0,0.24002913,2671.9526,3.0
8488,,,,,1206.3715,3.0
8489,,,,,1827.1409,3.0
8490,,,,,2751.0508,3.0
8491,,0.2611286,0.0,0.12959146,1950.4248,3.0
8492,0.0,0.6462769,0.0,0.4650667,1682.4812,3.0
8493,,0.4321266,0.0,0.15389907,2351.2437,3.0
8494,0.0,0.37928343,0.0,0.17844938,2891.133,3.0
8495,,0.18098123,0.0,0.13082689,1386.8881,3.0
8496,,,,,65132.28,3.0
8497,,,,,2312.813,3.0
8498,,0.6756387,,0.57286865,1507.3219,3.0
8499,,0.3269025,,0.14429682,2744.0227,3.0
8500,,0.5610958,,0.24966943,2132.903,3.0
8501,,0.2941182,0.0,0.16753241,4327.852,3.0
8502,0.0,0.5803868,0.0,0.3536644,3963.7566,3.0
8503,,,,,3359.189,3.0
8504,,0.35040465,1.0,0.20496906,4896.8975,3.0
8505,,0.44890565,0.0,0.22971188,4206.286,3.0
8506,,0.6182559,0.0,0.2865936,2412.928,3.0
8507,0.0,0.5111815,0.0,0.28674504,4117.802,3.0
8508,,0.4839264,0.0,0.19089845,94689.45,3.0
8509,,,,,7767.544,3.0
8510,,,,,6945.2876,3.0
8511,,,,,4669.1357,3.0
8512,,,,,5262.1978,3.0
8513,1.0,,1.0,,5439.771,3.0
8514,0.0,0.107519574,0.0,0.24952374,5360.244,3.0
8515,,,,,4152.4814,3.0
8516,0.0,0.5909053,0.0,0.40324527,5600.6885,3.0
8517,1.0,,1.0,,4210.1733,3.0
8518,,,,,3857.212,3.0
8519,,,,,5198.4727,3.0
8520,,,,,135468.81,3.0
8521,,,,,6908.827,3.0
8522,,,,,12097.793,3.0
8523,1.0,,1.0,,6100.2505,3.0
8524,1.0,,1.0,,5351.8076,3.0
8525,,,,,1755.748,3.0
8526,1.0,,1.0,,5709.423,3.0
8527,,,,,5413.1553,3.0
8528,,,,,5584.6533,3.0
8529,1.0,,1.0,,7724.212,3.0
8530,0.0,,0.0,,5346.2866,3.0
8531,,,,,77258.42,3.0
8532,,,,,88687.88,3.0
8533,,,,,7444.4775,3.0
8534,,0.25285652,,0.10171963,7874.7456,3.0
8535,,0.49729335,,0.27438313,5159.8823,3.0
8536,,,,,5578.843,3.0
8537,,0.26799482,0.0,0.23079492,6406.4355,3.0
8538,,,,,2797.6692,3.0
8539,,,,,8811.803,3.0
8540,1.0,0.53946346,1.0,0.41672367,7138.6,3.0
8541,,0.6205351,1.0,0.42835867,3478.9658,3.0
8542,,0.5675279,0.0,0.3405268,7533.394,3.0
8543,,,,,7318.942,3.0
8544,,,,,126550.016,3.0
8545,,,,,3048.3525,3.0
8546,,0.30333212,,0.2389181,5152.7026,3.0
8547,,0.1444245,,0.15702853,3668.8733,3.0
8548,,0.52504516,,0.5165456,3583.0378,3.0
8549,,0.33487296,0.0,0.19267008,7973.5957,3.0
8550,0.0,0.442551,0.0,0.33636355,4544.0728,3.0
8551,,0.13390185,0.0,0.12471324,5490.359,3.0
8552,0.0,0.28343943,0.0,0.20291261,7219.1235,3.0
8553,1.0,0.6252858,1.0,0.43696228,6105.6885,3.0
8554,,,,,3411.0186,3.0
8555,,0.31666175,0.0,0.33950415,3983.4663,3.0
8556,,0.09946048,1.0,0.23873289,89969.555,3.0
8557,,,,,1040.5021,3.0
8558,,,,,801.5971,3.0
8559,,,,,1094.4633,3.0
8560,,0.24298301,,0.5459039,763.60046,3.0
8561,,0.07311916,,0.16892178,2971.9602,3.0
8562,,0.10216312,,0.3408341,2792.5815,3.0
8563,,0.25843093,0.0,0.47563577,2490.2114,3.0
8564,,,,,2793.5515,3.0
8565,,0.15892054,,0.22406343,2754.1895,3.0
8566,,,,,2868.9456,3.0
8567,,,,,2386.1135,3.0
8568,,0.09361694,,0.15912177,123187.65,3.0
8569,,0.26982403,,0.50671643,1351.9563,3.0
8570,,0.2738976,,0.54829043,2827.7676,3.0
8571,,,,,2267.576,3.0
8572,1.0,0.36748528,1.0,0.53270835,2581.179,3.0
8573,0.0,0.33129248,0.0,0.5289057,2519.781,3.0
8574,0.0,0.25328317,0.0,0.62426496,1060.9578,3.0
8575,,0.1665824,,0.33704832,2321.8228,3.0
8576,,0.16082376,0.0,0.46868202,1485.3193,3.0
8577,,0.22111015,1.0,0.40247688,1503.3967,3.0
8578,,0.17540121,,0.6999228,1200.2739,3.0
8579,,0.05524453,,0.21124625,62252.695,3.0
8580,,0.054943748,,0.17196132,82239.39,3.0
8581,,0.23920876,0.0,0.5282687,3422.1616,3.0
8582,,0.21244515,,0.3397125,6541.726,3.0
8583,,,,,3488.2688,3.0
8584,,,,,1199.672,3.0
8585,0.0,0.23707624,0.0,0.45833784,3440.14,3.0
8586,,,,,3748.617,3.0
8587,0.0,0.23190036,0.0,0.45400092,3449.3413,3.0
8588,,,,,3679.7693,3.0
8589,1.0,0.1615072,1.0,0.68713653,1569.8319,3.0
8590,,,,,141370.89,3.0
8591,,,,,4956.9897,3.0
8592,,,,,2912.512,3.0
8593,,,,,3909.6572,3.0
8594,,,,,4596.736,3.0
8595,,,,,15201.096,3.0
8596,,,,,14149.804,3.0
8597,,,,,18505.805,3.0
8598,,,,,16024.749,3.0
8599,,,,,12752.761,3.0
8600,,0.2427385,,0.5610994,3079.756,3.0
8601,,0.25663376,,0.4742148,4141.255,3.0
8602,,0.29976422,,0.7130905,2836.2063,3.0
8603,,0.39152557,,0.58899474,3677.246,3.0
8604,,,0.0,,5803.5527,3.0
8605,0.0,0.34378144,0.0,0.65963924,3874.624,3.0
8606,0.0,0.067798465,0.0,0.23781458,7141.729,3.0
8607,,0.32528076,,0.52478546,6811.332,3.0
8608,,0.17849706,0.0,0.48133564,7698.104,3.0
8609,,0.13095297,0.0,0.20136411,8836.971,3.0
8610,1.0,0.3611117,1.0,0.66426015,5093.655,3.0
8611,,,,,113825.63,3.0
8612,,,,,4876.443,3.0
8613,,0.09176915,,0.2553684,3082.204,3.0
8614,,0.10274234,,0.2650153,3106.6494,3.0
8615,,0.16025911,,0.2912967,1073.9038,3.0
8616,,0.14376009,0.0,0.26013762,3247.3254,3.0
8617,,0.31725723,1.0,0.6261205,5109.266,3.0
8618,1.0,0.11651612,1.0,0.60885566,3215.172,3.0
8619,1.0,0.31661704,1.0,0.5266931,6194.315,3.0
8620,1.0,0.22775663,1.0,0.47256443,2237.9897,3.0
8621,0.0,0.2264326,0.0,0.5028912,6470.3774,3.0
8622,1.0,0.19111177,1.0,0.3600655,6076.6743,3.0
8623,,0.13586251,,0.20553686,136351.12,3.0
8624,,0.25930217,,0.44050863,1403.2178,3.0
8625,,,,,1706.6003,3.0
8626,,0.6540594,,0.72555566,1500.4523,3.0
8627,,0.31747743,,0.52440566,820.99304,3.0
8628,0.0,0.17403294,0.0,0.5703568,3587.281,1.0
8629,0.0,0.0527051,0.0,0.187112,4363.252,3.0
8630,0.0,0.21010864,0.0,0.4108055,4307.0615,3.0
8631,0.0,0.18733928,0.0,0.29892385,4379.351,3.0
8632,1.0,0.1288506,1.0,0.2767375,4126.6816,3.0
8633,0.0,0.32649887,0.0,0.5256238,3905.3428,3.0
8634,1.0,0.32155976,1.0,0.42487788,4483.3877,3.0
8635,,,,,56950.387,3.0
8636,,0.21098763,,0.44127876,5931.5923,3.0
8637,,0.26605758,,0.58164,8454.803,3.0
8638,,0.25290155,0.0,0.5016791,5265.9897,3.0
8639,,0.13219349,1.0,0.32005167,2702.9202,3.0
8640,1.0,0.4102674,1.0,0.58215046,3600.778,3.0
8641,,0.4828152,1.0,0.7062189,4318.2627,3.0
8642,,,0.0,,4864.4907,3.0
8643,,0.21323512,1.0,0.5042055,2853.3013,3.0
8644,,0.22134632,0.0,0.5171398,3978.5024,3.0
8645,,0.2502341,1.0,0.46910438,5073.646,3.0
8646,,0.42446175,1.0,0.5797718,76660.984,3.0
8647,,0.38255456,,0.55959374,3332.6777,3.0
8648,,0.22965236,,0.5307824,3591.0237,3.0
8649,,0.1855072,,0.41975555,4014.3599,3.0
8650,,0.250399,,0.46020997,4421.468,3.0
8651,0.0,0.19748521,0.0,0.40255433,2476.375,3.0
8652,,,,,2777.555,3.0
8653,0.0,0.11795772,0.0,0.30939612,1945.3284,3.0
8654,0.0,0.16761395,0.0,0.47138295,1889.6119,3.0
8655,0.0,0.2188282,0.0,0.4378981,2148.3472,3.0
8656,0.0,0.07237862,0.0,0.16822793,3099.6316,3.0
8657,1.0,0.19907829,1.0,0.40771824,1196.0032,3.0
8658,,,,,34343.707,3.0
8659,,0.672751,,0.607617,2293.3147,3.0
8660,,0.22549625,,0.53567046,4320.633,3.0
8661,,0.16363043,,0.570164,2704.1577,3.0
8662,,0.12952253,,0.25107965,5682.9253,3.0
8663,1.0,,1.0,,2650.2358,3.0
8664,1.0,0.2263192,1.0,0.3298859,3892.9033,3.0
8665,,,,,3354.3445,3.0
8666,,,,,2934.786,3.0
8667,,0.24457376,0.0,0.39606884,2783.6934,3.0
8668,0.0,0.1255643,0.0,0.38334277,2243.53,3.0
8669,1.0,,1.0,,2024.8717,3.0
8670,,0.10588626,,0.22596015,51363.457,3.0
8671,,0.36535907,,0.64276254,3762.297,3.0
8672,,0.17121397,,0.3770181,4507.084,3.0
8673,,,,,1087.5713,3.0
8674,,0.1622224,,0.30559388,3290.8113,3.0
8675,0.0,0.097976655,0.0,0.2763726,2561.7527,3.0
8676,,0.12729546,1.0,0.33918387,3018.0806,3.0
8677,,0.2000458,,0.2983584,2520.1313,3.0
8678,,,,,2779.381,3.0
8679,,0.44150117,0.0,0.422886,1853.2253,3.0
8680,0.0,0.1154579,0.0,0.29430458,1793.5958,3.0
8681,,0.120711155,0.0,0.27136505,1932.4502,3.0
8682,,,,,40320.215,3.0
8683,,0.26395798,,0.3573351,3636.881,3.0
8684,,0.20910607,,0.5091272,4860.893,3.0
8685,,0.26580223,,0.39221722,5587.8286,3.0
8686,,0.4643539,,0.594526,4221.2246,3.0
8687,0.0,0.1447312,0.0,0.36177215,7024.143,3.0
8688,,0.08858196,0.0,0.26932845,7022.5576,3.0
8689,0.0,0.21587132,0.0,0.41449258,7598.7153,3.0
8690,,0.16647002,0.0,0.23157156,9151.129,3.0
8691,,,,,5146.2197,3.0
8692,0.0,0.22940506,0.0,0.55233234,6385.5645,3.0
8693,,0.17475307,,0.2992274,6691.6357,3.0
8694,,,,,60167.2,3.0
8695,,0.32890284,,0.42261425,3137.9,3.0
8696,,0.2733852,,0.315852,3460.5056,3.0
8697,,0.33961445,,0.42858735,2753.4854,3.0
8698,,0.542211,,0.6844558,2400.5383,3.0
8699,1.0,0.36862767,1.0,0.44442955,8609.97,3.0
8700,0.0,0.2874691,0.0,0.35820684,8159.768,3.0
8701,,0.27612162,0.0,0.34993914,8224.762,3.0
8702,0.0,0.33578336,0.0,0.53183293,6802.7153,3.0
8703,,0.49571264,,0.7332686,5907.0605,3.0
8704,,0.12472444,0.0,0.22739804,9404.547,3.0
8705,0.0,0.37373647,0.0,0.5398184,7926.004,3.0
8706,,,,,105210.7,3.0
8707,,,,,16390.7,3.0
8708,,,,,3389.1023,3.0
8709,0.0,0.36471048,0.0,0.41198897,7090.974,3.0
8710,1.0,0.45659682,1.0,0.54045254,4935.5693,3.0
8711,,,,,5597.8906,3.0
8712,,0.19571874,0.0,0.463861,4536.887,3.0
8713,,,,,4240.833,3.0
8714,,0.2270218,,0.36078557,6325.34,3.0
8715,,0.5692206,1.0,0.7277126,4028.3677,3.0
8716,,0.12600996,,0.16810258,5743.2256,3.0
8717,,0.5153156,0.0,0.45697755,6166.139,3.0
8718,,0.28196785,0.0,0.26288787,5287.0757,3.0
8719,,0.4733073,1.0,0.6481445,3298.7112,3.0
8720,,0.18292075,1.0,0.43933016,4149.4834,3.0
8721,,0.43430075,,0.47643366,1675.8312,3.0
8722,,0.50007385,,0.6274391,27658.004,3.0
8723,,0.531817,,0.55147564,697.0324,3.0
8724,,0.60793763,,0.7600933,553.2256,3.0
8725,,0.51560086,,0.4740028,858.6181,3.0
8726,,,,,256.11246,3.0
8727,,,,,1088.5458,3.0
8728,,,,,1008.0566,3.0
8729,,,,,1116.4401,3.0
8730,0.0,0.5030399,0.0,0.45907715,893.9277,3.0
8731,0.0,0.28768,0.0,0.3522459,1096.3907,3.0
8732,,,,,972.8278,3.0
8733,,0.12224805,,0.28201452,10465.823,3.0
8734,,0.35640743,,0.35526466,11948.247,3.0
8735,,0.18476553,,0.25935087,8127.8105,3.0
8736,1.0,0.43441957,1.0,0.5810211,7938.483,3.0
8737,,,,,9537.582,3.0
8738,0.0,0.49324337,0.0,0.5897272,8969.128,3.0
8739,1.0,0.44080064,1.0,0.5751161,3291.4194,3.0
8740,0.0,0.31089237,0.0,0.2760109,9795.015,3.0
8741,,0.36515054,,0.4878486,6325.2246,3.0
8742,0.0,0.4558658,0.0,0.4984934,9006.6875,3.0
8743,,,,,4683.021,3.0
8744,,0.24637692,,0.20076136,4957.8335,3.0
8745,,,,,2693.271,3.0
8746,,,,,3297.6182,3.0
8747,,,,,2872.0623,3.0
8748,,0.45484293,,0.40166765,2306.0056,3.0
8749,,0.1505454,,0.10904406,3028.3884,3.0
8750,0.0,0.15435475,0.0,0.13189304,2012.081,3.0
8751,,,,,2416.1423,3.0
8752,1.0,0.43167123,1.0,0.29903448,2477.6938,3.0
8753,,0.4075841,,0.28816435,2564.2039,3.0
8754,,0.08508071,,0.09452104,2327.3804,3.0
8755,0.0,0.07071377,0.0,0.10172982,1106.6168,3.0
8756,,,,,86200.8,3.0
8757,,0.23670593,,0.19358549,2609.4395,3.0
8758,,0.49538258,,0.36897114,2806.5234,3.0
8759,,,,,1402.799,3.0
8760,0.0,0.20924914,0.0,0.1446948,2113.9622,3.0
8761,,0.101739615,,0.10643947,1839.7115,3.0
8762,,0.74517965,,0.69283146,1354.6018,3.0
8763,,0.42663798,,0.35665,1577.872,3.0
8764,0.0,0.23601699,0.0,0.18092017,2046.0061,3.0
8765,,0.07358452,,0.10676458,1523.1877,3.0
8766,,0.3739908,,0.22577178,1944.6245,3.0
8767,,0.12310879,,0.09398991,35933.406,3.0
8768,,0.06505054,,0.09918087,32397.545,3.0
8769,,0.18456793,,0.17537306,3746.797,3.0
8770,,,,,3467.6594,3.0
8771,,0.4620327,,0.44329542,3799.9812,3.0
8772,,0.46988684,,0.40105444,3847.9834,3.0
8773,0.0,0.25605628,0.0,0.19106555,3712.2976,3.0
8774,,0.47729224,1.0,0.40877974,4005.1492,3.0
8775,0.0,0.17280023,0.0,0.2504967,4649.027,3.0
8776,,0.31888893,,0.24373405,5272.002,3.0
8777,,0.23463778,0.0,0.3127345,4506.27,3.0
8778,,0.08391945,0.0,0.09455534,5449.495,3.0
8779,,0.2961326,0.0,0.269244,54376.227,3.0
8780,,0.2961857,,0.22742006,2963.233,3.0
8781,,0.24920447,,0.1207726,3558.019,3.0
8782,,0.0688655,,0.23038666,2970.3247,3.0
8783,,0.106252156,,0.2431937,3254.7803,3.0
8784,0.0,0.2453435,0.0,0.23841679,5411.356,3.0
8785,,0.30917868,,0.3626046,5493.4785,3.0
8786,,0.2820978,0.0,0.33745778,3832.754,3.0
8787,0.0,0.14155671,0.0,0.10283807,5997.379,3.0
8788,1.0,0.5374436,1.0,0.52930844,3510.3813,3.0
8789,,0.32077155,,0.24509206,5206.406,3.0
8790,,0.14843072,0.0,0.14834689,4602.4443,3.0
8791,,0.43859124,0.0,0.37590808,29476.416,3.0
8792,,,,,1249.6505,3.0
8793,,0.45209637,,0.44101846,736.60815,3.0
8794,,,,,3626.3494,3.0
8795,,0.32317784,0.0,0.30620652,1675.981,3.0
8796,,0.19654243,1.0,0.30330545,2084.651,3.0
8797,0.0,0.32575253,0.0,0.32459584,1665.5176,3.0
8798,,0.20115483,,0.20048645,1481.6832,3.0
8799,,0.08045301,0.0,0.2099223,2706.3503,3.0
8800,,0.46280363,,0.39369833,2001.8696,3.0
8801,,0.7978715,1.0,0.29639322,1717.5873,3.0
8802,1.0,0.2988495,1.0,0.22556826,2350.2979,3.0
8803,,0.24260911,0.0,0.11759987,4214.0156,3.0
8804,,0.2312225,,0.22661854,4101.7583,3.0
8805,,0.5961519,,0.53323394,2035.5922,3.0
8806,,0.20053563,0.0,0.34652925,2585.628,3.0
8807,0.0,0.16461475,0.0,0.2510057,4760.2227,3.0
8808,0.0,0.251463,0.0,0.23633426,4047.65,3.0
8809,,,,,3666.0042,3.0
8810,1.0,0.09972559,1.0,0.17837267,4629.328,3.0
8811,0.0,0.06724994,0.0,0.11829109,3786.4036,3.0
8812,0.0,0.5772587,0.0,0.54430294,4509.4683,3.0
8813,,,,,5497.097,3.0
8814,,0.3780779,0.0,0.25335726,32157.39,3.0
8815,,0.4506518,,0.49190828,2090.4143,3.0
8816,,0.58798695,,0.5840128,3322.763,3.0
8817,,,,,3255.942,3.0
8818,,0.69657356,,0.68027836,2678.637,3.0
8819,0.0,0.23014943,0.0,0.177923,6976.252,3.0
8820,,0.60744387,1.0,0.5587974,4914.316,3.0
8821,,,,,6075.5854,3.0
8822,1.0,0.32834592,1.0,0.2505651,6865.0674,3.0
8823,,0.3602768,,0.33678138,5301.9507,3.0
8824,,0.11827526,,0.25723916,7723.931,3.0
8825,0.0,,0.0,,6485.1885,3.0
8826,0.0,,0.0,,23721.705,3.0
8827,,,,,4233.8916,3.0
8828,,0.13723859,,0.1426688,6059.9395,3.0
8829,,0.22822082,,0.16017193,7775.5273,3.0
8830,,0.10261084,,0.10700096,6246.3735,3.0
8831,0.0,0.40225285,0.0,0.21744992,5707.5967,3.0
8832,,0.38693815,0.0,0.33442923,4466.8916,3.0
8833,0.0,0.09980304,0.0,0.1051854,5024.334,3.0
8834,0.0,0.39772946,0.0,0.42754152,3847.5388,3.0
8835,,0.24471548,1.0,0.15071635,5030.292,3.0
8836,,0.17010477,0.0,0.33178505,4153.9897,3.0
8837,,,,,8730.428,3.0
8838,1.0,0.24927947,1.0,0.24169445,17877.734,3.0
8839,,0.32882214,,0.32292357,1491.2793,3.0
8840,,0.3782788,,0.33549356,2630.0007,3.0
8841,,,,,1342.086,3.0
8842,,0.5486731,1.0,0.47022447,2276.0894,3.0
8843,0.0,0.115729384,0.0,0.09000745,6287.202,3.0
8844,,0.37500104,0.0,0.2907015,4187.084,3.0
8845,0.0,0.5432424,0.0,0.2219296,3682.4458,3.0
8846,,0.28090706,0.0,0.34203163,3848.7483,3.0
8847,,,,,5524.5503,3.0
8848,0.0,0.41055053,0.0,0.34315163,6767.358,3.0
8849,0.0,0.32786366,0.0,0.19141032,6189.434,3.0
8850,,0.13619696,1.0,0.079777196,48009.62,3.0
8851,,,,,3098.0532,3.0
8852,,,,,1973.6189,3.0
8853,,,,,2579.8992,3.0
8854,,,,,3596.7922,3.0
8855,,,,,2437.5637,3.0
8856,,,,,1902.6443,3.0
8857,,,,,1985.7616,3.0
8858,,0.066272624,0.0,0.1695355,2345.5813,3.0
8859,,0.514777,,0.58362925,2037.2708,3.0
8860,,0.08974972,0.0,0.16921288,2190.3594,3.0
8861,,0.08580852,,0.1799753,129293.1,3.0
8862,,0.3476045,,0.3151217,5643.7515,3.0
8863,,0.46620733,,0.4772833,3987.7285,3.0
8864,,0.5280682,0.0,0.54141045,3950.918,3.0
8865,,0.58164686,,0.5286856,5655.755,3.0
8866,,0.45598724,0.0,0.5631719,4730.5537,3.0
8867,,0.07626626,,0.17512283,4902.085,3.0
8868,0.0,0.12887853,0.0,0.24762747,4111.517,3.0
8869,,,,,5055.0073,3.0
8870,,0.36279932,0.0,0.44965968,5957.5024,3.0
8871,,0.56333244,0.0,0.6003956,3601.7236,3.0
8872,,,,,6515.176,3.0
8873,,0.06977395,,0.17156,93768.625,3.0
8874,,0.23240784,,0.31107765,136271.98,3.0
8875,,0.18040611,,0.20962709,145143.84,3.0
8876,,0.14956005,,0.17526318,131013.58,3.0
8877,,0.06855406,,0.14499025,148656.27,3.0
8878,,,,,139104.22,3.0
8879,,,,,125859.6,3.0
8880,,0.065936945,,0.21365969,116873.836,3.0
8881,,0.2478002,,0.33826414,1360.7673,3.0
8882,,0.45562768,,0.64598584,1068.4182,3.0
8883,,,,,1150.1997,3.0
8884,,0.4318846,,0.48868608,538.1825,3.0
8885,,0.11605704,,0.19960466,5725.052,3.0
8886,,,,,4865.36,3.0
8887,,0.1648327,0.0,0.24838132,4830.0645,3.0
8888,,0.2881624,1.0,0.4457281,4850.543,3.0
8889,,0.21987768,0.0,0.40242392,4822.8213,3.0
8890,,0.14222953,,0.4051455,1915.6473,3.0
8891,,0.4174417,,0.46618223,16065.059,3.0
8892,,0.18247753,1.0,0.47132832,1179.4316,3.0
8893,,0.24917495,,0.2598883,1839.6603,3.0
8894,,0.4519893,,0.6313493,614.07294,3.0
8895,,,1.0,,427.19537,3.0
8896,,0.17418253,,0.26844555,960.5113,3.0
8897,,0.50138295,0.0,0.8008453,410.1578,3.0
8898,,0.36908332,,0.523272,759.02563,3.0
8899,,0.12772624,,0.3368393,171.28233,3.0
8900,,0.19890055,0.0,0.35011053,585.9343,3.0
8901,,0.10486366,,0.17778029,6143.123,3.0
8902,,0.3036466,,0.43177167,3980.7278,3.0
8903,,0.37181967,,0.54890037,1095.0479,3.0
8904,,0.39385584,,0.5782712,1118.1351,3.0
8905,,0.3467171,,0.7733638,743.5273,3.0
8906,,0.4568379,,0.4804741,989.0293,3.0
8907,,0.2381603,1.0,0.4176527,3600.994,3.0
8908,,0.5712623,,0.7660954,3047.252,3.0
8909,,0.507173,,0.50472283,1775.249,3.0
8910,,0.53092504,,0.30043656,932.6358,3.0
8911,,0.6617495,,0.5322242,4732.6875,3.0
8912,,,,,4875.158,3.0
8913,1.0,0.17231913,1.0,0.4801871,2963.6475,3.0
8914,,0.18142985,,0.34994194,13952.008,3.0
8915,,0.545645,,0.7414157,523.7373,3.0
8916,,0.2990065,,0.42416483,767.8505,3.0
8917,,0.23660631,,0.5104141,513.68445,3.0
8918,,0.40047532,,0.6478388,444.77808,3.0
8919,,0.31160164,,0.44327593,611.05316,3.0
8920,,0.43018574,1.0,0.4352703,2723.0105,3.0
8921,,0.33629522,1.0,0.3622035,2928.5447,3.0
8922,,0.4168121,1.0,0.5141909,2417.6606,3.0
8923,,0.27066633,,0.40925786,3016.917,3.0
8924,,0.500591,1.0,0.74201566,2074.813,3.0
8925,,,,,17550.018,3.0
8926,,0.59868383,,0.6190095,1146.2797,3.0
8927,,0.5913589,,0.573623,1318.0281,3.0
8928,,,,,2159.8242,3.0
8929,,,,,2027.8221,3.0
8930,1.0,,1.0,,2360.4346,3.0
8931,,,,,3053.481,3.0
8932,,,,,3090.71,3.0
8933,0.0,,0.0,,2762.4546,3.0
8934,1.0,,1.0,,2805.7463,3.0
8935,,,,,2693.3203,3.0
8936,,,,,2817.673,3.0
8937,1.0,,1.0,,2985.9807,3.0
8938,,,,,5567.372,3.0
8939,,,,,5830.2676,3.0
8940,0.0,,0.0,,1290.6748,3.0
8941,,,,,938.07654,3.0
8942,1.0,,1.0,,1455.409,3.0
8943,0.0,0.2544105,0.0,0.3532953,1101.8617,3.0
8944,,,,,1357.2437,3.0
8945,1.0,,1.0,,1063.844,3.0
8946,,,1.0,,1077.3383,3.0
8947,,,,,1352.6371,3.0
8948,,,,,15137.545,3.0
8949,,0.57589376,,0.40101007,9732.548,3.0
8950,,0.5433851,,0.38442275,8242.382,3.0
8951,,0.66050196,0.0,0.5243372,3624.5598,3.0
8952,,,,,4405.2,3.0
8953,,,,,4289.2617,3.0
8954,0.0,0.07183689,0.0,0.37368542,4039.0444,1.0
8955,0.0,0.51063615,0.0,0.36798635,4692.0884,3.0
8956,,,,,3840.1943,3.0
8957,,0.5174034,0.0,0.48914906,3094.5247,3.0
8958,,,,,5140.072,3.0
8959,,0.27438858,0.0,0.30592436,26355.262,3.0
8960,,0.10336366,0.0,0.2754418,23588.783,3.0
8961,,,,,4581.6143,3.0
8962,0.0,0.6025768,0.0,0.381924,3512.7349,3.0
8963,,0.8556435,1.0,0.71390635,1405.2202,3.0
8964,,,,,2844.074,3.0
8965,,,,,2805.418,3.0
8966,,0.4053616,,0.4790498,2778.9343,3.0
8967,0.0,0.32393298,0.0,0.3792732,2282.0764,3.0
8968,,0.64656854,,0.5222609,1980.4124,3.0
8969,0.0,0.239601,0.0,0.26570553,2352.035,3.0
8970,0.0,0.7943738,0.0,0.54029524,1045.222,3.0
8971,,,,,12415.449,3.0
8972,,0.8187612,0.0,0.4808576,13648.923,3.0
8973,,0.8001561,,0.57315165,3953.8406,3.0
8974,,0.7497408,,0.94331,3396.3335,3.0
8975,,,,,3588.0078,3.0
8976,,0.28030378,0.0,0.59852487,3119.5254,3.0
8977,1.0,0.43382287,1.0,0.9277091,1320.8741,3.0
8978,,,,,5766.227,3.0
8979,0.0,0.13315915,0.0,0.42867082,5418.154,3.0
8980,,0.3990982,,0.8103641,5499.9136,3.0
8981,0.0,0.39744556,0.0,0.70843595,5311.3286,3.0
8982,1.0,0.43251675,1.0,0.79077494,7222.7876,3.0
8983,,0.17705382,,0.6609636,4359.529,3.0
8984,,,,,55078.59,3.0
8985,,,,,1383.4855,3.0
8986,,0.5464807,,0.88910925,889.49927,3.0
8987,,,,,1050.0974,3.0
8988,,,,,1321.1687,3.0
8989,,,,,661.12317,3.0
8990,,,,,793.2159,3.0
8991,,,,,943.6432,3.0
8992,,,,,594.48926,3.0
8993,,,,,767.01227,3.0
8994,,,,,391.46146,3.0
8995,,0.6565126,,0.94327354,394.19763,3.0
8996,,0.73894614,1.0,0.9533803,122995.17,3.0
8997,,,,,402.66696,3.0
8998,,0.61621684,,0.9333415,1170.9487,3.0
8999,,0.8824494,,0.9844052,1209.4175,3.0
9000,,,,,1033.1702,3.0
9001,,,,,5806.2197,3.0
9002,,,,,5854.6323,3.0
9003,,,,,4537.016,3.0
9004,,,1.0,,4910.798,3.0
9005,,,,,4668.277,3.0
9006,,,,,28887.67,3.0
9007,1.0,0.7044839,1.0,0.52249,594.4867,3.0
9008,0.0,0.6651477,0.0,0.34606764,384.82245,3.0
9009,,0.55247045,,0.4950258,977.2262,3.0
9010,,,,,1192.253,3.0
9011,,0.28798485,0.0,0.34414408,5407.045,3.0
9012,,0.33166015,,0.37639543,3389.331,3.0
9013,1.0,0.3155986,1.0,0.32229003,7159.2446,3.0
9014,,0.39945498,,0.38616735,3551.8484,3.0
9015,,0.71301275,,0.55614483,3926.9324,3.0
9016,1.0,0.29844475,1.0,0.24641323,7101.15,3.0
9017,,0.11235123,,0.21399991,57820.21,3.0
9018,,0.60479134,,0.5331924,19705.53,3.0
9019,,,,,19028.771,3.0
9020,,0.2665077,,0.5188892,3694.8645,3.0
9021,,0.60438657,,0.63532656,18641.857,3.0
9022,1.0,0.7396929,1.0,0.73963207,5161.645,3.0
9023,,0.7477479,1.0,0.72882587,8367.2,3.0
9024,,,,,6597.3,3.0
9025,,,,,9400.444,3.0
9026,0.0,0.69905376,0.0,0.79086983,6606.16,3.0
9027,,,,,8834.228,3.0
9028,,0.50197774,,0.57807755,7424.077,3.0
9029,,0.7138977,,0.80770636,77677.76,3.0
9030,,0.6428472,,0.7071682,7312.048,3.0
9031,,0.19201425,,0.3455474,7656.3438,3.0
9032,,0.6479474,,0.661451,6243.1704,3.0
9033,,0.7039213,,0.62366223,5690.417,3.0
9034,,0.3119756,,0.35377696,2227.0088,3.0
9035,,0.4751283,1.0,0.5404437,2768.8728,3.0
9036,,0.18062693,,0.34628785,2600.9785,3.0
9037,,0.4110166,0.0,0.54215276,2021.815,3.0
9038,,0.69564813,1.0,0.6501943,3062.1184,3.0
9039,,0.84364355,,0.7557968,2630.1472,3.0
9040,1.0,0.6814605,1.0,0.6876822,2092.3,3.0
9041,,,,,25793.887,3.0
9042,,,,,16661.266,3.0
9043,,,,,19540.63,3.0
9044,,,,,13921.948,3.0
9045,,,,,17587.87,3.0
9046,0.0,0.33145308,0.0,0.1689153,360.86157,3.0
9047,,,,,430.82523,3.0
9048,,,,,17183.889,3.0
9049,,0.19751453,,0.0869219,19610.342,3.0
9050,,,,,20787.621,3.0
9051,,,,,100.758575,3.0
9052,,,,,127.22674,3.0
9053,,,,,226.58633,3.0
9054,1.0,0.537112,1.0,0.34574437,185.96327,3.0
9055,,,1.0,,243.32393,3.0
9056,,,,,248.04834,3.0
9057,,,,,217.58212,3.0
9058,,,,,266.45914,3.0
9059,,,,,13017.288,3.0
9060,,0.29310888,,0.1436173,15201.596,3.0
9061,,,,,233.18358,3.0
9062,,,,,281.85162,3.0
9063,,0.66045904,,0.3805807,233.12025,3.0
9064,,0.2588411,,0.18266228,195.8062,3.0
9065,,0.29628313,,0.17954591,325.48828,3.0
9066,0.0,0.41842225,0.0,0.27592582,289.89053,3.0
9067,,0.29454213,,0.17890003,295.00888,3.0
9068,0.0,0.4367154,0.0,0.3187619,268.5919,3.0
9069,,,,,296.87775,3.0
9070,1.0,0.375422,1.0,0.21583274,308.37317,3.0
9071,1.0,0.3203842,1.0,0.18845505,294.91022,3.0
9072,,0.44971088,,0.21130322,141.42981,3.0
9073,,,,,114.015465,3.0
9074,,0.4378957,,0.2843461,111.1788,3.0
9075,,,,,90.8013,3.0
9076,,,,,138.86815,3.0
9077,,0.2981292,0.0,0.14634766,201.39008,3.0
9078,,0.4164186,,0.2750625,143.78053,3.0
9079,,,,,184.60168,3.0
9080,,0.41667506,0.0,0.27517304,154.22807,3.0
9081,,0.566402,,0.41720337,137.19939,3.0
9082,,,,,22367.402,3.0
9083,,,,,82.801674,3.0
9084,,,,,129.09665,3.0
9085,,0.23270331,,0.1718622,123.14281,3.0
9086,,0.58489454,,0.494404,84.712265,3.0
9087,,0.23339222,0.0,0.17215033,122.21874,3.0
9088,,0.5620877,,0.33423373,135.43628,3.0
9089,,,,,149.12723,3.0
9090,,0.6332205,,0.38663608,91.20619,3.0
9091,,,,,102.01241,3.0
9092,,0.47598785,,0.3595218,104.63413,3.0
9093,,0.44500268,,0.30252042,118.2676,3.0
9094,,0.20893697,0.0,0.16177876,107.66862,3.0
9095,,,,,172.544,3.0
9096,,0.28641492,,0.17587933,192.8947,3.0
9097,,0.6747009,,0.49960497,150.36444,3.0
9098,,0.6661821,,0.3861151,183.61826,3.0
9099,,0.6796354,,0.5036637,164.42561,3.0
9100,,,,,141.78148,3.0
9101,,0.20820779,,0.23442192,176.74391,3.0
9102,,0.5435161,0.0,0.3223183,122.20096,3.0
9103,,,,,90.57494,3.0
9104,,0.14484216,,0.2622804,90.09742,3.0
9105,,,,,99.70222,3.0
9106,0.0,0.3079065,0.0,0.18384913,124.32395,3.0
9107,,,,,161.23332,3.0
9108,,,,,114.02179,3.0
9109,,0.336181,,0.3438311,140.81216,3.0
9110,,,,,291.21387,3.0
9111,,,,,255.45355,3.0
9112,,,0.0,,235.05478,
9113,,0.4659875,1.0,0.40835327,186.03592,3.0
9114,,,,,224.1182,3.0
9115,,0.49746576,0.0,0.32037288,211.42879,3.0
9116,1.0,0.36256245,1.0,0.3214151,216.19566,3.0
9117,,,,,22535.607,3.0
9118,,,,,470.49283,3.0
9119,,,,,394.84424,3.0
9120,,0.49975753,,0.37110233,215.9284,3.0
9121,0.0,,0.0,,267.47922,3.0
9122,,,0.0,,231.69456,3.0
9123,,0.299144,,0.18060647,227.79189,3.0
9124,,,,,235.11421,3.0
9125,,,,,225.5361,3.0
9126,,,,,177.73074,3.0
9127,,,0.0,,414.01828,3.0
9128,,,,,361.23138,3.0
9129,,0.33844286,,0.24349174,223.93658,3.0
9130,,,,,307.4949,3.0
9131,,0.30584452,0.0,0.15057486,314.24594,3.0
9132,,,,,329.28928,3.0
9133,,,,,227.99103,3.0
9134,0.0,0.5177921,0.0,0.37998626,236.26451,3.0
9135,0.0,0.41399348,0.0,0.2740183,303.5374,3.0
9136,,0.16216439,,0.09892382,291.60016,3.0
9137,,0.50692064,,0.4126189,214.23001,3.0
9138,,0.3518796,,0.17571513,337.69092,3.0
9139,,,,,488.70163,3.0
9140,,,,,706.6218,3.0
9141,,,,,653.98987,3.0
9142,,0.54886395,,0.42451778,498.08383,3.0
9143,,0.35130107,,0.31171766,335.67947,3.0
9144,,,,,516.95044,3.0
9145,,,,,405.17465,3.0
9146,0.0,0.44867086,0.0,0.30477747,492.31113,3.0
9147,1.0,0.23990746,1.0,0.19398555,576.81494,3.0
9148,0.0,,0.0,,537.6705,3.0
9149,1.0,0.7261995,1.0,0.5267135,429.16855,3.0
9150,,,,,420.4052,3.0
9151,,0.395551,,0.26609662,208.46707,3.0
9152,,0.42011237,,0.27665442,190.7661,3.0
9153,,,,,163.23033,3.0
9154,,,,,160.39458,3.0
9155,,0.20488027,,0.11511822,333.06085,3.0
9156,,0.27241498,,0.16374817,350.34473,3.0
9157,,,,,416.64645,3.0
9158,,,,,314.96555,3.0
9159,,0.26690984,,0.17808257,127.78143,3.0
9160,,0.65706205,,0.531525,188.77275,3.0
9161,,0.62319016,0.0,0.34631136,316.26578,3.0
9162,,,,,271.57584,3.0
9163,,,,,146.89342,3.0
9164,,,,,182.87073,3.0
9165,,,,,138.3468,3.0
9166,,,,,174.04216,3.0
9167,,0.22072865,,0.12223616,339.55197,3.0
9168,,0.5705461,,0.4201606,295.28836,3.0
9169,0.0,,0.0,,347.769,3.0
9170,0.0,,0.0,,329.31354,3.0
9171,,0.23361929,,0.18374035,211.16454,3.0
9172,,,,,221.56577,3.0
9173,,,,,285.78183,3.0
9174,,0.17967285,,0.23469596,15509.708,3.0
9175,,0.53537333,,0.344827,310.45215,3.0
9176,,0.58362055,,0.34846514,434.62213,3.0
9177,,0.52651244,,0.338851,399.39212,3.0
9178,,,,,219.82195,3.0
9179,,0.39789236,,0.27234203,145.61937,3.0
9180,1.0,0.44572964,1.0,0.2877517,215.57762,3.0
9181,1.0,0.4814361,1.0,0.3621651,206.64551,3.0
9182,,0.53386676,,0.34362474,258.83505,3.0
9183,,,,,228.08257,3.0
9184,,0.24826369,,0.17832257,236.83517,3.0
9185,,,,,11747.644,3.0
9186,,,,,11963.412,3.0
9187,,,,,851.7444,3.0
9188,,0.48873127,0.0,0.4269853,391.41708,3.0
9189,,,,,553.7537,3.0
9190,1.0,0.65474737,1.0,0.48037267,522.9193,2.0
9191,,0.42449462,,0.27854535,482.11435,3.0
9192,,0.42641497,,0.22204821,470.09036,3.0
9193,,0.27108172,,0.17015031,430.31863,3.0
9194,,0.5665941,0.0,0.41734007,416.58685,3.0
9195,,0.55477774,,0.40897402,297.26288,3.0
9196,,,,,21997.76,3.0
9197,,0.54160285,,0.60893136,542.4592,3.0
9198,,0.5393835,,0.53683513,870.68665,3.0
9199,,0.42614526,,0.778029,364.6093,3.0
9200,,0.42632702,,0.4972929,1391.2183,3.0
9201,,0.15607351,0.0,0.32387435,3442.2454,3.0
9202,1.0,0.23355052,1.0,0.400353,3539.839,3.0
9203,,0.12968385,0.0,0.35087365,2852.145,3.0
9204,,0.31332353,1.0,0.48215297,2296.3647,3.0
9205,0.0,0.27832118,0.0,0.31363177,4196.132,3.0
9206,,0.13384984,0.0,0.32362142,2342.7126,3.0
9207,,0.09380192,,0.11909137,4714.21,3.0
9208,,0.35542697,1.0,0.31786266,19135.566,3.0
9209,,,,,1226.1105,3.0
9210,,0.38110343,,0.36449468,1356.5237,3.0
9211,,0.55343133,,0.538489,971.5029,3.0
9212,,,,,1071.9222,3.0
9213,,0.4758752,0.0,0.35409534,5010.4844,3.0
9214,,0.3992164,0.0,0.40015957,3625.4692,3.0
9215,,,,,3891.3604,3.0
9216,,0.15905266,,0.27841526,4445.8794,3.0
9217,,0.40388477,0.0,0.47307152,2991.2495,3.0
9218,,0.45150512,,0.19589159,882.3868,3.0
9219,,0.04920392,,0.283039,4634.367,3.0
9220,,0.3370384,,0.31523213,115326.2,3.0
9221,,0.08991114,,0.28365874,542.5395,3.0
9222,,0.42187515,,0.36240986,637.9087,3.0
9223,,0.44058058,,0.42417148,476.56558,3.0
9224,,0.3008845,1.0,0.28229398,799.5316,3.0
9225,,0.47860366,,0.35663894,815.193,3.0
9226,,,,,5171.956,3.0
9227,,0.51662904,0.0,0.4799197,6262.338,3.0
9228,,0.35833028,0.0,0.44357044,8037.9854,3.0
9229,,,0.0,,6102.7974,3.0
9230,,,,,2119.457,3.0
9231,,0.05373139,,0.1189727,87100.27,3.0
9232,,,,,2114.0698,3.0
9233,,,,,2561.8281,3.0
9234,,0.09493749,,0.2891365,1898.2152,3.0
9235,,,,,2262.3782,3.0
9236,,,,,9636.439,3.0
9237,,,,,10425.02,3.0
9238,,,,,9810.25,3.0
9239,,,,,12168.95,3.0
9240,,0.313751,0.0,0.30787885,6649.86,3.0
9241,,,,,7198.7197,3.0
9242,,,,,10408.137,3.0
9243,,,,,2193.557,3.0
9244,,,,,1949.5354,3.0
9245,,,,,2629.3857,3.0
9246,,,,,2714.4731,3.0
9247,,,,,6101.424,3.0
9248,,,,,8505.544,3.0
9249,,0.41896442,0.0,0.39418727,5360.9287,3.0
9250,,,,,7028.2256,3.0
9251,0.0,0.33208355,0.0,0.34934938,7074.622,3.0
9252,,,,,8285.391,3.0
9253,,,,,6745.662,3.0
9254,,,,,61470.406,3.0
9255,,0.114169694,,0.1204353,1177.777,3.0
9256,,,,,691.7942,3.0
9257,,0.30431306,,0.3024116,736.02954,3.0
9258,,,,,2110.1135,3.0
9259,,0.32454857,,0.23079564,2548.6667,3.0
9260,,0.49743223,,0.4604956,1988.8024,3.0
9261,,0.48369724,1.0,0.48227388,2011.6707,3.0
9262,,,,,1444.4943,3.0
9263,,0.10256407,0.0,0.15809947,2128.1777,3.0
9264,,,,,2335.203,3.0
9265,,0.26757947,,0.25653118,135822.67,3.0
9266,,0.16271861,,0.19710284,980.1775,3.0
9267,,,,,962.0249,3.0
9268,,,,,1052.5781,3.0
9269,,,,,1255.7396,3.0
9270,,,,,1130.8075,3.0
9271,,0.335022,,0.34886393,793.82214,3.0
9272,,,,,801.02795,3.0
9273,,,,,1230.5771,3.0
9274,,,,,1341.611,3.0
9275,,,,,1202.869,3.0
9276,,,,,86541.9,3.0
9277,,0.54961264,,0.5240168,2238.3257,3.0
9278,,0.37866312,,0.2810385,5744.929,3.0
9279,,0.43292332,,0.4051358,4586.526,3.0
9280,,0.5844372,,0.5900223,2004.5043,3.0
9281,,,,,17060.902,3.0
9282,,0.22836106,0.0,0.26698926,17299.338,3.0
9283,,0.6065426,1.0,0.592871,16943.312,3.0
9284,,,,,99452.09,3.0
9285,,,,,710.1183,3.0
9286,,,,,823.94305,3.0
9287,,,,,604.77185,3.0
9288,,,0.0,,3156.7622,3.0
9289,,,,,1437.3964,3.0
9290,,,,,3106.794,3.0
9291,,,,,2472.4124,3.0
9292,,,1.0,,2199.7986,3.0
9293,,,,,2055.7446,3.0
9294,,,,,2562.1475,3.0
9295,,,,,2177.8782,3.0
9296,,,,,99668.71,3.0
9297,,,,,2942.848,3.0
9298,,,,,2849.0464,3.0
9299,,0.46420327,,0.4297191,3001.9746,3.0
9300,,,,,2856.1218,3.0
9301,,0.41575924,0.0,0.34247765,6004.3057,3.0
9302,,0.15618947,0.0,0.20803012,4208.994,3.0
9303,,0.4674806,,0.43041256,6090.169,3.0
9304,,0.23852384,,0.27596772,5122.775,3.0
9305,,0.24339509,,0.31625482,6714.248,3.0
9306,,0.33414367,,0.49216205,5040.733,3.0
9307,,,,,4941.8804,3.0
9308,,0.46640816,,0.5307461,2995.6294,3.0
9309,,0.28835976,1.0,0.3948138,2476.7407,3.0
9310,,,,,2857.427,3.0
9311,,0.30167452,,0.3387102,3471.1206,3.0
9312,0.0,0.28331858,0.0,0.26873937,8790.457,3.0
9313,,0.16272141,,0.23615858,11534.123,3.0
9314,,0.44791645,,0.41690797,8314.633,3.0
9315,,0.41860333,0.0,0.39390412,8667.244,3.0
9316,,0.2844398,,0.19033207,11643.586,3.0
9317,,0.31945786,1.0,0.32727483,7454.6523,3.0
9318,,0.34736472,,0.21663608,85022.164,3.0
9319,,,,,798.39575,3.0
9320,,,,,916.5786,3.0
9321,,0.36824828,,0.46537146,889.6324,3.0
9322,,0.7498289,,0.6813599,1116.9265,3.0
9323,,0.3425079,,0.35797885,1598.3729,3.0
9324,,,,,3882.6848,3.0
9325,0.0,0.106163494,0.0,0.18472074,3866.1453,3.0
9326,0.0,0.7814849,0.0,0.7442632,2378.4531,3.0
9327,,0.32088044,,0.33664647,4148.915,3.0
9328,,0.36398542,1.0,0.3958935,3546.8372,3.0
9329,0.0,0.13775657,0.0,0.34801385,3197.3071,3.0
9330,,,,,20894.328,3.0
9331,,0.1135927,,0.29137805,1111.725,3.0
9332,,,,,1234.77,3.0
9333,,0.832113,,0.7141084,1371.5757,3.0
9334,,0.48236412,,0.49595198,1241.3743,3.0
9335,,,,,2379.0857,3.0
9336,,,,,2158.1765,3.0
9337,,,0.0,,1635.669,3.0
9338,,0.6006899,,0.5865765,2750.0647,3.0
9339,,,,,2399.3179,3.0
9340,,,,,2236.6648,3.0
9341,,,,,2182.2375,3.0
9342,,,,,26935.492,3.0
9343,,,,,508.96997,3.0
9344,,0.5316522,0.0,0.53616196,447.09454,3.0
9345,,,,,595.10785,3.0
9346,1.0,0.35737473,1.0,0.45022744,1753.2068,3.0
9347,,,,,2182.4111,3.0
9348,,0.29894945,,0.41792497,1579.3411,3.0
9349,,,0.0,,2212.5193,3.0
9350,0.0,,0.0,,1826.0753,3.0
9351,1.0,0.86269003,1.0,0.76411366,2283.1743,2.0
9352,,0.20649709,,0.40272632,1325.9193,3.0
9353,,0.6033549,1.0,0.6363503,1106.28,3.0
9354,,,,,25285.146,3.0
9355,,0.88937914,,0.750876,936.2878,3.0
9356,,0.31003907,0.0,0.29780674,737.9536,3.0
9357,0.0,0.48153841,0.0,0.3650188,958.4284,3.0
9358,,0.16248931,0.0,0.20207407,735.7984,3.0
9359,0.0,0.5676558,0.0,0.5868597,502.63687,3.0
9360,,,,,1005.5501,3.0
9361,,0.5286803,0.0,0.54522586,1019.2272,3.0
9362,1.0,,1.0,,874.6736,3.0
9363,,0.61349064,,0.2803211,1052.5848,3.0
9364,,,,,114302.82,3.0
9365,,0.10925862,,0.2352689,105744.06,3.0
9366,,0.09863243,,0.18748614,8648.753,3.0
9367,,0.15555722,,0.20390587,13534.661,3.0
9368,0.0,0.3430978,0.0,0.44098556,15514.997,3.0
9369,,0.6482403,,0.6547357,4103.6006,3.0
9370,,0.6915185,,0.5711493,4900.79,3.0
9371,0.0,0.6380748,0.0,0.55979526,3318.4128,3.0
9372,,,,,3151.071,3.0
9373,,0.6077281,,0.6029726,4013.099,3.0
9374,0.0,0.6023106,0.0,0.5728033,5133.831,3.0
9375,0.0,0.11508471,0.0,0.41475174,4221.7427,3.0
9376,,,,,5430.3945,3.0
9377,0.0,0.51898694,0.0,0.5557537,4448.0454,3.0
9378,0.0,0.42363572,0.0,0.4695171,4663.8774,3.0
9379,,0.34913397,0.0,0.37694693,4277.173,3.0
9380,,,,,83564.04,3.0
9381,,0.5641125,,0.5817616,2674.0737,3.0
9382,,,,,1894.1599,3.0
9383,,0.4372058,,0.4647219,2025.4198,3.0
9384,,0.7242361,,0.7539943,691.78406,3.0
9385,,0.16983902,,0.26216888,2524.3562,3.0
9386,,0.2748221,0.0,0.29544514,5608.9043,3.0
9387,,0.07377393,0.0,0.17448577,5329.449,3.0
9388,,,,,3514.6753,3.0
9389,,0.23762949,,0.3219962,6939.1157,3.0
9390,,0.40455246,0.0,0.53171486,4894.075,3.0
9391,,0.24158028,1.0,0.2805748,6669.7305,3.0
9392,,,,,4994.279,3.0
9393,1.0,0.054748595,1.0,0.16224293,5666.1704,3.0
9394,,,,,5336.5806,3.0
9395,,,,,5743.375,3.0
9396,,0.5208813,,0.43427262,3527.813,3.0
9397,,,,,3761.044,3.0
9398,,,1.0,,6615.1416,3.0
9399,,0.12455917,,0.19563313,135592.55,3.0
9400,,,,,1725.2535,3.0
9401,,,,,1401.3878,3.0
9402,,0.31925654,,0.31818116,1650.3868,3.0
9403,,0.39666176,,0.44354078,900.3348,3.0
9404,,0.3554272,,0.36686775,4121.3594,3.0
9405,0.0,0.3956841,0.0,0.5397757,3660.2725,3.0
9406,,,,,4236.2495,3.0
9407,,0.50650835,,0.56197,3733.3857,3.0
9408,0.0,0.4729263,0.0,0.48788795,4059.6924,3.0
9409,,0.496805,,0.53081435,1945.3384,3.0
9410,,0.30528793,,0.47839162,3144.3723,3.0
9411,0.0,0.23272946,0.0,0.27787125,100051.56,3.0
9412,,0.20256035,,0.3412904,2241.795,3.0
9413,,0.5795303,,0.5970021,3316.3196,3.0
9414,,,,,3430.4531,3.0
9415,,,,,1983.3518,3.0
9416,,0.77853715,,0.8060247,2101.5007,3.0
9417,,,,,3874.8076,3.0
9418,0.0,0.7642784,0.0,0.67900693,3970.0027,3.0
9419,,0.56370735,,0.61241364,2442.7158,3.0
9420,,0.03024974,,0.09810492,5261.3594,3.0
9421,,0.20582737,,0.27142793,43224.53,3.0
9422,,0.13569777,,0.19826075,37312.883,3.0
9423,,0.61512715,,0.5275314,3053.816,3.0
9424,,,,,4173.2783,3.0
9425,,0.73100096,,0.66432303,2818.8438,3.0
9426,,0.780899,,0.7148119,3357.4302,3.0
9427,,,,,3030.0952,3.0
9428,,0.07634307,,0.2728874,3060.414,3.0
9429,,0.25239602,,0.2888827,3296.0916,3.0
9430,,0.076809905,0.0,0.16308163,3488.7612,3.0
9431,,0.2755481,,0.34923053,2315.6758,3.0
9432,,0.5154575,1.0,0.43978193,3986.0962,3.0
9433,,0.42950985,1.0,0.5544063,2249.2175,3.0
9434,,,,,3525.4983,3.0
9435,,,,,397.69492,3.0
9436,,,0.0,,716.8155,3.0
9437,,0.05825962,0.0,0.18869106,714.68634,3.0
9438,,0.43832248,1.0,0.49633914,421.51886,3.0
9439,,0.13029313,,0.27310836,557.9932,3.0
9440,,0.4742671,0.0,0.5953629,434.19675,3.0
9441,,0.045089547,0.0,0.17844462,482.95737,3.0
9442,,0.03996224,,0.113862336,727.4734,3.0
9443,,,,,439.6186,3.0
9444,,,,,572.7201,3.0
9445,,0.33346796,0.0,0.41526577,27643.404,3.0
9446,,0.3861775,,0.5312382,30985.291,3.0
9447,,0.11218571,,0.23286979,1147.1641,3.0
9448,,0.7523778,,0.6770372,2154.4705,3.0
9449,,0.49766803,1.0,0.4960538,2506.0103,3.0
9450,,0.52089673,,0.53135777,1440.806,3.0
9451,,0.5040739,1.0,0.55016047,1509.6002,3.0
9452,,0.35638636,1.0,0.366397,1795.8447,3.0
9453,,0.4011204,1.0,0.4744103,1900.3281,3.0
9454,,0.47008395,1.0,0.49256942,1500.3623,3.0
9455,,0.50320125,0.0,0.5649649,1449.6638,3.0
9456,1.0,0.30109647,1.0,0.33379063,2214.9248,3.0
9457,,0.017284876,0.0,0.12966582,1558.643,3.0
9458,,0.261797,0.0,0.38053975,69335.82,3.0
9459,,0.18502443,,0.32217443,2335.5127,3.0
9460,,0.10997284,,0.19709443,2907.0317,3.0
9461,,0.3249169,1.0,0.34817117,2466.4685,3.0
9462,,0.6148109,,0.10985327,634.93835,3.0
9463,,0.1242284,1.0,0.24042335,3294.523,3.0
9464,,0.8254378,1.0,0.5576533,1860.2749,3.0
9465,,,,,2558.728,3.0
9466,,0.44090798,1.0,0.3755744,3061.09,3.0
9467,,0.11492584,0.0,0.21019967,3044.467,3.0
9468,,0.32369438,1.0,0.27342895,3279.8638,3.0
9469,,0.26361156,1.0,0.35496214,3175.8306,3.0
9470,,0.30018032,,0.23066807,65727.72,3.0
9471,0.0,,0.0,,5054.608,3.0
9472,,0.43078303,,0.31083545,5204.34,3.0
9473,,0.7455174,1.0,0.64482963,4694.064,3.0
9474,,0.8023786,,0.6894645,3158.9683,3.0
9475,,0.9015027,1.0,0.7461553,2374.565,3.0
9476,,0.7868528,1.0,0.41801846,1367.6088,3.0
9477,,,,,2481.8699,3.0
9478,,0.687292,1.0,0.78677624,2800.1833,3.0
9479,,,,,4491.5093,3.0
9480,,0.46404812,,0.34904152,4834.6616,3.0
9481,,,,,2774.1702,3.0
9482,,0.2822807,0.0,0.250852,24142.596,3.0
9483,,0.5577308,,0.46550325,4501.0234,3.0
9484,,0.6885301,,0.55411613,4570.84,3.0
9485,,0.7306096,,0.6291504,4210.5493,3.0
9486,,0.14144847,,0.24440433,4374.318,3.0
9487,,0.6205629,0.0,0.50521135,4776.606,3.0
9488,,0.43748963,1.0,0.4308626,3996.9656,3.0
9489,1.0,0.81010383,1.0,0.6847122,4506.271,3.0
9490,,0.57105756,1.0,0.5180432,4029.09,3.0
9491,,,,,3010.1157,3.0
9492,0.0,0.6541012,0.0,0.5857003,2879.3804,3.0
9493,,,,,4533.7935,3.0
9494,,,,,43250.156,3.0
9495,,,,,5772.999,3.0
9496,1.0,0.5869178,1.0,0.5240132,6997.978,3.0
9497,,0.86451346,,0.77822846,8552.87,3.0
9498,,0.93297225,,0.84574586,7316.196,3.0
9499,1.0,0.52847666,1.0,0.41523042,8616.88,3.0
9500,1.0,0.70539546,1.0,0.56694376,7587.833,3.0
9501,,,,,4155.6465,3.0
9502,1.0,0.7612171,1.0,0.65510535,7720.119,3.0
9503,1.0,0.8339904,1.0,0.7187177,6957.2,3.0
9504,,,,,6559.232,3.0
9505,,,,,6659.188,3.0
9506,,,,,235.30688,3.0
9507,,0.58947086,,0.42352444,266.76624,3.0
9508,,0.4700588,,0.7990104,180.70085,3.0
9509,1.0,0.48391843,1.0,0.5676982,228.84398,3.0
9510,,,,,135.99992,3.0
9511,,,,,151.73842,3.0
9512,0.0,0.44937843,0.0,0.62003154,185.25705,3.0
9513,0.0,0.47517046,0.0,0.5834318,241.00673,3.0
9514,1.0,0.56248593,1.0,0.6179711,186.32623,3.0
9515,0.0,0.37003452,0.0,0.48696303,180.96396,3.0
9516,,,,,26558.15,3.0
9517,,0.47771835,,0.7035526,380.88434,3.0
9518,,0.18192391,,0.767989,174.81383,3.0
9519,,,,,278.21573,3.0
9520,,0.30063152,,0.36074713,502.19275,3.0
9521,1.0,0.49795172,1.0,0.63892704,285.34576,3.0
9522,1.0,0.5355929,1.0,0.56071264,398.3449,3.0
9523,1.0,0.41302073,1.0,0.7527688,278.90747,3.0
9524,,,,,402.3678,3.0
9525,1.0,0.5713736,1.0,0.69882464,339.03937,3.0
9526,1.0,0.3065056,1.0,0.35152978,389.68228,3.0
9527,,0.45685315,,0.6096976,337.276,3.0
9528,,0.30373958,,0.25811934,18195.166,3.0
9529,,,,,295.78696,3.0
9530,1.0,0.50713044,1.0,0.38321516,393.23413,3.0
9531,,0.4697162,,0.31662115,397.9442,3.0
9532,1.0,0.4612411,1.0,0.49577114,319.7095,3.0
9533,,0.23802517,1.0,0.46408916,324.6909,3.0
9534,,0.39069954,1.0,0.5679518,220.50026,3.0
9535,,0.29498535,1.0,0.26664847,280.66403,3.0
9536,,0.38262764,,0.49919447,406.79202,3.0
9537,,,,,296.0532,3.0
9538,,0.37662783,,0.28428897,32717.355,3.0
9539,,0.26132306,,0.17170337,557.5171,3.0
9540,,0.49295306,,0.7079064,417.9559,3.0
9541,,0.26382136,,0.57283705,198.34483,3.0
9542,0.0,0.50396943,0.0,0.6136093,806.1144,3.0
9543,,,,,683.095,3.0
9544,1.0,0.44817993,1.0,0.51482046,628.6226,3.0
9545,1.0,0.42615226,1.0,0.66841674,616.0872,3.0
9546,0.0,0.4021867,0.0,0.582191,652.82245,3.0
9547,1.0,0.39491132,1.0,0.6812466,472.4871,3.0
9548,,,,,175.43242,3.0
9549,,0.5781885,,0.44896862,320.83887,3.0
9550,,0.47905672,,0.4799065,285.9367,3.0
9551,1.0,0.54898256,1.0,0.51496077,623.22125,3.0
9552,,,,,436.61258,3.0
9553,,,,,338.87466,3.0
9554,1.0,0.35533804,1.0,0.36387345,474.15598,3.0
9555,,0.35473523,0.0,0.28332433,440.8226,3.0
9556,0.0,0.27300906,0.0,0.45759675,498.44443,3.0
9557,1.0,0.42857713,1.0,0.5435162,496.38617,3.0
9558,,0.2999269,,0.27930808,28765.086,3.0
9559,,0.5658372,,0.787093,679.20636,3.0
9560,,,,,432.9039,3.0
9561,0.0,0.57029986,0.0,0.37995484,900.92755,3.0
9562,,,,,527.1116,3.0
9563,,,,,756.941,3.0
9564,0.0,0.35464963,0.0,0.6058844,478.1659,3.0
9565,0.0,0.4587399,0.0,0.326789,958.16125,3.0
9566,,0.52298546,1.0,0.8273096,9586.383,3.0
9567,,,,,300.88263,3.0
9568,,,,,376.19006,3.0
9569,,,,,298.13434,3.0
9570,0.0,0.29622543,0.0,0.36779755,271.4732,3.0
9571,0.0,0.4586102,0.0,0.37879398,430.2393,3.0
9572,,0.31553325,1.0,0.44270945,316.445,3.0
9573,,0.48500252,1.0,0.4613649,311.0867,3.0
9574,1.0,0.55711627,1.0,0.63918495,370.51636,3.0
9575,0.0,0.5281872,0.0,0.4558735,459.72998,3.0
9576,,,,,427.42633,3.0
9577,,0.4423592,,0.25093144,9672.851,3.0
9578,,0.3578762,,0.19289845,9269.148,3.0
9579,,0.37865448,,0.3209925,216.22014,3.0
9580,,0.4585096,,0.67054087,126.95583,3.0
9581,,,,,166.18289,3.0
9582,,0.2701117,,0.4345751,34.799793,3.0
9583,0.0,0.46471587,0.0,0.3808538,428.30627,3.0
9584,0.0,0.31978384,0.0,0.33144704,358.40207,3.0
9585,1.0,0.48753396,1.0,0.77754635,287.88672,3.0
9586,,,,,458.5706,3.0
9587,0.0,0.35212258,0.0,0.38826132,323.7686,3.0
9588,0.0,0.32927,0.0,0.41441655,350.56433,3.0
9589,1.0,0.31498426,1.0,0.44386262,321.50204,3.0
9590,,0.2979376,,0.20598952,19743.342,3.0
9591,,0.4438457,,0.78548527,168.375,3.0
9592,,0.44120207,,0.6312477,289.57214,3.0
9593,,0.41019535,,0.34420264,417.28177,3.0
9594,,,,,288.8473,3.0
9595,,0.49968648,1.0,0.6353523,380.31494,3.0
9596,,,,,362.55734,3.0
9597,1.0,0.4383354,1.0,0.40771466,392.45224,3.0
9598,1.0,0.42325088,1.0,0.50638676,303.2988,3.0
9599,0.0,0.39568534,0.0,0.6802285,258.7052,3.0
9600,,,,,412.07812,3.0
9601,,0.4276156,,0.3212205,22018.453,3.0
9602,,0.18597996,,0.2533577,265.40552,3.0
9603,,0.48251566,,0.5702298,435.4725,3.0
9604,,0.36873093,,0.48898572,356.77588,3.0
9605,,0.26525447,,0.346909,411.73376,3.0
9606,1.0,0.3664552,1.0,0.29374126,651.6279,3.0
9607,,0.33969396,,0.3936985,545.7676,3.0
9608,1.0,0.3551293,1.0,0.3849674,384.88016,3.0
9609,1.0,0.45971704,1.0,0.81099933,372.60486,3.0
9610,0.0,0.46274695,0.0,0.6014982,482.94366,3.0
9611,0.0,0.51419306,0.0,0.5124635,506.9934,3.0
9612,1.0,0.41441062,1.0,0.6552929,336.00308,3.0
9613,,0.41784415,1.0,0.51657385,268.12906,3.0
9614,1.0,0.44750842,1.0,0.37869468,318.2953,3.0
9615,0.0,0.40102157,0.0,0.44106284,169.56973,3.0
9616,,0.26096648,1.0,0.31015065,297.21033,3.0
9617,0.0,,0.0,,242.0435,3.0
9618,1.0,0.48070714,1.0,0.46755505,372.03314,3.0
9619,1.0,0.42555848,1.0,0.4676807,310.10706,3.0
9620,0.0,0.56416935,0.0,0.39082465,369.40686,3.0
9621,,0.5878414,1.0,0.67205644,298.29166,3.0
9622,,0.14797287,,0.15190834,331.6227,3.0
9623,,0.5814497,,0.36039916,33466.617,3.0
9624,,0.4696881,,0.48349735,226.69072,3.0
9625,,0.3998466,,0.6600503,105.936905,3.0
9626,,,,,74.37389,3.0
9627,,0.3433039,,0.58521205,131.99174,3.0
9628,,0.47509235,,0.58357155,190.62616,3.0
9629,,0.4381826,,0.39516932,263.7148,3.0
9630,,,,,980.6289,3.0
9631,1.0,0.37526265,1.0,0.5238277,533.71436,3.0
9632,,,,,1201.5399,3.0
9633,0.0,0.42257097,0.0,0.60680515,852.06445,3.0
9634,,0.35317674,,0.39771724,11748.559,3.0
9635,,0.1558435,,0.20308857,207.19377,3.0
9636,,0.53359354,,0.56280416,195.71394,3.0
9637,1.0,0.53243774,1.0,0.56534886,171.82898,3.0
9638,,0.5029814,,0.5330275,197.41214,3.0
9639,,0.43409902,0.0,0.40248567,248.1243,3.0
9640,,0.39123616,1.0,0.5796662,75.38752,3.0
9641,0.0,0.3384132,0.0,0.3049699,190.61383,3.0
9642,,0.22208358,,0.19113621,250.97359,3.0
9643,,,,,255.52887,3.0
9644,,0.43714863,1.0,0.48034903,148.4582,3.0
9645,,0.5911701,,0.4792145,253.82672,3.0
9646,,0.43038142,,0.31766927,32909.08,3.0
9647,,,,,1028.9435,3.0
9648,,0.61426944,,0.77015936,835.07446,3.0
9649,,,,,336.7443,3.0
9650,1.0,0.57568175,1.0,0.45463723,428.07516,3.0
9651,,,,,307.62225,3.0
9652,0.0,0.38805565,0.0,0.45523676,203.18614,3.0
9653,,,,,319.05606,3.0
9654,,,,,136.24596,3.0
9655,,,,,242.32768,3.0
9656,,,,,7493.029,3.0
9657,,,,,8738.912,3.0
9658,,,,,558.18646,3.0
9659,,0.40108457,,0.2627008,790.6752,3.0
9660,,0.32868356,,0.3260691,721.7076,3.0
9661,,,,,668.3815,3.0
9662,,,,,152.50272,3.0
9663,,0.28680554,1.0,0.71413285,103.47477,3.0
9664,,,,,236.61798,3.0
9665,,0.31481665,,0.24777362,225.90665,3.0
9666,1.0,0.4433869,1.0,0.62825984,132.87665,3.0
9667,0.0,0.5412914,0.0,0.43198398,222.34235,3.0
9668,,0.14606951,,0.15398453,28598.193,3.0
9669,,0.3900617,1.0,0.2664508,9037.291,3.0
9670,,,,,8889.573,3.0
9671,,0.268629,,0.19124109,8027.1465,3.0
9672,,0.3805469,1.0,0.52236974,5595.923,3.0
9673,,0.21023768,,0.33543882,7010.773,3.0
9674,,0.11206247,0.0,0.24359606,9028.781,3.0
9675,,0.26500532,,0.4075974,103.711105,3.0
9676,,,,,535.49054,3.0
9677,,0.40686196,,0.5072885,411.944,3.0
9678,,0.46221972,,0.3761151,537.93225,3.0
9679,,,,,435.42334,3.0
9680,,0.33750686,1.0,0.38013014,381.20676,3.0
9681,,,,,461.3706,3.0
9682,,0.35121238,,0.22561619,524.2823,3.0
9683,,0.4895501,0.0,0.45525622,487.45663,3.0
9684,,0.35712036,1.0,0.4792167,425.35968,3.0
9685,,,,,351.47644,3.0
9686,,,,,34749.63,3.0
9687,,,,,367.07306,3.0
9688,,,,,438.01566,3.0
9689,,,,,594.1289,3.0
9690,,,,,520.2208,3.0
9691,,,,,596.087,3.0
9692,,0.27821362,1.0,0.80496174,305.57602,3.0
9693,,,,,541.6973,3.0
9694,,0.36277404,,0.46760362,289.41385,3.0
9695,,,,,289.00394,3.0
9696,,0.30684227,1.0,0.51849884,245.35748,3.0
9697,,,,,287.48178,3.0
9698,,,,,563.3608,3.0
9699,,,,,411.98987,3.0
9700,,0.4915014,1.0,0.7930255,461.89374,3.0
9701,,,,,771.2028,3.0
9702,1.0,0.34954712,1.0,0.4949346,617.4585,3.0
9703,,0.4211062,1.0,0.61874247,535.1313,3.0
9704,,0.3656115,,0.46181747,56732.914,3.0
9705,,0.35021532,0.0,0.5836945,186.90773,3.0
9706,,,,,282.41333,3.0
9707,,0.49812034,0.0,0.79378766,197.33116,3.0
9708,,0.3721633,0.0,0.5852008,278.55765,3.0
9709,0.0,0.38671196,0.0,0.76377994,171.25275,3.0
9710,,0.42296872,0.0,0.7756106,189.2104,3.0
9711,,0.3374414,0.0,0.60955626,233.69725,3.0
9712,,,,,223.25626,3.0
9713,,0.24392298,1.0,0.4279164,8463.389,3.0
9714,,,,,14863.861,3.0
9715,,0.27966854,,0.5323657,17091.086,3.0
9716,,0.37905604,,0.4348123,15363.924,3.0
9717,,,,,935.2119,3.0
9718,,0.6413326,,0.7849106,1103.4113,3.0
9719,,0.56827813,,0.50656426,1004.93195,3.0
9720,,,,,914.0573,3.0
9721,,0.2947058,,0.5844032,962.2267,3.0
9722,,,0.0,,798.653,3.0
9723,,0.4049814,1.0,0.6338799,1328.0453,3.0
9724,,0.5085956,1.0,0.5359253,1261.6761,3.0
9725,,0.40765586,1.0,0.73899823,584.70447,3.0
9726,,,,,411.46835,3.0
9727,1.0,0.5505962,1.0,0.7986123,842.2223,3.0
9728,,,,,45677.574,3.0
9729,,0.3822245,,0.64568204,461.19638,3.0
9730,,0.34295225,,0.69854057,399.80878,3.0
9731,,,,,552.0267,3.0
9732,,,,,547.4645,3.0
9733,1.0,0.48350316,1.0,0.46667296,631.8823,3.0
9734,,0.51883554,,0.517849,531.7521,3.0
9735,,0.20234299,,0.3504912,435.9939,3.0
9736,,0.52099574,0.0,0.83319324,397.62766,3.0
9737,,,,,577.0238,3.0
9738,,,,,564.90814,3.0
9739,,0.26457387,0.0,0.1957248,23901.049,3.0
9740,,0.39730203,0.0,0.73600847,10060.832,3.0
9741,,0.37654456,,0.57421225,714.37683,3.0
9742,,0.5337984,,0.87995076,517.76794,3.0
9743,,,,,404.84476,3.0
9744,,0.16858074,,0.48191524,600.1287,3.0
9745,,,,,176.0095,3.0
9746,0.0,0.27544922,0.0,0.45761713,947.18787,3.0
9747,0.0,0.28819385,0.0,0.5071337,1297.583,3.0
9748,,0.44433618,,0.83916,994.7882,3.0
9749,1.0,0.5995471,1.0,0.8525611,1331.9656,3.0
9750,,0.475655,0.0,0.7476473,1502.8542,3.0
9751,,,,,1074.9819,3.0
9752,,0.36459866,,0.46387953,4297.1343,3.0
9753,,0.4438382,,0.6870092,2919.9307,3.0
9754,,,,,3319.0945,3.0
9755,,0.2771211,,0.36350292,5204.9053,3.0
9756,,0.44017807,0.0,0.6930349,1223.9958,3.0
9757,0.0,0.42210755,0.0,0.79323846,1304.7678,3.0
9758,,0.5571251,0.0,0.6928523,2140.4844,3.0
9759,0.0,0.47794992,0.0,0.7425385,2108.7573,3.0
9760,,,,,1938.0015,3.0
9761,0.0,0.3148332,0.0,0.49283648,1868.5664,3.0
9762,,0.33552012,,0.6588232,1210.8738,3.0
9763,0.0,0.3948992,0.0,0.52803355,2160.8757,3.0
9764,,0.51409644,,0.65366447,198.18524,3.0
9765,,,,,164.72783,3.0
9766,,0.39598095,,0.52295816,235.4366,3.0
9767,,,,,175.24419,3.0
9768,,,,,355.66672,3.0
9769,,0.4213277,0.0,0.72318137,329.70605,3.0
9770,,0.32243773,1.0,0.6341873,224.38403,3.0
9771,,,,,296.0544,3.0
9772,,0.36332792,1.0,0.6889057,294.38324,3.0
9773,1.0,0.44996622,1.0,0.68905354,318.9493,3.0
9774,,,,,462.62262,3.0
9775,,0.49457595,,0.80049115,770.8967,3.0
9776,,0.3628208,,0.46750817,1181.0535,3.0
9777,,0.50985545,,0.8534261,916.1614,3.0
9778,,,,,342.32538,3.0
9779,,0.6091191,0.0,0.61279327,945.6898,2.0
9780,0.0,0.47338665,0.0,0.7445468,568.40076,3.0
9781,,0.37440985,1.0,0.78237236,435.0696,3.0
9782,,,,,605.7794,3.0
9783,,0.52896625,0.0,0.627629,671.7902,3.0
9784,,0.3673636,0.0,0.6797134,487.41718,3.0
9785,,,,,586.76434,3.0
9786,,0.46937358,1.0,0.7612951,664.5448,3.0
9787,,,,,3106.8584,3.0
9788,,0.48976895,,0.8962929,2697.2412,3.0
9789,,,,,688.1241,3.0
9790,,,,,428.39926,3.0
9791,,,,,314.7417,3.0
9792,,,,,583.46423,3.0
9793,,,,,473.93735,3.0
9794,,,,,115.70437,3.0
9795,,,,,405.86737,3.0
9796,,,,,507.19632,3.0
9797,1.0,0.36400464,1.0,0.51564133,15046.642,3.0
9798,,0.488834,0.0,0.61211216,15002.919,3.0
9799,,0.37987044,,0.6511684,733.38525,3.0
9800,,,,,1149.0731,3.0
9801,,,,,660.16815,3.0
9802,,,,,601.5532,3.0
9803,,,,,528.0664,3.0
9804,,,,,861.5426,3.0
9805,,,,,824.3703,3.0
9806,,0.43892646,,0.8029447,662.6502,3.0
9807,,0.17843209,,0.6048177,885.13696,3.0
9808,,0.36646467,1.0,0.6956277,236.17926,3.0
9809,,,,,43862.676,3.0
9810,,0.23714127,,0.5282273,787.22864,3.0
9811,,0.39607003,,0.52508974,1473.183,3.0
9812,,0.32390618,,0.5702852,412.1612,3.0
9813,,,,,446.66525,3.0
9814,,0.38585094,1.0,0.5376395,531.58026,3.0
9815,0.0,0.094135284,0.0,0.31918472,513.3336,3.0
9816,0.0,0.48148343,0.0,0.4704968,661.32935,3.0
9817,,,,,421.282,3.0
9818,,,,,590.61383,3.0
9819,,0.3809486,1.0,0.7548103,306.29993,3.0
9820,1.0,0.3747421,1.0,0.7664001,253.47997,3.0
9821,,,,,508.53253,3.0
9822,,0.24812345,,0.61439425,87.45278,3.0
9823,,0.4460792,,0.8363556,305.81253,3.0
9824,,0.5487114,,0.77302194,339.31058,3.0
9825,1.0,0.37616172,1.0,0.6639493,347.37674,3.0
9826,,,,,238.12024,3.0
9827,0.0,0.43160477,0.0,0.85854214,177.8987,3.0
9828,,,,,70.02344,3.0
9829,0.0,0.45725158,0.0,0.322741,367.76898,3.0
9830,1.0,0.46805432,1.0,0.75595784,268.47845,3.0
9831,,,1.0,,285.68478,3.0
9832,1.0,0.32417446,1.0,0.6297355,218.31235,3.0
9833,,0.5488341,1.0,0.7820803,246.29515,3.0
9834,,,,,275.2355,3.0
9835,,0.71993834,,0.83332664,178.23051,3.0
9836,,0.7349483,,0.8557484,223.36018,3.0
9837,0.0,0.6298678,0.0,0.8177254,100.31367,3.0
9838,,,,,108.77153,3.0
9839,,,,,142.7137,3.0
9840,0.0,0.57150257,0.0,0.74266344,105.04827,3.0
9841,,,,,125.743095,3.0
9842,,0.59809107,,0.8150579,85.57867,3.0
9843,,,,,140.64987,3.0
9844,,0.19193593,,0.38379622,24602.115,3.0
9845,,0.68699867,,0.7095089,316.37094,3.0
9846,,0.29684538,,0.609551,198.0395,3.0
9847,,,,,345.47858,3.0
9848,1.0,0.5454479,1.0,0.7308179,170.5607,3.0
9849,0.0,0.20086488,0.0,0.45143214,175.71236,3.0
9850,0.0,0.41765362,0.0,0.6026763,193.37532,3.0
9851,,,,,176.8218,3.0
9852,0.0,0.40378925,0.0,0.5979923,214.18765,3.0
9853,0.0,0.7034327,0.0,0.8471728,149.49904,3.0
9854,1.0,0.4825355,1.0,0.7775528,115.21015,3.0
9855,,0.6753325,,0.7872452,262.98645,3.0
9856,,0.5925658,,0.7008502,359.4804,3.0
9857,,0.694026,,0.81721854,364.9669,3.0
9858,,0.67557263,,0.7266051,420.68414,3.0
9859,,0.88592523,1.0,0.9009746,227.58435,3.0
9860,,,,,216.10764,3.0
9861,,,,,289.81583,3.0
9862,,,,,181.99098,3.0
9863,,0.6982447,0.0,0.8023762,261.03046,3.0
9864,0.0,0.84284496,0.0,0.8564048,263.4292,3.0
9865,,,,,216.73445,3.0
9866,,0.4863637,,0.48895904,16602.969,3.0
9867,,0.5027993,,0.7738824,187.26227,3.0
9868,,0.40529037,,0.6306628,153.49567,3.0
9869,,0.6127203,,0.7680551,182.92993,3.0
9870,,0.6911017,0.0,0.8094225,179.11717,3.0
9871,,0.6209332,,0.8245947,180.10374,3.0
9872,1.0,0.69901323,1.0,0.81352425,148.96332,3.0
9873,,0.6258317,0.0,0.77509534,139.00066,3.0
9874,,0.4878908,,0.67533034,116.21223,3.0
9875,,0.42103088,,0.70449656,133.2955,3.0
9876,,0.2824312,0.0,0.70023423,148.19475,3.0
9877,1.0,0.7852734,1.0,0.87827635,102.01322,3.0
9878,,0.5921417,0.0,0.5837336,154.1255,3.0
9879,,,,,24082.605,3.0
9880,,,,,19511.23,3.0
9881,,,,,20834.408,3.0
9882,,,,,20826.602,3.0
9883,0.0,0.2930843,0.0,0.6223948,7121.3145,3.0
9884,,,,,23685.299,3.0
9885,,0.8635856,,0.83835167,126.867615,3.0
9886,,0.9125875,,0.91048354,123.14366,3.0
9887,,0.8524779,,0.90039563,134.42805,3.0
9888,,,,,100.45099,3.0
9889,,,,,226.43082,3.0
9890,,,,,208.83603,3.0
9891,,,,,194.73645,3.0
9892,,,,,192.2474,3.0
9893,,0.8040328,,0.724147,229.3699,3.0
9894,1.0,0.8432518,1.0,0.8764042,132.69774,3.0
9895,0.0,0.82650363,0.0,0.8408297,181.39102,3.0
9896,0.0,0.7901137,0.0,0.7890798,224.89835,3.0
9897,,0.6176484,,0.7707083,368.2131,3.0
9898,,0.69218975,,0.68396646,96.28642,3.0
9899,0.0,0.7285258,0.0,0.904023,87.58173,3.0
9900,0.0,0.58549297,0.0,0.77049774,120.45447,3.0
9901,,,,,112.24865,3.0
9902,0.0,0.42525896,0.0,0.65272,113.39068,3.0
9903,1.0,0.7177622,1.0,0.7272175,110.27022,3.0
9904,,,,,109.16276,3.0
9905,1.0,0.43431395,1.0,0.66447693,68.63086,3.0
9906,0.0,0.41354468,0.0,0.5997627,158.55717,3.0
9907,,,,,3492.8376,3.0
9908,,,,,4149.0903,3.0
9909,,,,,13559.741,3.0
9910,,,,,13920.949,3.0
9911,,,,,14742.9375,3.0
9912,,0.64640534,,0.7635405,91.88297,3.0
9913,,0.55402106,,0.6923697,107.50777,3.0
9914,,0.60683566,,0.7648755,96.04109,3.0
9915,,,,,71.9823,3.0
9916,,0.589533,,0.6985537,92.96934,3.0
9917,,0.3957938,,0.4526303,113.924385,3.0
9918,,0.38872832,,0.5894039,146.56491,3.0
9919,,0.56409407,0.0,0.7393871,125.919525,3.0
9920,,0.23380643,,0.47871283,111.59251,3.0
9921,0.0,0.55317366,0.0,0.73453164,124.27026,3.0
9922,,,,,11760.713,3.0
9923,,,,,107.23748,3.0
9924,,,,,144.27522,3.0
9925,,,,,89.548744,3.0
9926,,,,,6897.1997,3.0
9927,,0.0769902,0.0,0.33763966,6326.4683,3.0
9928,,0.20266618,0.0,0.39289877,7681.8696,3.0
9929,,,,,7154.815,3.0
9930,,,,,7588.267,3.0
9931,,0.68629277,,0.7945114,372.60324,3.0
9932,,0.6556454,,0.77405435,356.36282,3.0
9933,,0.5925404,,0.71442336,358.5417,3.0
9934,,0.53704953,,0.65799874,290.7173,3.0
9935,,,,,218.47688,3.0
9936,0.0,0.4337546,0.0,0.6146145,211.07109,3.0
9937,1.0,0.77038366,1.0,0.8795965,169.75848,3.0
9938,,0.30527037,1.0,0.59705186,161.61055,3.0
9939,1.0,0.4882994,1.0,0.67119807,195.81003,3.0
9940,,,,,250.28752,3.0
9941,,,,,7000.683,3.0
9942,,,,,4911.8633,3.0
9943,,,,,3875.4116,3.0
9944,,,,,4013.3748,3.0
9945,,,,,4449.918,3.0
9946,,0.22973345,,0.4972173,2792.652,3.0
9947,,0.63329154,,0.45575088,92.273964,3.0
9948,,0.4686859,,0.693246,170.94135,3.0
9949,1.0,0.7802995,1.0,0.8853841,348.47507,3.0
9950,,0.34230375,,0.5945029,431.49677,3.0
9951,,0.5432157,0.0,0.73007435,541.87146,3.0
9952,0.0,0.771938,0.0,0.8266297,466.8436,3.0
9953,,0.1984345,,0.49251857,89.46394,3.0
9954,,0.71809417,,0.8523225,134.87332,3.0
9955,,0.7073861,,0.8523544,151.46881,3.0
9956,,0.5586218,,0.7016438,117.26175,3.0
9957,,0.41938218,,0.60671407,131.0814,3.0
9958,,,,,127.94791,3.0
9959,,,,,110.04996,3.0
9960,,0.40850186,,0.64144975,70.1568,3.0
9961,,0.36409348,,0.5451681,133.51212,3.0
9962,,0.40244514,1.0,0.56172734,130.89034,3.0
9963,,,,,31593.16,3.0
9964,,0.68953574,,0.8445258,145.71635,3.0
9965,,0.6413698,,0.78336614,172.19571,3.0
9966,,0.55732554,,0.73638153,176.52074,3.0
9967,,,,,180.346,3.0
9968,,,,,290.33765,3.0
9969,,,,,232.31343,3.0
9970,1.0,0.65380687,1.0,0.78993595,188.18419,3.0
9971,0.0,0.56468314,0.0,0.73964816,147.74918,3.0
9972,,0.29433867,,0.5198818,184.43561,3.0
9973,,,,,229.34329,3.0
9974,1.0,0.49219003,1.0,0.6531601,195.27315,3.0
9975,,,,,234.75208,3.0
9976,,0.3946872,,0.53354704,256.85953,3.0
9977,,0.39323425,,0.51464677,289.46292,3.0
9978,,,,,280.53354,
9979,,0.420894,,0.8162021,172.20532,3.0
9980,,0.3913697,,0.51844776,1137.8505,3.0
9981,,0.40819088,,0.5178777,1112.7964,3.0
9982,,0.17556807,,0.58834153,971.8517,3.0
9983,,0.3876943,,0.52595294,1213.4551,3.0
9984,,0.44816092,1.0,0.67112243,1042.473,3.0
9985,,0.12968262,,0.29559347,55173.062,3.0
9986,,,,,516.3339,3.0
9987,,0.1723212,,0.83280843,308.83118,3.0
9988,,0.41393468,0.0,0.47282875,1026.3114,3.0
9989,,0.4551639,,0.5601747,712.42285,3.0
9990,,0.21780813,,0.37167615,628.32184,3.0
9991,1.0,0.3375389,1.0,0.6913954,255.02162,3.0
9992,,0.298481,,0.5164555,510.01306,3.0
9993,0.0,0.39993522,0.0,0.590995,473.03845,3.0
9994,0.0,0.2886563,0.0,0.4302319,436.65994,3.0
9995,,0.43731517,,0.5872369,435.38226,3.0
9996,0.0,0.34413633,0.0,0.58628416,417.57648,3.0
9997,,0.37774557,,0.75256556,186.62454,3.0
9998,,0.15509905,,0.35418525,343.03696,3.0
9999,,0.35538045,,0.47634998,331.09644,3.0
10000,,0.46192318,,0.7392549,271.30872,3.0
10001,,,,,244.64601,3.0
10002,0.0,0.41469726,0.0,0.72688353,430.65237,3.0
10003,,0.39901456,,0.7159757,314.98355,3.0
10004,,0.37778038,1.0,0.6340309,408.09744,3.0
10005,,0.5257498,,0.80003345,312.03564,3.0
10006,,0.36421463,1.0,0.77401394,251.10342,3.0
10007,,0.364668,,0.76327574,150.01923,3.0
10008,,0.39887694,,0.63581514,209.52533,3.0
10009,,0.37128386,,0.29708615,313.9597,3.0
10010,,0.42170778,,0.8027222,254.28476,3.0
10011,,0.40418333,,0.636668,263.55356,3.0
10012,,0.18219453,,0.39388534,584.0173,3.0
10013,0.0,,0.0,,679.6259,3.0
10014,1.0,0.43480185,1.0,0.5910273,738.07526,3.0
10015,,,,,696.77075,3.0
10016,,0.37503162,,0.7375872,50239.47,3.0
10017,,0.31271482,,0.35379934,814.8047,3.0
10018,1.0,0.4362227,1.0,0.7865018,671.7614,3.0
10019,,0.4356337,,0.6952006,4605.605,3.0
10020,,0.3468225,,0.38014245,5725.1255,3.0
10021,,0.18347633,,0.38212675,7041.96,3.0
10022,,0.508515,,0.6460112,5686.5225,3.0
10023,,0.44156143,1.0,0.6824977,5971.8193,3.0
10024,,0.3941608,,0.6513466,6046.7314,3.0
10025,,0.41188148,,0.66124284,647.2064,3.0
10026,,0.48928162,,0.7829319,807.5857,3.0
10027,,0.50331146,,0.67904365,568.4073,3.0
10028,,0.48585975,,0.64640373,631.8769,3.0
10029,0.0,0.5467644,0.0,0.71635985,771.8541,3.0
10030,,,,,188.79205,3.0
10031,,0.54058784,,0.73220605,853.0338,3.0
10032,,0.38244334,,0.4018323,206.67036,3.0
10033,,0.52744186,,0.6881255,670.8527,3.0
10034,,0.2634365,,0.2855832,906.36426,3.0
10035,,0.2145967,,0.38217983,31421.967,3.0
10036,,0.29419535,,0.42018712,607.71967,3.0
10037,,0.4796189,,0.3729962,870.861,3.0
10038,0.0,0.41591558,0.0,0.61735,1133.2922,3.0
10039,,,,,1515.8732,3.0
10040,,,,,1314.51,3.0
10041,1.0,0.42475134,1.0,0.6077257,858.0031,3.0
10042,,,,,81084.08,3.0
10043,,,,,78845.08,3.0
10044,,0.27669594,,0.34929535,71768.61,3.0
10045,,0.35212445,,0.696359,188.52666,3.0
10046,,,,,211.48009,3.0
10047,,0.40748504,,0.70795,448.8183,3.0
10048,,0.4317943,,0.5955557,388.29343,3.0
10049,0.0,0.478974,0.0,0.3736723,437.82947,3.0
10050,,0.42488888,,0.6059191,445.87442,3.0
10051,0.0,,0.0,,426.99567,3.0
10052,1.0,0.4257317,1.0,0.70815176,348.40607,3.0
10053,0.0,0.18361036,0.0,0.4174925,283.74,3.0
10054,,,,,417.51706,3.0
10055,,0.15085599,,0.26000127,416.31775,3.0
10056,,0.41612026,,0.619005,553.9037,3.0
10057,,0.19503433,,0.34815347,846.99207,3.0
10058,,0.4772672,,0.6190111,694.93555,3.0
10059,,0.3848906,,0.72923464,250.91011,3.0
10060,,0.40420526,,0.6300545,319.11075,3.0
10061,,0.30181804,,0.5087311,336.3145,3.0
10062,,0.5542871,,0.68225527,402.36902,3.0
10063,,0.4532891,,0.5135519,482.2885,3.0
10064,,0.359686,,0.6846841,286.00644,3.0
10065,,0.12023227,,0.234335,17979.94,3.0
10066,,0.1910897,,0.5355712,760.0206,3.0
10067,,0.4546786,,0.6597196,785.5748,3.0
10068,,0.35351685,,0.47946373,870.66504,3.0
10069,,0.5412207,,0.84733135,620.0613,3.0
10070,0.0,0.18018606,0.0,0.49119815,506.22937,3.0
10071,,0.4507776,,0.7637392,511.71243,3.0
10072,,0.4122035,,0.5757355,570.366,3.0
10073,,,,,523.0822,3.0
10074,,0.5462865,,0.7824198,536.73505,3.0
10075,0.0,0.41498435,0.0,0.6206935,557.73883,3.0
10076,0.0,0.45364326,0.0,0.6615418,656.2891,3.0
10077,,0.46123812,,0.74861145,262.65024,3.0
10078,,0.43371975,,0.46180618,403.55856,3.0
10079,,0.5208561,,0.7017862,317.1442,3.0
10080,,0.597916,,0.6860209,381.87784,3.0
10081,,0.42424455,0.0,0.5469831,894.14624,3.0
10082,,0.4546835,,0.6597107,719.431,3.0
10083,,0.30500782,,0.501389,774.646,3.0
10084,,0.38727236,1.0,0.6157006,538.48444,3.0
10085,,0.33393356,,0.6441602,769.56995,3.0
10086,0.0,0.6068025,0.0,0.6060293,847.3482,3.0
10087,,0.6410997,,0.7131791,1444.3457,3.0
10088,,0.44433236,,0.6777427,1587.7013,3.0
10089,,0.4413001,,0.6571958,580.43854,3.0
10090,,0.4626582,,0.7379075,474.7253,3.0
10091,0.0,0.2856047,0.0,0.54662997,630.58356,3.0
10092,,0.3233708,,0.6631566,624.4065,3.0
10093,,0.3470017,,0.69187516,464.60294,3.0
10094,,0.32905966,,0.4012768,496.96857,3.0
10095,,0.42737052,,0.70602566,394.4872,3.0
10096,,0.29535255,,0.5571045,384.78232,3.0
10097,,,,,13362.089,3.0
10098,,0.38402256,,0.3837716,11110.641,3.0
10099,,0.44474202,,0.8381858,97.949844,3.0
10100,,0.5251471,,0.69170547,262.88226,3.0
10101,,0.41909242,,0.61457944,349.52475,3.0
10102,,,,,283.4684,3.0
10103,0.0,0.15950269,0.0,0.24606076,371.9996,3.0
10104,,0.17797588,,0.2986873,380.92206,3.0
10105,0.0,0.29622477,0.0,0.8312675,185.77475,3.0
10106,,0.39459953,,0.7259069,247.7411,3.0
10107,0.0,0.4713016,0.0,0.81043726,303.96103,3.0
10108,,0.41640496,1.0,0.61858165,374.13675,3.0
10109,0.0,0.50671136,0.0,0.93020815,210.38641,3.0
10110,,0.23871873,,0.38940105,49443.516,3.0
10111,,0.10697538,,0.5319473,815.99506,3.0
10112,,0.4723214,,0.83038366,575.38385,3.0
10113,,0.5025696,,0.5715707,706.13464,3.0
10114,,0.30249935,,0.5071595,729.7437,3.0
10115,,0.38407663,,0.4930254,196.0558,3.0
10116,,0.37432858,,0.4452272,1221.6298,3.0
10117,0.0,0.5250354,0.0,0.61469173,960.8971,3.0
10118,0.0,0.4771758,0.0,0.4767875,1161.3171,3.0
10119,,,,,214.80156,3.0
10120,,0.16348247,,0.45258045,9680.109,3.0
10121,,0.11536826,,0.24385716,10253.244,3.0
10122,,,,,154.00322,3.0
10123,,0.4741228,,0.8062993,303.10196,3.0
10124,,,,,325.2573,3.0
10125,,0.55511343,,0.6808422,466.61295,3.0
10126,,,,,593.3029,3.0
10127,0.0,0.22289552,0.0,0.6586984,466.18524,3.0
10128,,0.39782065,0.0,0.6369556,330.05472,3.0
10129,,0.6898939,1.0,0.69535094,520.1032,3.0
10130,,0.81026375,,0.8201651,27835.834,3.0
10131,0.0,0.19488987,0.0,0.6511457,1523.3374,3.0
10132,,0.30977494,,0.5236188,1307.6993,3.0
10133,,0.46551615,1.0,0.65026003,1720.3389,3.0
10134,,0.24706541,,0.6751785,1536.6216,3.0
10135,,,,,913.21765,3.0
10136,1.0,0.21952641,1.0,0.4717403,2058.8303,3.0
10137,,0.23544921,,0.4163758,2394.7444,3.0
10138,,,,,1991.11,3.0
10139,,,,,3683.0107,3.0
10140,,,,,4871.698,3.0
10141,,,,,4275.9785,3.0
10142,,,,,2962.2925,3.0
10143,,,,,2328.7126,3.0
10144,,,,,105129.516,3.0
10145,,,,,1520.8695,3.0
10146,,0.5942164,,0.7928885,1557.0546,3.0
10147,,,,,1384.8442,3.0
10148,,,,,1531.4153,3.0
10149,,0.43859962,0.0,0.68353933,1301.0289,3.0
10150,,,,,146806.67,3.0
10151,,0.39056134,,0.5298719,133663.4,3.0
10152,,0.3964314,,0.4460839,2046.4106,3.0
10153,,0.60892224,,0.62677675,2116.5896,3.0
10154,,,,,1184.3347,3.0
10155,,,,,1821.0369,3.0
10156,,0.4228758,1.0,0.6140024,1326.9702,3.0
10157,,0.42574257,,0.5362451,44410.844,3.0
10158,,0.36240748,,0.5900609,36614.54,3.0
10159,,0.3503652,,0.5090454,40905.734,3.0
10160,,0.11123276,,0.32279232,53675.008,3.0
10161,,0.5104305,,0.5593386,43609.82,3.0
10162,,0.63486224,,0.70861197,43457.434,3.0
10163,,0.52960473,,0.6961357,6025.6934,3.0
10164,,0.25972214,,0.91975355,1720.4327,3.0
10165,0.0,0.46339816,0.0,0.672159,1085.9214,3.0
10166,,0.45074686,0.0,0.59394705,1530.8374,3.0
10167,0.0,0.68009585,0.0,0.75235105,1469.0464,3.0
10168,,,,,599.59845,3.0
10169,,0.54995155,1.0,0.71408594,1422.4175,3.0
10170,,,,,1383.1462,3.0
10171,,,,,1722.6837,3.0
10172,,0.5519414,1.0,0.7647399,1025.677,3.0
10173,,,,,1265.659,3.0
10174,,,,,1725.4119,3.0
10175,,,,,26030.596,3.0
10176,,,,,33380.1,3.0
10177,,0.49897945,,0.64120173,41671.14,3.0
10178,,,,,42172.906,3.0
10179,,0.14599082,,0.3328009,40486.074,3.0
10180,,,,,1509.3601,3.0
10181,,,,,70376.19,3.0
10182,1.0,0.5200878,1.0,0.6875598,2602.3337,3.0
10183,,,,,116106.93,3.0
10184,,0.26581442,,0.65854454,83947.69,3.0
10185,,0.26750058,,0.48398966,84857.59,3.0
10186,,,,,63901.56,3.0
10187,,0.5732458,,0.64042825,2905.6257,3.0
10188,,0.6386093,,0.71472555,1051.0908,3.0
10189,,,,,2504.9177,3.0
10190,,,,,2051.821,3.0
10191,0.0,0.51727474,0.0,0.69106245,3967.4316,3.0
10192,0.0,0.72266597,0.0,0.6361146,5779.667,3.0
10193,1.0,0.5928121,1.0,0.6999905,2799.6953,3.0
10194,,0.7200871,1.0,0.84259087,4138.7847,3.0
10195,,,,,3880.0225,3.0
10196,,,,,2815.136,3.0
10197,,0.71655506,,0.80046344,3669.5942,3.0
10198,,,,,2774.2485,3.0
10199,,0.5286072,,0.7836916,686.2478,3.0
10200,,0.5287117,,0.7465392,1141.4452,3.0
10201,,,,,24355.184,3.0
10202,,0.33981058,,0.551582,58414.1,3.0
10203,,,,,53739.613,3.0
10204,,0.29715616,,0.7420083,1122.5851,3.0
10205,0.0,0.24553758,0.0,0.4344512,8540.495,3.0
10206,0.0,0.55002433,0.0,0.7784112,2290.3193,3.0
10207,1.0,0.6790515,1.0,0.7920151,2389.7317,3.0
10208,,0.5584032,,0.6175397,3238.7224,3.0
10209,,,,,2300.4604,3.0
10210,,,,,1962.2507,3.0
10211,,0.45548412,1.0,0.52291083,4770.6167,3.0
10212,,0.40843898,,0.60861534,4126.836,3.0
10213,,0.6005785,1.0,0.78268266,2219.6477,3.0
10214,,,,,4528.361,3.0
10215,,,,,3767.3398,3.0
10216,,,,,3884.5486,3.0
10217,,0.64282006,1.0,0.80846727,3039.4465,3.0
10218,,,,,2753.506,3.0
10219,,0.79323435,,0.7916073,6984.892,3.0
10220,,,,,7138.8,3.0
10221,,,,,2787.3018,3.0
10222,,,,,2470.4841,3.0
10223,,0.66257304,1.0,0.87458676,2039.2982,3.0
10224,,,,,1826.5404,3.0
10225,,0.7397737,1.0,0.7724797,3708.1147,3.0
10226,,0.6065681,,0.73852164,2937.647,3.0
10227,0.0,0.7033447,0.0,0.8242071,2486.9849,3.0
10228,,,,,2095.1724,3.0
10229,,,,,1838.3411,3.0
10230,,0.32946613,,0.42316073,170480.89,3.0
10231,,0.67980474,,0.88423955,1081.0171,3.0
10232,,,,,1217.8333,3.0
10233,,,,,1229.7572,3.0
10234,,,,,985.0739,3.0
10235,,0.781873,,0.8318455,1848.5793,3.0
10236,,0.53535545,,0.8238407,338.13235,3.0
10237,,0.622183,1.0,0.8668479,1000.9931,3.0
10238,,0.37401733,,0.5900686,1311.9163,3.0
10239,,0.12781353,,0.36949518,1451.7831,3.0
10240,,0.33671862,,0.77997285,391.31427,3.0
10241,,0.5755299,,0.71776813,1841.5758,3.0
10242,,0.58039325,,0.7716388,1752.3856,3.0
10243,,,,,719.7244,3.0
10244,0.0,0.66915256,0.0,0.8392915,613.4959,3.0
10245,0.0,0.563315,0.0,0.74335885,593.9185,3.0
10246,0.0,0.3694918,0.0,0.45817393,806.35284,3.0
10247,,,,,1005.1034,3.0
10248,,,,,696.5152,3.0
10249,,0.55477417,,0.5670655,295.2149,3.0
10250,,,,,224.371,3.0
10251,,0.4299445,,0.611465,202.50696,3.0
10252,1.0,0.65340644,1.0,0.82415724,188.93527,3.0
10253,,,,,264.2947,3.0
10254,,0.6267537,,0.7605223,244.36638,3.0
10255,,,,,242.54048,3.0
10256,,0.66415983,,0.83457327,214.02942,3.0
10257,,0.39383703,0.0,0.7184263,195.80988,3.0
10258,,,,,272.52548,3.0
10259,1.0,0.73137623,1.0,0.83496374,196.26196,3.0
10260,0.0,0.36326417,0.0,0.4935875,254.15137,3.0
10261,,,,,302.53613,3.0
10262,,,,,215.00635,3.0
10263,,0.5664563,,0.5811144,436.0512,3.0
10264,,,,,405.20245,3.0
10265,,,,,208.70293,3.0
10266,,,0.0,,303.69873,3.0
10267,,0.39698088,1.0,0.5856614,309.1349,3.0
10268,,0.28556868,0.0,0.49362797,12588.541,3.0
10269,,0.4566483,,0.5656559,17929.576,3.0
10270,,0.46690077,0.0,0.63489807,12959.069,3.0
10271,,,,,1060.9944,3.0
10272,0.0,0.55677146,0.0,0.69865036,838.2695,3.0
10273,1.0,0.47614387,1.0,0.5888152,387.9141,3.0
10274,,,,,385.36447,3.0
10275,,,,,358.59845,3.0
10276,,,,,304.22833,3.0
10277,,0.6363411,,0.71770686,418.92798,3.0
10278,0.0,0.43012616,0.0,0.6039046,249.35124,3.0
10279,,0.28177834,,0.4895055,293.35855,3.0
10280,,,,,295.69128,3.0
10281,,,,,230.30354,3.0
10282,1.0,0.566159,1.0,0.7082857,58281.633,3.0
10283,,0.56468177,,0.57898295,738.53156,3.0
10284,,0.65354335,,0.7357787,655.5195,3.0
10285,,0.34548628,,0.5085516,669.71625,3.0
10286,,0.58480036,,0.7270152,636.6601,3.0
10287,,0.6122803,1.0,0.79697424,514.9876,3.0
10288,,,,,506.0634,3.0
10289,,,,,563.29266,3.0
10290,0.0,0.6302612,0.0,0.8068078,412.71912,3.0
10291,,0.5237055,1.0,0.65401196,437.12994,3.0
10292,0.0,0.5548777,0.0,0.7648512,243.9348,3.0
10293,,,,,378.79456,3.0
10294,,,,,406.09784,3.0
10295,,0.5563207,,0.7711233,550.1169,3.0
10296,,,,,1038.3823,3.0
10297,,0.5414915,,0.6608942,996.1074,3.0
10298,,,,,455.76044,3.0
10299,1.0,0.6117509,1.0,0.55140096,494.79153,3.0
10300,,,,,86.215485,3.0
10301,,0.7596006,,0.7904936,342.66162,3.0
10302,0.0,0.64440656,0.0,0.7024174,481.06482,3.0
10303,0.0,0.7346316,0.0,0.82995695,220.4185,3.0
10304,,,,,50837.195,3.0
10305,,,,,1629.2631,3.0
10306,,0.4588378,,0.7071081,1777.3866,3.0
10307,,0.21021454,0.0,0.43359742,1805.0833,3.0
10308,,0.15979718,,0.36880597,2028.0812,3.0
10309,,,,,43951.727,3.0
10310,,0.72990304,,0.7742051,536.9259,3.0
10311,,0.63510007,,0.86676264,445.91302,3.0
10312,,0.72348136,,0.7634824,607.8949,3.0
10313,,0.52452886,,0.6312477,673.419,3.0
10314,,0.5542588,,0.6729977,686.1696,3.0
10315,1.0,0.7431824,1.0,0.79574996,271.66846,3.0
10316,0.0,0.55771005,0.0,0.6996197,255.31227,3.0
10317,,,,,298.6425,3.0
10318,,,,,110.13315,3.0
10319,0.0,0.5142588,0.0,0.76941943,179.84119,3.0
10320,1.0,0.5745332,1.0,0.6548269,327.70233,3.0
10321,,0.6459256,,0.78297025,33866.49,3.0
10322,,,,,281.33392,3.0
10323,,0.66732883,,0.8375767,387.41345,3.0
10324,,0.4118534,,0.5074071,436.8607,3.0
10325,,0.4424235,,0.6144312,304.53433,3.0
10326,1.0,0.73728675,1.0,0.5062332,99.00283,3.0
10327,,,,,203.91725,3.0
10328,,0.53364855,1.0,0.7198269,375.14978,3.0
10329,,0.56791925,1.0,0.63226014,545.5051,3.0
10330,,,,,269.71362,3.0
10331,,,,,381.76398,3.0
10332,,,,,115.80155,3.0
10333,,0.48681104,1.0,0.7344625,20886.883,3.0
10334,,0.73923457,,0.82851285,331.3832,3.0
10335,,0.80921793,,0.8972087,272.91568,3.0
10336,,0.5282223,,0.7204099,255.948,3.0
10337,,,,,277.69843,3.0
10338,,0.7384255,0.0,0.8272023,289.61496,3.0
10339,,0.27871245,,0.5748877,378.33844,3.0
10340,0.0,0.54401267,0.0,0.6588306,389.37015,3.0
10341,,0.66113955,,0.77994585,343.8629,3.0
10342,0.0,0.7770962,0.0,0.8286064,352.048,3.0
10343,0.0,0.81085855,0.0,0.8996611,297.59668,3.0
10344,,,,,8320.875,3.0
10345,,0.90007186,,0.94577384,982.58923,2.0
10346,,0.7971673,,0.8780792,953.43304,3.0
10347,0.0,,0.0,,906.4541,
10348,0.0,0.5622373,0.0,0.633389,1017.2744,3.0
10349,,,,,314.65155,3.0
10350,,0.70035255,,0.82013446,848.1868,3.0
10351,,,,,596.43,3.0
10352,,,,,232.17586,3.0
10353,,,,,351.65427,3.0
10354,,0.33165807,0.0,0.49490088,360.85406,3.0
10355,,0.5666542,0.0,0.6878267,425.74387,3.0
10356,,0.318363,,0.40665397,8807.462,3.0
10357,,0.38351724,1.0,0.56893384,5579.319,3.0
10358,,,,,6768.1743,3.0
10359,,0.62627965,,0.75995415,5888.2104,3.0
10360,,,,,7948.327,3.0
10361,,,,,6525.829,3.0
10362,,0.61314297,,0.76823586,364.08472,3.0
10363,0.0,0.15359022,0.0,0.6585647,463.65277,3.0
10364,0.0,0.5409687,0.0,0.754876,414.4236,3.0
10365,0.0,0.6227471,0.0,0.7556996,387.1346,3.0
10366,,0.554807,,0.67374897,484.74506,3.0
10367,0.0,0.40018967,0.0,0.49671578,509.80695,3.0
10368,,0.19137445,,0.33917564,489.28265,3.0
10369,,,,,538.84705,3.0
10370,,0.25246382,,0.4564869,422.40967,3.0
10371,0.0,0.6307295,0.0,0.64343625,13445.238,3.0
10372,,,,,11991.373,3.0
10373,,,,,12553.901,3.0
10374,,,,,208.30829,3.0
10375,,,,,311.5032,3.0
10376,,,,,597.9314,3.0
10377,,0.39930177,,0.58850604,498.7012,3.0
10378,,,,,541.25037,3.0
10379,,,,,355.08533,3.0
10380,,,,,486.59665,3.0
10381,,,,,570.95386,3.0
10382,,0.655254,0.0,0.68021613,578.2656,3.0
10383,,,,,719.8996,3.0
10384,,0.5979022,,0.78492194,601.1916,3.0
10385,,,,,636.46606,3.0
10386,,,,,215.16754,3.0
10387,0.0,0.81112546,0.0,0.9000566,219.28949,3.0
10388,0.0,0.47719276,0.0,0.6882183,208.65755,3.0
10389,,,,,286.42758,3.0
10390,0.0,0.36449534,0.0,0.6021148,348.78397,3.0
10391,0.0,0.3470971,0.0,0.6669042,73.65529,3.0
10392,0.0,0.4845269,0.0,0.7349495,155.1483,3.0
10393,,,,,34121.484,3.0
10394,,0.48234987,,0.77498823,143.12425,3.0
10395,,0.31548604,,0.6044747,153.02594,3.0
10396,,,,,135.46051,3.0
10397,,0.29495832,,0.5273185,119.50238,3.0
10398,,0.40329137,,0.71390694,121.81605,3.0
10399,0.0,0.2544494,0.0,0.60968894,163.96278,3.0
10400,,0.4539741,0.0,0.5030285,262.40536,3.0
10401,,0.4065047,,0.615691,185.67715,3.0
10402,1.0,0.51932305,1.0,0.6229696,256.90527,3.0
10403,,0.4122659,1.0,0.7260493,195.86281,3.0
10404,,,,,185.04308,3.0
10405,,0.11776533,,0.24306229,17594.057,3.0
10406,,0.34610415,,0.48251364,173.65126,3.0
10407,,0.37443078,,0.5482131,152.51625,3.0
10408,,0.21079648,,0.44080827,161.74936,3.0
10409,,0.23075034,,0.51205474,415.8412,3.0
10410,,0.08665086,0.0,0.3426367,345.80472,3.0
10411,,0.4770197,1.0,0.5726597,469.93774,3.0
10412,,0.38102466,1.0,0.64062613,385.82266,3.0
10413,,0.17276512,,0.4355412,281.7632,3.0
10414,0.0,0.5751168,0.0,0.7211242,481.20926,3.0
10415,,0.1891484,,0.36809942,510.5911,3.0
10416,,0.19095345,,0.3630234,16929.385,3.0
10417,,0.46847245,,0.61816764,555.94055,3.0
10418,,,,,283.71503,3.0
10419,,0.44349894,,0.7506507,579.44714,3.0
10420,,0.4253152,,0.6859052,471.94983,3.0
10421,,0.50171393,1.0,0.8318155,323.14005,3.0
10422,,,,,636.8961,3.0
10423,0.0,0.38601002,0.0,0.5351307,418.88892,3.0
10424,,0.42807642,,0.4404763,565.5933,3.0
10425,,,,,508.85217,3.0
10426,,,,,13897.399,3.0
10427,,0.44745278,,0.74501723,202.20111,3.0
10428,,0.49358767,,0.7567402,262.2405,3.0
10429,,0.44073844,,0.5106724,276.44006,3.0
10430,,0.35607943,,0.46647137,256.83316,3.0
10431,0.0,0.28068632,0.0,0.7049565,386.0883,3.0
10432,,0.37990105,,0.7158403,172.17497,3.0
10433,,0.2974441,,0.5241297,405.04294,3.0
10434,,0.4798476,,0.8577363,441.17282,3.0
10435,,0.4449763,,0.74855447,340.3222,3.0
10436,0.0,0.40661788,0.0,0.6734257,640.99286,3.0
10437,,0.34692234,,0.767695,635.8745,3.0
10438,,0.51879865,,0.78792065,734.06024,3.0
10439,,0.3868264,,0.7126063,523.6742,3.0
10440,,0.347349,,0.7672014,520.77295,3.0
10441,0.0,0.24250786,0.0,0.39361164,761.1713,3.0
10442,,0.43786034,1.0,0.67093426,784.5176,3.0
10443,,,,,783.1332,3.0
10444,0.0,0.40326178,0.0,0.7139439,641.404,3.0
10445,1.0,0.27009118,1.0,0.45608407,649.5335,3.0
10446,,,,,638.9154,3.0
10447,,0.53901243,1.0,0.6909092,786.3433,3.0
10448,,0.3866026,,0.52039516,38957.87,3.0
10449,,0.3218143,,0.73672533,134.81938,3.0
10450,,0.63964957,,0.6696117,224.01265,3.0
10451,1.0,0.021110604,1.0,0.7495385,48.124203,3.0
10452,,,,,193.13928,3.0
10453,,0.36514017,,0.5587792,212.7687,3.0
10454,,0.25892973,,0.29395732,240.01222,3.0
10455,0.0,0.35197064,0.0,0.6711278,81.34013,3.0
10456,1.0,0.19192517,1.0,0.7521591,69.58302,3.0
10457,1.0,0.47882354,1.0,0.69582033,242.72064,3.0
10458,1.0,0.3911005,1.0,0.7930496,158.36133,3.0
10459,,0.3596242,,0.7528077,160.81644,3.0
10460,,0.20740634,,0.19096802,390.21274,3.0
10461,1.0,0.338768,1.0,0.5771044,226.80975,3.0
10462,0.0,0.17506206,0.0,0.3056064,358.67136,3.0
10463,1.0,0.23140143,1.0,0.50302184,217.51486,3.0
10464,0.0,0.32569402,0.0,0.6077001,166.38411,3.0
10465,0.0,0.36786968,0.0,0.44785634,360.21597,3.0
10466,1.0,0.40388072,1.0,0.6194693,294.58038,3.0
10467,,0.43021023,,0.42451423,36185.14,3.0
10468,,0.30473748,,0.7272892,52.368015,3.0
10469,,0.5479855,,0.54337466,159.02533,3.0
10470,,,,,103.50805,3.0
10471,1.0,0.37111402,1.0,0.7615107,104.67643,3.0
10472,,,,,136.01761,3.0
10473,,0.3960286,,0.5019407,164.692,3.0
10474,,,,,78.590324,3.0
10475,,0.5647271,,0.64800113,161.06223,3.0
10476,,0.17590514,,0.30379257,4891.6294,3.0
10477,,,,,5087.833,3.0
10478,,0.16362104,,0.24383582,4415.91,3.0
10479,,0.5234394,,0.49270433,5943.761,3.0
10480,,,,,76.04433,3.0
10481,,0.4418948,,0.6641517,389.09177,3.0
10482,,0.45865008,,0.8103138,321.63416,3.0
10483,,0.39601645,,0.7494832,292.43314,3.0
10484,,0.3919411,,0.6365752,164.17096,3.0
10485,,0.5445646,,0.45322382,207.54851,3.0
10486,,0.44774762,1.0,0.65421486,144.18196,3.0
10487,0.0,0.2795151,0.0,0.6716265,146.80467,3.0
10488,,0.2656903,,0.46427467,184.15106,3.0
10489,,0.3401519,,0.68361604,121.016014,3.0
10490,1.0,0.35179865,1.0,0.57405895,172.15193,3.0
10491,,,,,147.57898,3.0
10492,,0.45439053,,0.8259608,132.53487,3.0
10493,,0.2626724,,0.36661887,427.6316,3.0
10494,,0.14557756,0.0,0.3391171,434.87524,3.0
10495,,0.42027536,1.0,0.692406,338.33386,3.0
10496,,0.29287022,1.0,0.5300071,339.00858,3.0
10497,0.0,0.2170995,0.0,0.46570474,275.6914,3.0
10498,,0.49310982,1.0,0.5491843,514.4335,3.0
10499,,0.6261989,1.0,0.70275736,410.5985,3.0
10500,,0.35308242,,0.55426675,435.64355,3.0
10501,,,,,206.83936,3.0
10502,,,,,261.47794,3.0
10503,,0.28371537,,0.55631334,181.69952,3.0
10504,,0.48774856,,0.7438927,306.3796,3.0
10505,1.0,0.5271103,1.0,0.5962714,329.57608,3.0
10506,,0.25798407,,0.5117591,226.12402,3.0
10507,,0.3726516,,0.78080493,199.49942,3.0
10508,0.0,0.32157367,0.0,0.7055183,233.58868,3.0
10509,,0.28191295,1.0,0.43461174,485.02512,3.0
10510,,0.5972397,,0.67777914,542.83545,3.0
10511,,0.59671956,,0.52243453,665.94464,3.0
10512,,,,,725.32855,3.0
10513,1.0,0.4897337,1.0,0.7631073,501.11343,3.0
10514,,0.2054289,,0.42675346,652.11835,3.0
10515,,0.3561594,0.0,0.4663439,763.108,3.0
10516,,0.25170973,1.0,0.3810243,598.38684,3.0
10517,,0.34514096,,0.5669164,382.6558,3.0
10518,,,,,139.83679,3.0
10519,0.0,0.5302347,0.0,0.4799952,711.64056,3.0
10520,,0.13142541,,0.29165086,12066.881,3.0
10521,,0.33145347,,0.58883154,187.01854,3.0
10522,,,,,48.01738,
10523,,0.25611505,,0.4832579,186.01822,3.0
10524,,0.4370225,,0.8440257,154.53134,3.0
10525,,0.41567326,,0.60244125,205.53252,3.0
10526,,0.4110038,1.0,0.6091979,147.13274,3.0
10527,,0.48466864,1.0,0.68448985,122.7763,3.0
10528,,0.34246618,,0.6803353,80.257866,3.0
10529,,0.39518923,1.0,0.6852751,53.463493,3.0
10530,,0.39755002,,0.4989748,156.28087,3.0
10531,,0.36261502,,0.6076721,100.308754,3.0
10532,,,,,23909.668,3.0
10533,,0.45770448,,0.6370565,98.72864,3.0
10534,,0.4068474,,0.7722099,91.05568,3.0
10535,,0.3266752,,0.85005385,71.53873,3.0
10536,,0.17267443,1.0,0.31081423,137.07932,3.0
10537,,0.4962446,1.0,0.7342611,111.2057,3.0
10538,,0.33456612,,0.39325666,140.216,3.0
10539,,0.49172518,1.0,0.7598315,74.14357,3.0
10540,,0.11002674,,0.25851452,102.060776,3.0
10541,,0.4210622,,0.5946216,4429.484,3.0
10542,,0.3745611,,0.43746385,4858.1636,3.0
10543,,0.554512,,0.6654392,5524.9243,3.0
10544,,0.32286662,,0.40690392,6414.88,3.0
10545,,0.56916636,,0.77465355,366.68283,3.0
10546,,0.28648213,,0.5487278,257.61157,3.0
10547,,0.41548276,,0.6985371,390.80347,3.0
10548,0.0,0.4072302,0.0,0.7574884,234.75255,3.0
10549,,,,,275.58066,3.0
10550,1.0,0.42574266,1.0,0.8182481,227.92558,3.0
10551,,,,,342.3062,3.0
10552,,0.51333314,1.0,0.51159024,382.29977,3.0
10553,,,,,326.41446,3.0
10554,,0.31147724,,0.6004009,27002.828,3.0
10555,,0.59464294,,0.6242134,5239.479,3.0
10556,,0.48955446,,0.5210621,6607.7144,3.0
10557,0.0,0.5123532,0.0,0.47904384,2544.471,3.0
10558,0.0,0.19778517,0.0,0.48349264,5306.3955,3.0
10559,0.0,0.4819362,0.0,0.52231133,6276.644,3.0
10560,,0.19556879,,0.42061338,4897.0757,3.0
10561,,0.30373257,0.0,0.36797675,5268.369,3.0
10562,,,,,174117.45,3.0
10563,,,,,178603.52,3.0
10564,,0.14999445,,0.31897083,102509.22,3.0
10565,,0.040558483,,0.18199015,145496.03,3.0
10566,,0.35226592,,0.3966746,6803.479,3.0
10567,,0.312072,,0.37300915,5282.51,3.0
10568,,0.36741734,,0.4531586,5023.661,3.0
10569,,,,,7252.338,3.0
10570,,,,,2401.7134,3.0
10571,,,,,5335.7036,3.0
10572,0.0,0.6118708,0.0,0.57387197,7021.8394,3.0
10573,,,,,4227.0757,3.0
10574,,0.21570465,0.0,0.3504055,4907.3813,3.0
10575,,0.033912204,0.0,0.19515789,5481.571,3.0
10576,1.0,0.35258237,1.0,0.39685762,7263.718,3.0
10577,,,,,194508.88,3.0
10578,,0.58397526,,0.62239164,3756.246,3.0
10579,,0.42830357,,0.49456337,3784.7969,3.0
10580,,0.5278826,0.0,0.53227633,1822.9081,3.0
10581,,0.566772,0.0,0.5635245,4266.857,3.0
10582,,0.1968679,0.0,0.31101015,4121.947,3.0
10583,,,,,4550.491,3.0
10584,,,,,4440.261,3.0
10585,,,,,3966.6704,3.0
10586,,,,,2551.0942,3.0
10587,,0.09972304,0.0,0.44806784,3832.2195,3.0
10588,,0.3131396,0.0,0.42144817,2737.4622,3.0
10589,,0.26769888,,0.40286565,162979.56,3.0
10590,,0.5436295,,0.54899925,8596.18,3.0
10591,,0.292592,,0.37167174,8869.337,3.0
10592,,,,,5449.961,3.0
10593,,0.66484153,,0.66236216,6545.931,3.0
10594,,,,,10006.986,3.0
10595,,,,,7850.2886,3.0
10596,,0.34647486,0.0,0.39331788,9626.226,3.0
10597,,0.20559135,1.0,0.3444191,13107.556,3.0
10598,1.0,0.5074491,1.0,0.5333545,9820.992,3.0
10599,1.0,0.4360757,1.0,0.5022703,11706.956,3.0
10600,,0.36058077,,0.5733182,7949.628,3.0
10601,,0.11782441,,0.21266615,237485.6,3.0
10602,,0.27709523,,0.42077813,6569.441,3.0
10603,,0.5698387,,0.53299665,7077.1167,3.0
10604,,0.73742074,,0.6475847,2778.23,3.0
10605,,0.85775346,,0.7869611,7644.6313,3.0
10606,,0.36560023,0.0,0.40586755,9721.884,3.0
10607,0.0,0.1758331,0.0,0.27090815,8804.004,3.0
10608,,0.58312714,0.0,0.45622554,9937.3125,3.0
10609,0.0,0.21759489,0.0,0.2725052,10392.379,3.0
10610,,0.30782244,,0.40102562,9281.195,3.0
10611,0.0,0.3625051,0.0,0.40257245,9017.327,3.0
10612,,0.13476995,,0.2737573,136521.98,3.0
10613,,0.62842864,,0.5979801,4870.806,3.0
10614,,0.787903,,0.6256342,5123.8354,3.0
10615,,0.2912106,0.0,0.43402988,5122.966,3.0
10616,,0.35851625,,0.40353358,4836.567,3.0
10617,,0.1977137,,0.35125506,4214.0156,3.0
10618,,,,,118902.71,3.0
10619,,0.10258513,,0.20157447,117376.945,3.0
10620,,0.43904045,0.0,0.49305743,76917.82,3.0
10621,,0.04664972,,0.17281939,126692.32,3.0
10622,,0.08835422,,0.19028866,138782.77,3.0
10623,,0.20826961,,0.34602034,105784.41,3.0
10624,,,,,3278.6575,3.0
10625,,0.7481861,,0.56385845,4531.987,3.0
10626,,0.79033095,,0.531145,3330.956,3.0
10627,,0.44978744,,0.4945323,4381.5327,3.0
10628,,0.33165887,1.0,0.31930497,5307.831,3.0
10629,1.0,0.5720557,1.0,0.37745696,7572.325,3.0
10630,,,,,4143.837,3.0
10631,,0.41602042,0.0,0.3084962,5321.3486,3.0
10632,1.0,0.4287815,1.0,0.3431792,6729.6235,3.0
10633,,0.7439521,0.0,0.53423524,3047.215,3.0
10634,,,,,6037.824,3.0
10635,,0.1971612,,0.23281744,148072.7,3.0
10636,,,,,179.12502,3.0
10637,,0.40662417,,0.43899748,231.24873,3.0
10638,,,,,241.18921,3.0
10639,,0.50335073,1.0,0.20982519,56.147392,3.0
10640,,,,,199.92358,3.0
10641,,,,,15894.866,3.0
10642,,,,,14690.96,3.0
10643,,0.14616653,,0.24237953,12374.91,3.0
10644,,0.065419465,,0.19884273,7999.02,3.0
10645,,,,,1885.4976,3.0
10646,,,,,33436.848,3.0
10647,,,,,25996.605,3.0
10648,,,,,29471.977,3.0
10649,,,,,24068.215,3.0
10650,,,,,27035.94,3.0
10651,,,,,23664.781,3.0
10652,,,,,21331.275,3.0
10653,,,,,25091.64,3.0
10654,,,,,26170.383,3.0
10655,,,,,372.1089,3.0
10656,,0.39548272,,0.43166572,395.9984,3.0
10657,,,,,8064.0806,3.0
10658,,0.10832991,0.0,0.124784105,10882.512,3.0
10659,,0.044009462,,0.15935788,9368.14,3.0
10660,,0.053086996,,0.13368574,8278.942,3.0
10661,,0.10710725,,0.15255639,10753.114,3.0
10662,,0.3619873,,0.40935275,8304.28,3.0
10663,,0.11743285,,0.15752172,9617.099,3.0
10664,,,,,8019.041,3.0
10665,,0.36293712,,0.40474066,8711.498,3.0
10666,,,,,283.32645,3.0
10667,,,,,203.12086,3.0
10668,,0.26279166,,0.29639545,328.77826,3.0
10669,,0.3935867,1.0,0.42770463,154.83139,3.0
10670,,0.46996537,,0.53492194,192.45917,3.0
10671,,0.1381129,,0.24953882,219.90265,3.0
10672,1.0,0.4457494,1.0,0.64047605,133.27821,3.0
10673,,0.2515366,1.0,0.32327026,257.2079,3.0
10674,,,,,213.55212,3.0
10675,,0.49139866,,0.47547245,302.34595,3.0
10676,1.0,0.3436781,1.0,0.418632,212.44499,3.0
10677,,,,,58443.664,3.0
10678,,0.39444003,,0.42841938,736.0708,3.0
10679,,,,,683.86304,3.0
10680,,0.47862813,,0.5223864,1134.9653,3.0
10681,,0.10704427,,0.18814631,411.83844,3.0
10682,,0.16543528,1.0,0.38252896,293.03912,3.0
10683,0.0,0.20617153,0.0,0.260717,509.81976,3.0
10684,,0.4992066,,0.49231842,208.76935,3.0
10685,,,,,362.9137,3.0
10686,,,,,436.17255,3.0
10687,,0.28509226,,0.36908874,390.25934,3.0
10688,,0.45899856,,0.50972676,187.34544,3.0
10689,,0.13100089,,0.13627018,64744.26,3.0
10690,,0.13176127,,0.34479964,270.12534,3.0
10691,,0.16597469,,0.28956217,180.65213,3.0
10692,,0.5141229,,0.5630615,171.58261,3.0
10693,,0.060352426,,0.39158443,119.327934,3.0
10694,,,,,249.40176,3.0
10695,,0.13328911,,0.24461855,312.07977,3.0
10696,,,,,256.4228,3.0
10697,,,,,222.24289,3.0
10698,,0.25938305,,0.4609304,224.16907,3.0
10699,,0.30403057,,0.3751069,29160.057,3.0
10700,,0.22294942,,0.22316647,37921.887,3.0
10701,,0.25279933,,0.46806005,446.0688,3.0
10702,,,,,493.756,3.0
10703,,,,,617.5631,3.0
10704,,0.32926488,,0.396892,463.81894,3.0
10705,,0.40268624,0.0,0.43641046,604.49243,3.0
10706,,,,,480.9476,3.0
10707,,,,,350.03308,3.0
10708,,,,,400.17206,3.0
10709,,0.32652593,,0.31613934,759.8386,3.0
10710,,0.08231096,,0.16129601,110435.31,3.0
10711,,0.079281785,,0.13351054,108390.31,3.0
10712,,,,,1236.8318,3.0
10713,,0.5641187,,0.49498487,1583.8387,3.0
10714,,0.35186055,,0.4009839,815.4112,3.0
10715,,0.34005058,0.0,0.41475064,1106.5363,3.0
10716,,,,,699.7824,3.0
10717,,0.17778726,0.0,0.18568031,2966.4358,3.0
10718,,0.69790494,,0.62850505,1476.4661,3.0
10719,,,,,941.88306,3.0
10720,,0.753564,1.0,0.80259264,1038.4711,3.0
10721,,,,,1951.6931,3.0
10722,,,,,1190.7322,3.0
10723,,0.67498785,1.0,0.568898,1063.8744,3.0
10724,,0.50441676,,0.615036,1596.6279,3.0
10725,,0.47425693,,0.5964987,1503.7828,3.0
10726,,0.4093723,1.0,0.4408,647.7723,3.0
10727,,0.38984698,,0.42794156,671.5677,3.0
10728,,0.1028041,,0.18375133,775.11304,3.0
10729,,0.22241607,,0.44129673,546.0904,3.0
10730,1.0,0.50722617,1.0,0.48838297,827.1532,3.0
10731,,0.06529024,,0.17117675,786.80237,3.0
10732,,,,,618.0681,3.0
10733,,,,,495.03152,3.0
10734,,,,,565.37305,3.0
10735,,,,,54120.06,3.0
10736,,,,,779.21277,3.0
10737,,,,,378.34686,3.0
10738,,0.34272245,,0.30295336,1120.3671,3.0
10739,,0.259691,0.0,0.18140051,1127.3403,3.0
10740,,,0.0,,772.1191,3.0
10741,,,,,1425.0048,3.0
10742,,,,,1330.9142,3.0
10743,,,,,1108.9493,3.0
10744,,,,,1181.2279,3.0
10745,0.0,0.08290083,0.0,0.36475635,1009.25543,3.0
10746,,0.48506048,,0.5567399,421.94434,3.0
10747,,0.4996182,,0.51693696,874.6998,3.0
10748,,0.16936031,,0.23942743,463.68704,3.0
10749,,,,,75.71716,3.0
10750,,,,,388.23312,3.0
10751,,0.31455576,,0.30651474,317.27652,3.0
10752,,0.30728322,1.0,0.38140333,183.36249,3.0
10753,,0.586567,,0.5118596,238.3743,3.0
10754,,0.26172417,0.0,0.18268342,495.926,3.0
10755,,,,,437.61087,3.0
10756,,0.6083507,1.0,0.6679383,262.1885,3.0
10757,,0.38400987,,0.32774228,444.77353,3.0
10758,,,,,66152.98,3.0
10759,,0.083818614,,0.1972138,62167.484,3.0
10760,,0.47809386,,0.5401335,485.22723,3.0
10761,,0.19681877,,0.28051826,489.86646,3.0
10762,,0.11905868,,0.15993385,743.0882,3.0
10763,,0.22670093,,0.43679026,431.30038,3.0
10764,,0.42395115,0.0,0.4503287,542.0067,3.0
10765,,0.40545553,0.0,0.42522895,535.6123,3.0
10766,0.0,0.1351208,0.0,0.17171113,805.9529,3.0
10767,0.0,0.18474427,0.0,0.2935406,395.53262,3.0
10768,,0.37238258,,0.42742032,431.14963,3.0
10769,,0.13503605,0.0,0.2458262,483.78867,3.0
10770,,0.39109272,,0.36774907,642.4009,3.0
10771,,0.36629802,,0.41225037,119802.67,3.0
10772,,,,,301.3712,3.0
10773,,0.29803458,,0.37477744,171.5913,3.0
10774,,0.22854252,,0.31456113,236.72433,3.0
10775,,0.051773403,,0.15257874,308.12024,3.0
10776,,,,,275.68842,3.0
10777,0.0,0.3024822,0.0,0.36539206,247.54512,3.0
10778,,,,,301.19803,3.0
10779,,0.10303281,,0.20803526,354.51892,3.0
10780,,0.2685419,0.0,0.34093776,171.44777,3.0
10781,,,,,345.2064,3.0
10782,,,,,302.71066,3.0
10783,,,,,537.88666,3.0
10784,,0.23436658,,0.1865636,559.8151,3.0
10785,,,,,9524.44,3.0
10786,,,,,8470.428,3.0
10787,,,,,11342.782,3.0
10788,,,,,8080.9287,3.0
10789,,,,,8773.564,3.0
10790,,,,,10903.203,3.0
10791,,,,,10457.696,3.0
10792,,,,,8484.48,3.0
10793,,,,,7370.15,3.0
10794,,0.17970034,,0.3257169,7349.8223,3.0
10795,,0.55661494,,0.51236135,490.7857,3.0
10796,,0.5025746,,0.47286138,106.910934,3.0
10797,,0.605453,,0.60319245,316.6523,3.0
10798,,0.65710163,,0.54972905,425.55243,3.0
10799,,0.5501329,,0.6425736,261.43912,3.0
10800,,0.625394,,0.64386153,164.53499,3.0
10801,,,,,452.29584,3.0
10802,,0.735541,0.0,0.6755997,337.11615,3.0
10803,,0.49428686,,0.5010804,185.71538,3.0
10804,,,,,290.8863,3.0
10805,,0.6059419,0.0,0.5578015,257.76312,3.0
10806,,,,,12084.52,3.0
10807,,0.7423328,,0.5607286,8490.497,3.0
10808,,0.65059143,,0.49861506,8260.871,3.0
10809,,0.16720843,,0.17912804,9124.837,3.0
10810,,,,,7849.2363,3.0
10811,,0.4342762,0.0,0.4142529,12495.583,3.0
10812,,0.5022154,1.0,0.37412998,7963.5146,3.0
10813,,0.501532,,0.3850197,8942.206,3.0
10814,,0.594287,1.0,0.42557177,7153.6445,3.0
10815,,0.6796308,1.0,0.46976337,9803.149,3.0
10816,,0.31344706,1.0,0.27395442,8883.392,3.0
10817,,,,,202565.11,3.0
10818,,0.2183266,,0.20899059,33621.27,3.0
10819,,0.5051087,,0.35233063,26611.795,3.0
10820,,0.35870478,,0.3040664,29752.08,3.0
10821,,0.54559433,,0.40703678,38197.96,3.0
10822,,0.614511,0.0,0.43802425,9531.068,3.0
10823,0.0,0.2405573,0.0,0.2113113,14761.865,3.0
10824,1.0,0.6173755,1.0,0.43620124,9686.534,3.0
10825,,0.09033212,0.0,0.15358235,15049.788,3.0
10826,,0.627088,1.0,0.42909595,11812.616,3.0
10827,,0.56941617,0.0,0.30574012,3034.1543,3.0
10828,1.0,0.726542,1.0,0.5717799,14556.207,3.0
10829,0.0,0.5779746,0.0,0.4213462,16585.555,3.0
10830,,0.7083755,,0.4446173,8201.322,3.0
10831,,0.4948209,,0.30829245,17406.295,3.0
10832,,0.5206052,,0.3873468,18736.363,3.0
10833,,0.7878564,,0.58412296,8771.102,3.0
10834,,0.6309862,,0.44577748,24794.555,3.0
10835,,0.60587424,,0.5346787,11543.958,3.0
10836,,0.5694757,,0.41755295,20802.936,3.0
10837,,0.48946798,,0.36729562,14859.552,3.0
10838,,0.6797679,,0.5267784,17583.232,3.0
10839,1.0,0.56148726,1.0,0.41401303,92868.234,3.0
10840,1.0,0.7486673,1.0,0.5842833,68176.484,3.0
10841,,,,,73038.96,3.0
10842,,0.8164189,,0.40688396,6944.5967,3.0
10843,,0.6319346,1.0,0.29281008,16634.33,3.0
10844,0.0,0.7966551,0.0,0.45148763,13858.608,3.0
10845,1.0,0.742405,1.0,0.31467208,12541.345,3.0
10846,,0.5310363,0.0,0.31184888,13202.475,3.0
10847,0.0,0.6252609,0.0,0.2218041,13980.858,3.0
10848,,0.530201,,0.35170376,13085.311,3.0
10849,,0.6105533,,0.39343646,11500.892,3.0
10850,,0.757354,1.0,0.46414357,11671.982,3.0
10851,,0.4064921,0.0,0.2023074,15020.345,3.0
10852,,0.19629426,,0.18188956,176813.36,3.0
10853,,0.20669498,,0.15322419,138873.56,3.0
10854,,,,,8839.987,3.0
10855,1.0,0.54258955,1.0,0.25503808,8983.397,3.0
10856,,0.29944643,0.0,0.21781053,8821.688,3.0
10857,,,,,8200.112,3.0
10858,,,,,10129.505,3.0
10859,0.0,0.75079155,0.0,0.4319003,4173.2056,3.0
10860,,0.2881004,,0.14869158,57295.01,3.0
10861,,0.65631795,,0.32688755,65498.24,3.0
10862,,0.38854632,0.0,0.19566686,52234.16,3.0
10863,,0.49081525,,0.2902052,67057.45,3.0
10864,,0.470028,,0.14436868,87942.56,3.0
10865,,,,,77480.07,3.0
10866,,0.59181,,0.42149237,5014.97,3.0
10867,,,,,6847.5386,3.0
10868,,0.881365,,0.6489527,1179.6196,3.0
10869,1.0,0.57533556,1.0,0.50700045,6069.1025,3.0
10870,,0.79786974,0.0,0.59151226,12457.361,3.0
10871,,0.14506513,,0.22298884,8214.831,3.0
10872,,0.6908977,1.0,0.51096874,8731.391,3.0
10873,,0.7898382,0.0,0.59735185,8454.966,3.0
10874,,,,,10412.182,3.0
10875,,0.6088149,0.0,0.27871865,15641.993,3.0
10876,,0.86459965,,0.7599358,8763.203,3.0
10877,,0.39372775,,0.33059993,112386.62,3.0
10878,,0.93063796,,0.7183351,2131.0828,3.0
10879,,0.7280415,,0.72324175,555.438,3.0
10880,1.0,0.6799196,1.0,0.44165233,3491.0645,3.0
10881,0.0,0.63819885,0.0,0.4105708,4023.6782,3.0
10882,,0.8020942,0.0,0.59586936,2680.7878,3.0
10883,,0.38589785,,0.31771842,2656.1484,3.0
10884,,0.48051473,0.0,0.26450032,2902.2456,3.0
10885,0.0,0.6685564,0.0,0.47195858,2601.1208,3.0
10886,,0.8093599,,0.6527858,2142.217,3.0
10887,0.0,0.79679084,0.0,0.59040815,2263.4587,3.0
10888,,0.6103288,,0.44372407,112191.05,3.0
10889,,0.29432115,,0.17441948,100070.01,3.0
10890,,,,,1955.6208,3.0
10891,,,,,2562.3574,3.0
10892,,0.87825245,,0.66343063,2271.8945,3.0
10893,,0.7225462,,0.49944666,2898.6824,3.0
10894,,,,,2100.9734,3.0
10895,,0.8218029,0.0,0.58530396,2194.3467,3.0
10896,0.0,0.87673736,0.0,0.637878,2712.4995,3.0
10897,0.0,0.805621,0.0,0.59273636,2177.5098,3.0
10898,0.0,0.84037215,0.0,0.6188048,1410.5269,3.0
10899,,0.47255936,,0.31574005,2628.023,3.0
10900,,,,,39212.72,3.0
10901,,,,,60597.418,3.0
10902,,0.7776595,,0.57137656,7435.5376,3.0
10903,,0.8365991,,0.5909916,7566.6753,3.0
10904,,,,,5665.0347,3.0
10905,1.0,0.85602915,1.0,0.703027,5602.5513,3.0
10906,1.0,0.67221045,1.0,0.48056403,13816.597,3.0
10907,0.0,0.4282258,0.0,0.2501266,12930.571,3.0
10908,,,0.0,,11055.319,3.0
10909,,0.84683275,,0.60164136,2533.4077,3.0
10910,,0.82606614,0.0,0.62169886,10494.07,3.0
10911,0.0,0.6656857,0.0,0.47969866,7253.0513,3.0
10912,,0.7070901,,0.46332526,9343.469,3.0
10913,,0.71097404,,0.5420062,128068.61,3.0
10914,,,,,448.20786,3.0
10915,,,,,415.39355,3.0
10916,,,,,606.8664,3.0
10917,0.0,0.027102504,0.0,0.1515971,483.0135,3.0
10918,0.0,0.16576503,0.0,0.36459613,415.19345,3.0
10919,,0.3161651,,0.57366556,293.39417,3.0
10920,1.0,0.16165376,1.0,0.33501083,569.2435,3.0
10921,,,,,23722.207,3.0
10922,,,,,18077.686,3.0
10923,,,,,21412.318,3.0
10924,,0.14939548,,0.323172,22757.928,3.0
10925,,,,,24726.145,3.0
10926,,,,,24647.156,3.0
10927,,,,,23698.553,3.0
10928,,0.020008268,,0.12290027,24344.877,3.0
10929,,0.23347484,,0.6972581,170.14316,3.0
10930,,0.23519966,,0.44387743,816.9751,3.0
10931,,0.22746816,,0.43240327,664.2888,3.0
10932,,0.23715983,,0.44675472,712.7627,3.0
10933,,,,,373.99033,3.0
10934,,0.29452613,0.0,0.3734195,105.69803,3.0
10935,,,,,304.74973,3.0
10936,1.0,0.3403071,1.0,0.5905245,377.8863,3.0
10937,,0.29866928,,0.60331947,263.90012,3.0
10938,0.0,0.344866,0.0,0.575199,299.76923,3.0
10939,0.0,0.33264,0.0,0.48773298,476.3927,3.0
10940,,,,,401.7708,3.0
10941,,0.112395026,,0.28837186,238.77849,3.0
10942,,,,,499.75253,3.0
10943,,,,,389.8044,3.0
10944,,,,,537.2578,3.0
10945,,,,,244.34865,3.0
10946,,,,,414.66653,3.0
10947,,,,,460.71036,3.0
10948,,,,,191.06656,3.0
10949,0.0,0.035637796,0.0,0.24345282,401.05853,3.0
10950,1.0,0.21222426,1.0,0.43082836,225.00589,3.0
10951,,,,,342.9492,3.0
10952,0.0,0.23112325,0.0,0.32791692,527.7229,3.0
10953,,0.26143122,,0.5026267,730.78687,3.0
10954,,0.19372877,,0.3789408,817.69904,3.0
10955,,0.34402055,,0.6655943,571.91895,3.0
10956,,0.107529275,,0.29640043,657.33417,3.0
10957,,,,,376.49673,3.0
10958,1.0,0.21672383,1.0,0.41611838,335.86383,3.0
10959,1.0,0.26837876,1.0,0.47485018,403.09134,3.0
10960,,,,,186.34833,3.0
10961,,,,,185.50072,3.0
10962,,,,,389.15417,3.0
10963,,0.28628588,0.0,0.52762216,256.62088,3.0
10964,,,,,370.4942,3.0
10965,,,,,619.91486,3.0
10966,,,,,605.3734,3.0
10967,,,,,389.2659,3.0
10968,,,,,477.3567,3.0
10969,,,,,501.67053,3.0
10970,,,,,448.20963,3.0
10971,,,,,514.9163,3.0
10972,,,,,659.7636,3.0
10973,,,,,439.05716,3.0
10974,,,,,378.60306,3.0
10975,,,,,614.8606,3.0
10976,,,,,101820.61,3.0
10977,,,,,1499.4954,3.0
10978,,0.34507567,,0.59747595,1510.8938,3.0
10979,,,,,545.4826,3.0
10980,,,,,410.55478,3.0
10981,0.0,0.19947626,0.0,0.38566375,522.3973,3.0
10982,,,,,770.67596,3.0
10983,,,,,746.7158,3.0
10984,,,,,481.33975,3.0
10985,,0.3203758,,0.56055844,499.4249,3.0
10986,,,,,669.2583,3.0
10987,0.0,0.18063337,0.0,0.3632213,583.3173,3.0
10988,1.0,0.4334725,1.0,0.5946386,593.6378,3.0
10989,,,,,1331.779,3.0
10990,,0.27183086,,0.56555843,1281.829,3.0
10991,,0.18207632,,0.5162155,1337.2377,3.0
10992,,,,,2624.9617,3.0
10993,,,,,1626.0758,3.0
10994,,,,,3053.903,3.0
10995,,,,,2578.141,3.0
10996,,,,,2288.6455,3.0
10997,,,,,2252.5042,3.0
10998,,,,,2297.8645,3.0
10999,1.0,0.3925924,1.0,0.57559514,3244.3936,3.0
11000,,,,,2712.3706,3.0
11001,,0.18238461,,0.4023425,1819.2142,3.0
11002,,,,,1955.2673,3.0
11003,,,,,1602.4617,3.0
11004,,0.20462234,,0.51301485,1705.0256,3.0
11005,,,,,1430.5754,3.0
11006,,,,,1381.2158,3.0
11007,,0.19036843,0.0,0.40494263,747.7957,3.0
11008,,,,,1357.5742,3.0
11009,,,,,1121.113,3.0
11010,0.0,0.12385125,0.0,0.2645759,1157.4385,3.0
11011,0.0,0.28401193,0.0,0.53310174,1212.6302,3.0
11012,,0.19208354,,0.45517877,1059.8411,3.0
11013,,,,,1917.326,3.0
11014,,,,,1099.3015,3.0
11015,,0.298509,,0.47236446,1787.2859,3.0
11016,,,,,823.24524,3.0
11017,0.0,0.23272608,0.0,0.33847046,1025.8782,3.0
11018,,,,,378.52942,3.0
11019,,,,,911.962,3.0
11020,,,,,706.7503,3.0
11021,,,,,912.0228,3.0
11022,,0.40073356,,0.61078936,793.998,3.0
11023,,,,,554.10803,3.0
11024,,,,,232.0956,3.0
11025,,,,,347.5888,3.0
11026,,,,,188.37444,3.0
11027,0.0,0.27124196,0.0,0.36080968,332.91922,3.0
11028,,,,,978.9112,3.0
11029,,,,,743.50586,3.0
11030,,,,,1108.3506,3.0
11031,,,,,179.52962,3.0
11032,,,,,783.92554,3.0
11033,,0.23627022,,0.42801213,963.1134,3.0
11034,0.0,0.082376,0.0,0.3279295,511.44064,3.0
11035,0.0,0.29955396,0.0,0.55310863,647.2796,3.0
11036,,,,,4538.978,3.0
11037,,0.081224374,,0.23623687,4418.1357,3.0
11038,,,0.0,,1257.4489,3.0
11039,,,,,1490.3495,3.0
11040,,,,,1333.2828,3.0
11041,,,,,1416.3192,3.0
11042,,,,,1145.6494,3.0
11043,0.0,0.07631262,0.0,0.22681287,1289.4015,3.0
11044,1.0,0.28759608,1.0,0.5377837,1105.6091,3.0
11045,0.0,0.246225,0.0,0.48677117,975.0194,3.0
11046,,,,,39411.44,3.0
11047,,0.13521567,,0.28693202,46495.766,3.0
11048,,,,,798.79193,3.0
11049,,,,,1133.0492,3.0
11050,,,,,1620.5724,3.0
11051,,,,,1060.8755,3.0
11052,0.0,0.17805368,0.0,0.39480954,1030.6624,3.0
11053,0.0,0.1152305,0.0,0.31409192,1014.42975,3.0
11054,,,,,1331.2001,3.0
11055,,,,,1769.3899,3.0
11056,,,,,1312.5365,3.0
11057,,,,,380.80627,3.0
11058,,,,,1116.2416,3.0
11059,,,,,145793.11,3.0
11060,,,,,3273.2666,3.0
11061,,,,,3474.6865,3.0
11062,,,,,1344.9478,3.0
11063,,,,,1593.134,3.0
11064,,,,,2322.5703,3.0
11065,,,,,1587.2189,3.0
11066,,,,,1341.346,3.0
11067,,,,,1691.0779,3.0
11068,,,,,1945.7333,3.0
11069,,,,,1760.6315,3.0
11070,,,,,22003.252,3.0
11071,,,,,17905.162,3.0
11072,,,,,1061.6212,3.0
11073,,,,,612.4493,3.0
11074,,,,,976.82434,3.0
11075,,,,,895.02356,3.0
11076,,,,,493.46222,3.0
11077,,,,,757.8989,3.0
11078,,,,,1628.9958,3.0
11079,,,,,689.8385,3.0
11080,,,,,939.63025,3.0
11081,,,,,1336.6925,3.0
11082,,,,,1140.6945,3.0
11083,,0.647954,1.0,0.5115327,7357.3984,3.0
11084,,0.3312221,,0.40071368,5640.7285,3.0
11085,,0.09632565,0.0,0.35142186,7065.802,3.0
11086,,0.65560246,,0.6164501,6187.6196,3.0
11087,,,,,7951.5107,3.0
11088,,0.1254954,0.0,0.36096278,5704.851,3.0
11089,,0.13947655,0.0,0.21704578,6354.785,3.0
11090,0.0,0.67335355,0.0,0.5807024,3944.7246,3.0
11091,,0.12583575,0.0,0.23738366,5671.359,3.0
11092,,0.32382256,,0.23709807,3856.365,3.0
11093,,0.20997757,,0.3107123,6927.4707,3.0
11094,,0.65984297,0.0,0.5892774,3693.3933,3.0
11095,,0.34419137,,0.28735703,1662.0366,3.0
11096,,,,,2666.578,3.0
11097,0.0,0.32547054,0.0,0.23467685,2763.7078,3.0
11098,0.0,0.08109809,0.0,0.08924091,1978.1372,3.0
11099,,0.025090188,,0.057409354,1698.0476,3.0
11100,,,,,2051.0127,3.0
11101,,,,,2933.0752,3.0
11102,,,,,2823.179,3.0
11103,,,,,1368.327,3.0
11104,,0.27220756,,0.19936012,44831.848,3.0
11105,,,,,44669.72,3.0
11106,,0.34268504,,0.27393642,37846.098,3.0
11107,,,,,9640.067,3.0
11108,1.0,0.37075445,1.0,0.25447008,9143.453,3.0
11109,,,,,26977.834,3.0
11110,0.0,0.37883767,0.0,0.25799733,21396.826,3.0
11111,,,,,25597.99,3.0
11112,,0.109957986,,0.06523768,29262.791,3.0
11113,,,,,22429.113,3.0
11114,,,,,16142.312,3.0
11115,,0.07448946,,0.07780071,26514.62,3.0
11116,,,,,26723.95,3.0
11117,,,,,128063.336,3.0
11118,,,,,96652.56,3.0
11119,,0.3467206,,0.24398014,7729.483,3.0
11120,,,,,11513.685,3.0
11121,,,,,3038.2615,3.0
11122,,,,,3608.256,3.0
11123,,0.2139601,,0.16748783,21242.709,3.0
11124,,0.34214264,,0.22461466,24244.39,3.0
11125,,0.14056706,,0.12522376,18870.81,3.0
11126,,0.35353863,1.0,0.24695778,25024.818,3.0
11127,,,,,19170.104,3.0
11128,,0.22256245,,0.15491892,30827.24,3.0
11129,0.0,0.08720807,0.0,0.09179849,20656.299,3.0
11130,,,,,191836.23,3.0
11131,,,,,4258.5664,3.0
11132,,,,,2108.8198,3.0
11133,,,,,1989.7406,3.0
11134,0.0,0.42647007,0.0,0.16325802,5374.825,3.0
11135,,,,,5146.2695,3.0
11136,0.0,0.19696191,0.0,0.10356759,5569.6177,3.0
11137,,0.32654962,,0.25548628,3966.0383,3.0
11138,,0.5885229,1.0,0.3447475,4593.0474,3.0
11139,,0.5172969,,0.27754998,2463.5742,3.0
11140,,0.52765924,,0.28554797,6341.6104,3.0
11141,,,,,34386.586,3.0
11142,,0.28373164,0.0,0.19572017,1496.0984,3.0
11143,,0.41162828,1.0,0.29187772,1711.4934,3.0
11144,,0.26982877,,0.17197162,3053.8467,3.0
11145,,0.16064031,,0.22551021,1926.2252,3.0
11146,0.0,0.47189355,0.0,0.34934714,2877.2354,3.0
11147,,0.15641436,0.0,0.12646236,16110.958,3.0
11148,,0.13972554,,0.097505294,16239.964,3.0
11149,,0.06317607,0.0,0.09356776,13396.154,3.0
11150,,0.13169384,0.0,0.20496435,12135.057,3.0
11151,,0.18731119,0.0,0.12707292,12353.086,3.0
11152,,0.1535387,,0.43760762,86.253235,3.0
11153,,,,,209.05026,3.0
11154,,0.08814808,0.0,0.35889378,212.52583,3.0
11155,,0.059639283,,0.5219426,106.2637,3.0
11156,,,,,8478.959,3.0
11157,,,,,13437.907,3.0
11158,,0.09734927,,0.30900174,11886.768,3.0
11159,,0.049749278,,0.26188326,11458.208,3.0
11160,,,,,14590.876,3.0
11161,,0.026896968,1.0,0.23065372,10288.389,3.0
11162,,,,,35065.043,3.0
11163,,0.043028377,,0.16726595,35116.676,3.0
11164,,0.11136969,,0.3192516,26834.643,3.0
11165,,,,,32825.434,3.0
11166,,,,,99.51237,3.0
11167,1.0,0.25563186,1.0,0.6607796,71.53798,3.0
11168,,0.09614095,0.0,0.31690985,159.3394,3.0
11169,,0.33144245,,0.6139292,135.4095,3.0
11170,,,,,6054.1875,3.0
11171,,0.1725475,,0.44960028,4516.5337,3.0
11172,,,,,7386.534,3.0
11173,,,,,9314.442,3.0
11174,,,,,7443.2563,3.0
11175,,,,,7307.312,3.0
11176,,,,,7199.8433,3.0
11177,,0.20755635,0.0,0.54503727,171.08446,3.0
11178,,0.29304257,,0.6963333,118.52813,3.0
11179,,,,,221.09248,3.0
11180,,0.20108937,,0.5292754,208.26573,3.0
11181,,,,,194.90617,3.0
11182,,,,,160.25906,3.0
11183,0.0,0.2997045,0.0,0.6683855,253.8832,3.0
11184,,,,,254.61226,3.0
11185,0.0,0.32264638,0.0,0.74979377,164.93633,3.0
11186,,,,,152.56699,3.0
11187,,,,,36891.08,3.0
11188,,,,,181.87881,3.0
11189,,0.3027917,,0.71981454,192.4516,3.0
11190,,,,,455.8462,3.0
11191,,,,,264.20447,3.0
11192,0.0,0.104267456,0.0,0.33556834,489.11353,3.0
11193,,,,,416.87567,3.0
11194,,0.053980857,,0.2892598,412.33893,3.0
11195,,,,,417.85904,3.0
11196,,0.28809065,0.0,0.63312453,262.9138,3.0
11197,0.0,0.20011148,0.0,0.5224249,326.98535,3.0
11198,0.0,0.21605866,0.0,0.4402623,161.49,3.0
11199,,0.20678608,,0.3968838,456.82736,3.0
11200,,0.12313738,0.0,0.3634532,474.63535,3.0
11201,,,,,452.7273,3.0
11202,,0.20832801,1.0,0.40075693,674.0225,3.0
11203,0.0,0.43791094,0.0,0.63468957,346.84763,3.0
11204,,0.157544,,0.43327996,431.6878,3.0
11205,,0.29662994,,0.46407652,396.26474,3.0
11206,,,,,416.05548,3.0
11207,0.0,0.09347265,0.0,0.293927,460.96637,3.0
11208,,0.22466826,0.0,0.551423,147.21503,3.0
11209,,0.24759217,,0.6042749,382.4222,3.0
11210,,0.15249278,1.0,0.46925548,50604.375,3.0
11211,,0.18244687,,0.4601452,424.7265,3.0
11212,,0.06112828,,0.24465723,469.3994,3.0
11213,,0.07025063,,0.29941052,391.10657,3.0
11214,,0.24666266,,0.60166276,364.52502,3.0
11215,,0.2517101,,0.6156951,253.58032,3.0
11216,,,,,304.6467,3.0
11217,,0.14293228,,0.49967262,300.22458,3.0
11218,,0.27263844,1.0,0.745416,166.17285,3.0
11219,,0.054657593,,0.32723,279.36023,3.0
11220,,0.12399767,,0.37956336,378.83228,3.0
11221,,,,,251.26091,3.0
11222,,,,,204.07513,3.0
11223,,,,,213.14424,3.0
11224,,0.06571049,,0.27600732,10691.903,3.0
11225,,,,,11239.027,3.0
11226,,,,,13345.296,3.0
11227,,0.10953679,,0.21952957,12474.354,3.0
11228,,,,,10509.567,3.0
11229,,,,,12743.831,3.0
11230,,,,,8383.841,3.0
11231,,,,,13130.083,3.0
11232,,,0.0,,582.4731,3.0
11233,,0.03404908,,0.3462324,547.47614,3.0
11234,,,,,604.49133,3.0
11235,,0.2890434,,0.6997025,265.30298,3.0
11236,,,,,800.1021,3.0
11237,1.0,0.21085875,1.0,0.42043126,1148.5793,3.0
11238,,0.17061524,,0.38586527,1132.3346,3.0
11239,0.0,0.33104983,0.0,0.63713926,834.6229,3.0
11240,,,,,898.04895,3.0
11241,,,,,1100.34,3.0
11242,,,,,533.1972,3.0
11243,,,,,2489.2393,3.0
11244,,,,,1578.5055,3.0
11245,,,,,2822.7278,3.0
11246,,,,,2482.7932,3.0
11247,,,,,3188.722,3.0
11248,,,,,1919.5469,3.0
11249,,0.28874958,,0.626282,908.29395,3.0
11250,,0.22240171,,0.5063102,1123.1288,3.0
11251,,,,,1159.0066,3.0
11252,,,,,897.8817,3.0
11253,,,,,573.3466,3.0
11254,,,,,258.30646,3.0
11255,1.0,0.14536053,1.0,0.51331854,774.93976,3.0
11256,,0.26731583,,0.36544117,135.23134,3.0
11257,,0.042583976,,0.27323952,684.29565,3.0
11258,,,,,666.2826,3.0
11259,,,,,304.4399,3.0
11260,,,,,659.4876,3.0
11261,,0.17580813,,0.47383544,3064.31,3.0
11262,,,,,3226.376,3.0
11263,,0.12328397,1.0,0.40307933,680.98444,3.0
11264,,,,,758.67957,3.0
11265,,,,,719.2471,3.0
11266,,,,,970.8909,3.0
11267,,,,,868.55304,3.0
11268,,0.19533396,0.0,0.5059962,780.93414,3.0
11269,,,,,1007.6911,3.0
11270,,,,,802.5996,3.0
11271,,0.20012265,1.0,0.52246296,72253.695,3.0
11272,,0.1952048,,0.7408462,435.2547,3.0
11273,,0.3320177,0.0,0.51924866,1218.6383,3.0
11274,,,,,1155.194,3.0
11275,,0.35498363,,0.7285215,565.8968,3.0
11276,0.0,0.10076334,0.0,0.36643928,799.9304,3.0
11277,,0.0590854,,0.35050526,451.1478,3.0
11278,,0.06370434,0.0,0.31607944,1158.3773,3.0
11279,,0.18542664,1.0,0.47093123,941.9866,3.0
11280,,0.15309668,,0.42006364,1221.599,3.0
11281,,,,,897.6458,3.0
11282,,,,,1023.72516,3.0
11283,,,,,1003.71857,3.0
11284,,0.33393973,,0.6001851,1184.6492,3.0
11285,,,,,2286.1626,3.0
11286,1.0,0.31546393,1.0,0.6107802,180.5264,3.0
11287,,0.124499954,,0.407383,143.34085,3.0
11288,0.0,0.03712436,0.0,0.21580334,160.43596,3.0
11289,,0.39996675,0.0,0.6555166,138.29062,3.0
11290,,,,,107.00162,3.0
11291,0.0,0.12251811,0.0,0.37254804,234.37373,3.0
11292,,0.06600797,1.0,0.33427924,123.58708,3.0
11293,,,,,116.44773,3.0
11294,,,,,24525.037,3.0
11295,0.0,0.07027473,0.0,0.2552357,20948.217,3.0
11296,,,,,633.7175,3.0
11297,,0.34356514,,0.643008,712.833,2.0
11298,,0.22761251,,0.5741498,513.0325,3.0
11299,,0.15956539,,0.51035684,558.7375,3.0
11300,,0.030695735,,0.18993367,624.00055,3.0
11301,0.0,0.04512408,0.0,0.28415194,455.62027,3.0
11302,,,,,498.958,3.0
11303,0.0,0.10239862,0.0,0.32843897,759.6855,3.0
11304,,,,,460.94006,3.0
11305,,,,,585.1166,3.0
11306,,0.19543372,,0.5063427,636.2154,3.0
11307,,,,,657.453,3.0
11308,,,,,1505.5168,3.0
11309,,0.078373805,,0.19839965,1554.8221,3.0
11310,,0.3350533,,0.43351567,1508.6483,3.0
11311,0.0,0.3750815,0.0,0.4575038,4886.235,3.0
11312,,0.06893556,0.0,0.18645294,4124.163,3.0
11313,,0.10789161,0.0,0.36034018,3149.6313,3.0
11314,0.0,0.06275095,0.0,0.3521338,3439.2422,3.0
11315,0.0,0.048035696,0.0,0.28670904,3744.0574,3.0
11316,,0.14424542,0.0,0.39441958,4375.3057,3.0
11317,0.0,0.18861052,0.0,0.29153094,5610.2305,3.0
11318,,0.023179559,,0.2933943,110555.26,3.0
11319,,0.54826725,,0.37642723,5634.353,3.0
11320,,0.67791474,,0.4555715,4859.7754,3.0
11321,0.0,0.27855882,0.0,0.21495152,2168.5435,3.0
11322,0.0,0.42446405,0.0,0.31408453,1721.9426,3.0
11323,,0.0643309,,0.102724195,2058.5515,3.0
11324,,,,,2211.0078,3.0
11325,0.0,0.5800634,0.0,0.39341584,2104.8618,3.0
11326,,0.27983415,0.0,0.21554539,2036.9596,3.0
11327,,0.17315608,0.0,0.18401645,1698.8783,3.0
11328,,0.5311989,1.0,0.36752236,2023.7686,3.0
11329,,0.5817261,0.0,0.46948633,10033.478,3.0
11330,,0.06633421,,0.14287567,14750.583,3.0
11331,,0.7511923,,0.7261514,11166.734,3.0
11332,,0.16291356,,0.22968479,13983.522,3.0
11333,,0.5872511,,0.48337084,15376.839,3.0
11334,0.0,0.62234473,0.0,0.52126706,9678.992,3.0
11335,,0.6497301,0.0,0.5516391,8082.1294,3.0
11336,,0.4833935,0.0,0.37271675,7713.1484,3.0
11337,,0.4405471,,0.40411398,5688.62,3.0
11338,,,,,7925.863,3.0
11339,,0.5032178,,0.5194518,4883.916,3.0
11340,,,,,10740.377,3.0
11341,,,,,130.07883,3.0
11342,,,,,3993.6006,3.0
11343,,,,,4283.5063,3.0
11344,,0.11410653,,0.20175184,4082.6482,3.0
11345,,0.07339188,,0.1584777,4575.8745,3.0
11346,,0.027721962,,0.16248956,3205.9695,3.0
11347,,,,,3384.4343,3.0
11348,,,,,3755.81,3.0
11349,,,,,3091.6812,3.0
11350,,0.2744501,,0.48348078,2482.699,3.0
11351,,0.33002988,0.0,0.5391561,192.68007,3.0
11352,,0.11814932,0.0,0.2891539,243.27223,3.0
11353,,,,,11358.619,3.0
11354,,,,,8443.034,3.0
11355,,,,,7776.4067,3.0
11356,,,,,8554.905,3.0
11357,,0.34001443,,0.4749319,105.27268,3.0
11358,,,,,102.706375,3.0
11359,,0.24929662,,0.30355483,185.59772,3.0
11360,,0.20954521,0.0,0.3374126,117.10415,3.0
11361,1.0,0.058965582,1.0,0.18720965,192.36037,3.0
11362,,0.05133472,,0.35844916,141.75354,3.0
11363,0.0,0.27964088,0.0,0.42403966,97.7072,3.0
11364,,,,,8086.4795,3.0
11365,,0.31223577,0.0,0.4538127,4578.034,3.0
11366,,,,,6056.162,3.0
11367,,0.0866915,,0.19453783,6772.1367,3.0
11368,,0.15861744,,0.15584214,6687.7637,3.0
11369,,0.06346245,0.0,0.17816779,3088.6995,3.0
11370,,0.09518197,,0.21057521,2822.689,3.0
11371,,0.061484747,,0.1449221,3447.0718,3.0
11372,,0.067388825,0.0,0.15179734,3111.643,3.0
11373,,,,,3798.779,3.0
11374,,,,,3937.6775,3.0
11375,,,,,2714.5588,3.0
11376,,,,,2266.7405,3.0
11377,,,,,2928.3357,3.0
11378,,,,,2874.7402,3.0
11379,,,,,3380.9917,3.0
11380,,0.22724187,,0.2955571,155.14865,3.0
11381,,,,,120.433754,3.0
11382,,,,,174.72278,3.0
11383,0.0,0.22383083,0.0,0.39465475,74.6305,3.0
11384,0.0,0.19259214,0.0,0.36656532,105.147316,3.0
11385,,,,,155.71155,3.0
11386,,0.36612484,0.0,0.46465477,167.44104,3.0
11387,,0.07207457,,0.15703644,154.1336,3.0
11388,0.0,0.19724712,0.0,0.37039882,110.21552,3.0
11389,,0.3941122,1.0,0.48720074,144.44173,3.0
11390,,,,,124.1431,3.0
11391,,,,,29699.945,3.0
11392,,0.16497742,,0.5168926,24.110529,3.0
11393,,,,,147.09343,3.0
11394,,,,,154.06577,3.0
11395,,,,,146.1623,3.0
11396,,,,,119.53703,3.0
11397,,,,,163.06516,3.0
11398,,,,,129.39377,3.0
11399,0.0,0.2951519,0.0,0.38254339,125.31165,3.0
11400,,,,,146.04524,3.0
11401,0.0,0.41210467,0.0,0.5137306,105.58428,3.0
11402,1.0,0.21915409,1.0,0.2901919,138.33533,3.0
11403,,0.10781852,,0.19232515,132.92569,3.0
11404,,0.328276,,0.46774408,130.03842,3.0
11405,,0.5385889,,0.64776814,114.40774,3.0
11406,,0.32926214,,0.46859074,110.23843,3.0
11407,,0.2900787,,0.37696415,139.18909,3.0
11408,,0.42430246,1.0,0.69173026,133.99355,3.0
11409,,,0.0,,145.83244,3.0
11410,,0.38066596,1.0,0.6818329,113.55288,3.0
11411,,0.30712962,1.0,0.46937138,160.48764,3.0
11412,1.0,0.39471102,1.0,0.49627003,242.18002,3.0
11413,0.0,,0.0,,236.39122,3.0
11414,,0.42883077,1.0,0.5302834,11159.578,3.0
11415,,,,,12198.834,3.0
11416,,,,,145.7333,3.0
11417,,0.23170845,,0.34594765,142.16577,3.0
11418,,,,,137.85043,3.0
11419,,0.10779639,,0.27473512,150.05211,3.0
11420,,0.238508,0.0,0.40234092,99.460884,3.0
11421,1.0,0.34197575,1.0,0.5152008,95.89795,3.0
11422,1.0,0.5143659,1.0,0.6134005,79.46236,3.0
11423,,0.20347856,0.0,0.36428574,61.756397,3.0
11424,,0.039961375,0.0,0.16996787,6352.3184,3.0
11425,,,,,7039.237,3.0
11426,,0.051420357,,0.19432537,6511.505,3.0
11427,,0.04407944,0.0,0.20956998,4852.48,3.0
11428,,0.03765525,0.0,0.16517776,116.00228,3.0
11429,,0.39197543,,0.5673993,106.37987,3.0
11430,1.0,0.78474694,1.0,0.75906336,111.83538,3.0
11431,,,,,69.823845,3.0
11432,,0.32675222,,0.46057275,107.81599,3.0
11433,,,,,174.06084,3.0
11434,,,,,151.15233,3.0
11435,1.0,0.4053477,1.0,0.5936248,53.407482,3.0
11436,,0.29058114,0.0,0.45443377,102.01968,3.0
11437,0.0,0.12662871,0.0,0.30218428,90.12126,3.0
11438,,0.47062337,,0.603471,113.731285,3.0
11439,,0.05125377,,0.15430357,34336.4,3.0
11440,,0.40172976,,0.48059812,174.88783,3.0
11441,,0.38629714,,0.52329594,228.55396,3.0
11442,,,,,168.91344,3.0
11443,,,,,357.71716,
11444,1.0,0.39463687,1.0,0.49619505,198.92497,3.0
11445,0.0,0.5383782,0.0,0.5159075,149.7421,3.0
11446,,,,,152.07848,3.0
11447,,,,,81.21359,3.0
11448,0.0,0.3644159,0.0,0.400057,180.24413,3.0
11449,,0.09023922,0.0,0.26205564,99.0072,3.0
11450,,,,,112.23722,3.0
11451,,,,,183.29202,3.0
11452,,,,,78.382515,3.0
11453,,,,,98.65892,3.0
11454,,,,,48.10998,3.0
11455,,0.48908284,,0.62044424,59.79127,3.0
11456,,,,,108.385574,3.0
11457,,0.45164394,1.0,0.4813319,43.125202,3.0
11458,,0.10978309,0.0,0.2597942,178.04031,3.0
11459,,,,,158.17638,3.0
11460,,,1.0,,181.32669,3.0
11461,,,,,144.67755,3.0
11462,,,,,242.49251,3.0
11463,1.0,0.44665012,1.0,0.64772254,111.0862,3.0
11464,,0.3637963,,0.46611622,80.78464,3.0
11465,,,,,267.8425,3.0
11466,,,,,205.37367,3.0
11467,1.0,0.35390344,1.0,0.47605368,336.07916,3.0
11468,,0.5383828,,0.61960816,236.85118,3.0
11469,,,,,298.69644,3.0
11470,,,,,206.34563,3.0
11471,0.0,0.554869,0.0,0.6378072,269.43246,3.0
11472,,,,,319.94043,3.0
11473,,,,,3597.9604,3.0
11474,,0.50945264,,0.22816685,5806.443,3.0
11475,,0.5857814,,0.60331905,173.48721,3.0
11476,,,,,157.70076,3.0
11477,,0.24877523,,0.6057704,35.144337,3.0
11478,,0.3995639,,0.5733162,132.2426,3.0
11479,,,,,41.63506,3.0
11480,,,,,352.72467,3.0
11481,0.0,0.35760346,0.0,0.4579206,283.38974,3.0
11482,,,,,607.54,3.0
11483,0.0,0.21556598,0.0,0.25953194,648.5211,3.0
11484,,,,,481.2879,3.0
11485,1.0,0.4634661,1.0,0.651832,350.84302,3.0
11486,,,,,484.68304,3.0
11487,,,,,290.431,3.0
11488,,0.4384711,,0.55436385,155.80934,3.0
11489,,0.54212713,,0.65090317,307.5925,3.0
11490,,,,,313.97723,3.0
11491,0.0,,0.0,,588.68787,3.0
11492,0.0,0.14430913,0.0,0.17301981,671.5751,3.0
11493,,0.050902575,,0.1619008,628.52423,3.0
11494,,,,,409.5973,3.0
11495,,0.46575978,1.0,0.60278296,298.24594,3.0
11496,,0.22486693,1.0,0.3921494,466.95193,3.0
11497,0.0,0.20926107,0.0,0.32380357,507.7761,3.0
11498,0.0,0.19794054,0.0,0.3298684,629.5933,3.0
11499,,0.31571993,,0.51105195,88.80876,3.0
11500,,,,,69.720665,3.0
11501,0.0,0.28859317,0.0,0.5088151,41.37911,3.0
11502,0.0,0.24799569,0.0,0.40460235,105.066795,3.0
11503,0.0,,0.0,,101.33279,3.0
11504,,0.2759541,,0.37263057,2849.5742,3.0
11505,,,0.0,,3153.6719,3.0
11506,,,,,2650.5974,3.0
11507,,,0.0,,2708.2488,3.0
11508,,,0.0,,2859.334,3.0
11509,,,,,3018.4053,3.0
11510,,,,,2268.8733,3.0
11511,,,,,6061.8535,3.0
11512,,0.57088035,,0.7298739,4343.6465,3.0
11513,,0.07750066,,0.38865194,4752.2363,3.0
11514,,0.53053916,,0.65388584,3739.821,3.0
11515,,0.16095512,0.0,0.1880193,11457.572,3.0
11516,,0.15298933,,0.24782713,12300.676,3.0
11517,,0.105860315,,0.33078295,10455.159,3.0
11518,0.0,0.3383997,0.0,0.46338198,12247.419,3.0
11519,,0.059036586,0.0,0.17162424,10268.355,3.0
11520,,0.07848227,,0.30195808,107116.78,3.0
11521,,0.13835622,,0.41373476,11912.582,3.0
11522,,0.05847528,,0.17094508,15336.992,3.0
11523,,0.039268833,,0.1775458,13886.824,3.0
11524,,0.036358003,,0.1724359,12378.386,3.0
11525,,,,,17162.896,3.0
11526,,,,,11748.853,3.0
11527,,0.04876334,,0.15509136,5563.0215,3.0
11528,,0.026328783,,0.17870373,3860.897,3.0
11529,,0.08617823,,0.29677397,4318.751,3.0
11530,,0.024080766,,0.20693935,3903.4746,3.0
11531,,0.02522686,,0.1775986,3656.1409,3.0
11532,,,,,5103.3955,3.0
11533,,0.05988123,,0.22237164,4333.8184,3.0
11534,,,,,4200.467,3.0
11535,,,,,3722.0852,3.0
11536,,0.05116861,,0.2820318,2493.344,3.0
11537,,0.020872608,,0.19277227,4331.0664,3.0
11538,,0.07293042,,0.1922093,8934.392,3.0
11539,,0.09798588,,0.40160245,9732.538,3.0
11540,,,,,8755.093,3.0
11541,,0.03241201,,0.20159402,10186.856,3.0
11542,,,,,9066.123,3.0
11543,,0.018695448,,0.15709278,6997.6973,3.0
11544,,,,,9994.64,3.0
11545,,,,,7064.294,3.0
11546,,,,,74.112366,3.0
11547,0.0,0.06815079,0.0,0.29169902,232.89995,3.0
11548,,0.059099354,,0.2779927,8079.0894,3.0
11549,,0.051891875,,0.20688654,8935.965,3.0
11550,,0.03961451,,0.18017338,9098.379,3.0
11551,,,,,6695.5806,3.0
11552,,0.057468697,,0.2033571,10873.087,3.0
11553,,,,,8393.825,3.0
11554,,,,,11498.334,3.0
11555,,,,,11304.696,3.0
11556,,0.025552018,,0.17876452,8761.986,3.0
11557,,0.16987316,,0.4007167,228.0537,3.0
11558,,0.116885185,,0.344598,232.57324,3.0
11559,,0.33901352,,0.6696277,131.32304,3.0
11560,,0.22312805,,0.5009474,159.38605,3.0
11561,,0.20396501,,0.48365915,176.88194,3.0
11562,,,,,161.30212,3.0
11563,,,,,198.47513,3.0
11564,,0.037871346,,0.21778683,9896.17,3.0
11565,,0.07390741,,0.3324965,6888.04,3.0
11566,,,,,5419.1104,3.0
11567,,,,,3861.753,3.0
11568,,,,,3874.3064,3.0
11569,,0.06599311,,0.18230604,4336.407,3.0
11570,,,,,3628.4421,3.0
11571,,0.022756277,,0.201238,3050.6978,3.0
11572,,0.048061926,,0.19897757,3420.6975,3.0
11573,,,,,2224.386,3.0
11574,,0.08158985,,0.29129192,4604.56,3.0
11575,,,,,2792.5632,3.0
11576,,0.052052528,,0.27686492,2609.4932,3.0
11577,,0.048985444,,0.20091653,3416.6885,3.0
11578,,0.020451238,,0.16252874,3922.4773,3.0
11579,,0.053083867,,0.27870214,180.24518,3.0
11580,,0.077594504,,0.30465,231.30705,3.0
11581,,0.20021178,,0.47514465,117.729195,3.0
11582,0.0,0.06776156,0.0,0.29113793,171.58044,3.0
11583,0.0,0.13248551,0.0,0.39741778,128.20389,3.0
11584,,,,,190.69135,3.0
11585,0.0,0.1362065,0.0,0.35364118,236.35793,3.0
11586,0.0,0.28517595,0.0,0.4602194,219.14891,3.0
11587,,0.40936324,,0.64900625,134.49883,3.0
11588,0.0,0.12595125,0.0,0.3379596,55741.44,3.0
11589,,0.20414755,,0.40609595,393.1956,3.0
11590,,0.25700092,,0.5829175,253.3752,3.0
11591,,,,,381.03635,3.0
11592,,,,,397.8321,3.0
11593,,,,,60.660465,3.0
11594,,0.34174404,,0.5660401,72.814674,3.0
11595,0.0,0.23940393,0.0,0.5028553,78.42199,3.0
11596,,0.23775554,,0.50110954,66.56691,3.0
11597,,0.34184206,,0.619237,48.60364,3.0
11598,0.0,0.090483256,0.0,0.35563138,74.957565,3.0
11599,,,,,76.26711,3.0
11600,,,,,10290.489,3.0
11601,,0.13817261,,0.37128538,423.77863,3.0
11602,,0.43762228,,0.6732092,309.80133,3.0
11603,,,,,181.05603,3.0
11604,,0.12971707,,0.45987943,408.81177,3.0
11605,0.0,0.10491061,0.0,0.35971552,177.7295,3.0
11606,,0.08325489,,0.3270748,289.79,3.0
11607,,,,,188.3528,3.0
11608,,,,,297.9271,3.0
11609,,0.20257634,,0.4823618,243.58752,3.0
11610,0.0,0.28751805,0.0,0.6452863,142.26688,3.0
11611,,,,,328.9967,3.0
11612,,0.03450714,,0.16904435,436.88306,3.0
11613,,0.38958836,1.0,0.5620154,160.4356,3.0
11614,,0.24826004,,0.51209563,248.75018,3.0
11615,,0.3360398,,0.5601942,247.60123,3.0
11616,,0.22346276,,0.5012397,310.11713,3.0
11617,,0.22480844,,0.48212066,73.626,3.0
11618,0.0,0.26359093,0.0,0.5275639,71.28586,3.0
11619,0.0,0.2568092,0.0,0.5208008,68.32883,3.0
11620,0.0,0.17480262,0.0,0.44203764,57.858562,3.0
11621,,0.3231537,,0.61444026,53.491497,3.0
11622,,,,,88.1866,3.0
11623,,0.07475483,,0.20510219,105.49239,3.0
11624,,0.33770207,,0.6263594,29391.99,3.0
11625,,,,,506.59354,3.0
11626,,0.4114512,,0.6812477,345.69775,3.0
11627,,0.6044298,,0.7982292,308.64438,3.0
11628,,0.4148402,,0.6519497,257.64178,3.0
11629,,0.35395434,,0.4900375,182.14897,3.0
11630,,,,,165.70485,3.0
11631,,,,,167.56952,3.0
11632,,0.39806718,,0.61832863,65.65588,3.0
11633,,0.42619535,,0.6684801,73.8663,3.0
11634,,0.27432716,1.0,0.59944034,125.755104,3.0
11635,,,,,176.5517,3.0
11636,,,,,4164.972,3.0
11637,,0.39439133,,0.5566047,1209.7235,3.0
11638,,0.3451133,,0.6322772,1196.4578,3.0
11639,,0.124522455,,0.354514,142.25081,3.0
11640,,0.15945022,,0.38679236,141.91676,3.0
11641,0.0,0.3556234,0.0,0.6405009,128.46169,3.0
11642,0.0,0.2048823,0.0,0.46441403,155.9839,3.0
11643,,,,,157.16463,3.0
11644,,,,,30.264582,3.0
11645,0.0,0.15587023,0.0,0.4911154,30.907478,3.0
11646,1.0,0.15712035,1.0,0.38360497,182.68005,3.0
11647,,0.049810734,,0.16140577,5706.5825,3.0
11648,0.0,0.31212106,0.0,0.57270527,3493.6868,3.0
11649,,,,,9703.748,3.0
11650,,0.024422202,,0.17375256,9290.881,3.0
11651,,,,,8656.513,3.0
11652,,0.06911399,,0.18682478,8749.271,3.0
11653,,0.053216893,,0.34195027,7957.5845,3.0
11654,,,,,7816.7593,3.0
11655,,0.18299931,,0.46335045,7734.4756,3.0
11656,,,,,212.97346,3.0
11657,,0.10169237,,0.3604441,116.97816,3.0
11658,,0.038338486,,0.21910536,179.67073,3.0
11659,,,,,170.08665,3.0
11660,,,,,131.80869,3.0
11661,,0.23866819,1.0,0.54103863,109.13596,3.0
11662,,0.18427905,,0.4490669,164.88426,3.0
11663,,,,,159.07259,3.0
11664,,0.036301747,,0.17219146,14646.805,3.0
11665,,,,,12863.869,3.0
11666,,0.011711407,,0.1501345,13635.352,3.0
11667,,,,,15417.587,3.0
11668,,0.19446233,,0.4726824,97.845985,3.0
11669,,,,,153.2503,3.0
11670,,0.10794677,,0.35537547,122.238625,3.0
11671,,,,,144.83505,3.0
11672,,,,,161.96516,3.0
11673,,0.049729772,,0.2726267,4849.2905,3.0
11674,,0.113117814,,0.23216543,7974.1064,3.0
11675,,0.024465967,,0.14816496,7487.1616,3.0
11676,,0.08129148,,0.29092798,5631.1807,3.0
11677,,0.036190797,,0.17213428,6697.8877,3.0
11678,,0.13844763,,0.42221144,4588.7705,3.0
11679,,0.09018346,,0.3202364,5458.9043,3.0
11680,,0.41417864,,0.2414134,2506.2422,3.0
11681,,,,,2605.7136,3.0
11682,,,0.0,,3094.4417,3.0
11683,,0.46860376,1.0,0.25140306,3910.5762,3.0
11684,,0.1344336,0.0,0.13450572,5442.206,3.0
11685,1.0,0.46464938,1.0,0.228362,3022.6636,3.0
11686,,0.32427248,0.0,0.21513431,3324.8564,3.0
11687,,0.28368756,,0.15183878,1827.2202,3.0
11688,,0.08256902,0.0,0.10080571,4348.7437,3.0
11689,,0.1793059,0.0,0.11265891,4151.6777,3.0
11690,,0.33423662,,0.20111439,10807.615,3.0
11691,,0.23490232,0.0,0.18607007,9023.607,3.0
11692,,0.70032626,,0.3887795,7557.494,3.0
11693,,0.4215149,,0.24473496,8680.55,3.0
11694,,0.07145442,0.0,0.07408846,13260.031,3.0
11695,,0.15614131,,0.112572186,20677.34,3.0
11696,,0.24618018,0.0,0.18473879,15029.129,3.0
11697,,0.15223812,1.0,0.075998485,17989.184,3.0
11698,,0.26532498,0.0,0.19398259,15135.613,3.0
11699,,0.06330676,0.0,0.06893154,12931.949,3.0
11700,,0.32111213,0.0,0.16420154,155850.05,3.0
11701,,,,,214.01791,3.0
11702,,0.22322595,1.0,0.4339338,228.93336,3.0
11703,0.0,0.29597178,0.0,0.3717333,296.86035,3.0
11704,,0.07031855,,0.2713029,5009.57,3.0
11705,,,,,6273.524,3.0
11706,,,,,6903.068,3.0
11707,,,,,9553.485,3.0
11708,,,,,6178.56,3.0
11709,,0.09889013,0.0,0.45842168,3778.273,3.0
11710,,,,,4642.308,3.0
11711,,0.52840894,,0.7347952,4893.9194,3.0
11712,,,,,114.00595,3.0
11713,,0.18546395,,0.35990146,196.03708,3.0
11714,,0.4355848,,0.60587496,105.39184,3.0
11715,,0.491406,,0.69116575,100.818054,3.0
11716,0.0,0.2525081,0.0,0.4486829,135.589,3.0
11717,,,,,153.19765,3.0
11718,0.0,0.30743545,0.0,0.5024181,228.36832,3.0
11719,,,,,198.02527,3.0
11720,,,,,233.06398,3.0
11721,0.0,0.14174028,0.0,0.3514272,193.65005,3.0
11722,,,,,213.05989,3.0
11723,,,,,172.42952,3.0
11724,,0.37782016,,0.58104545,79.96303,3.0
11725,,,1.0,,140.50864,3.0
11726,,0.2542611,0.0,0.4570222,136.11864,3.0
11727,,0.26009354,1.0,0.4154103,155.05775,3.0
11728,,0.56791365,0.0,0.68277687,88.8088,3.0
11729,,0.3715786,,0.534995,80.166695,3.0
11730,,0.57759327,0.0,0.75695854,85.33153,3.0
11731,,,,,10147.791,3.0
11732,,,,,7627.8228,3.0
11733,,,,,9790.896,3.0
11734,,0.21193102,,0.22324939,10050.582,3.0
11735,,,,,7678.9956,3.0
11736,,0.49455,,0.6542008,219.1613,3.0
11737,,,,,45.501175,3.0
11738,,0.3992466,,0.6097887,114.87526,3.0
11739,,,,,209.57286,3.0
11740,0.0,0.02687518,0.0,0.17866106,183.51584,3.0
11741,,0.31670448,0.0,0.506278,128.33542,3.0
11742,,,,,128.4495,3.0
11743,,,,,287.62192,3.0
11744,0.0,0.16658905,0.0,0.33774158,272.4301,3.0
11745,,,,,17024.502,3.0
11746,,0.20296827,,0.37943688,22779.7,3.0
11747,,,,,690.20667,3.0
11748,,0.5514551,,0.81705797,269.93576,3.0
11749,,0.39451838,,0.5404203,779.01276,3.0
11750,,0.39260885,,0.47531244,196.64694,3.0
11751,,,,,720.63135,3.0
11752,,,,,472.72272,3.0
11753,,,,,870.6686,3.0
11754,,,,,517.2492,3.0
11755,0.0,0.14423662,0.0,0.25905,640.15497,3.0
11756,,,,,519.1634,3.0
11757,1.0,0.36561355,1.0,0.52259445,470.54544,3.0
11758,,,,,610.61285,3.0
11759,,,,,172.1626,3.0
11760,,0.316586,1.0,0.510402,178.37778,3.0
11761,,,,,177.80469,3.0
11762,0.0,,0.0,,108.66093,3.0
11763,0.0,0.19237657,0.0,0.4129554,165.45483,3.0
11764,,,,,115.82985,3.0
11765,,,,,253.70346,3.0
11766,,,,,6037.73,3.0
11767,,,,,4857.2134,3.0
11768,,,,,5757.6504,3.0
11769,,0.04758871,,0.19451086,4896.8867,3.0
11770,,,,,5733.5093,3.0
11771,,0.85198253,,0.6916605,652.8727,3.0
11772,,0.91255707,,0.5471672,482.92224,3.0
11773,,,,,749.49115,3.0
11774,,0.54136556,1.0,0.6833127,453.26663,3.0
11775,,,,,220.43947,3.0
11776,,0.30464786,,0.40612748,700.6203,3.0
11777,,0.6469521,1.0,0.58857185,575.9313,3.0
11778,,0.2837983,1.0,0.55597585,473.986,3.0
11779,,,,,419.44363,3.0
11780,,0.35141212,,0.50479126,334.2803,3.0
11781,,,,,426.5502,3.0
11782,,,,,18899.186,3.0
11783,,,,,77.785385,3.0
11784,,0.22376621,,0.43845615,68.67451,3.0
11785,,0.5293981,,0.60849655,71.467514,3.0
11786,,0.17754096,,0.37149706,133.71545,3.0
11787,,,,,170.43524,3.0
11788,,,,,296.53,3.0
11789,,,,,270.2493,3.0
11790,,0.38331586,,0.50280684,147.20035,3.0
11791,,,,,214.134,3.0
11792,,,,,319.1137,3.0
11793,1.0,0.39331684,1.0,0.551456,307.2479,3.0
11794,,,,,25994.545,3.0
11795,,,,,205.70706,3.0
11796,,,,,176.32716,3.0
11797,,,,,148.98724,3.0
11798,,,,,182.58769,3.0
11799,,,,,176.22383,3.0
11800,,,,,93.45234,3.0
11801,,0.2992756,0.0,0.5872107,107.31211,3.0
11802,,0.128186,,0.30215174,160.96426,3.0
11803,,,,,155.38977,3.0
11804,0.0,0.2261303,0.0,0.43895516,116.57241,3.0
11805,,,,,1664.8862,3.0
11806,,,,,2902.418,3.0
11807,,,,,81.98716,3.0
11808,,,,,200.20505,3.0
11809,,,,,131.91331,3.0
11810,,0.42452165,,0.62822795,71.916534,3.0
11811,,0.33532146,,0.5263556,105.48898,3.0
11812,,,,,145.53665,3.0
11813,0.0,0.31157392,0.0,0.5060453,132.00739,3.0
11814,,,,,161.96661,3.0
11815,,,,,167.06345,3.0
11816,,,,,9046.966,3.0
11817,,0.107546106,,0.27971566,9100.128,3.0
11818,,,,,7612.495,3.0
11819,,0.41086617,,0.56857353,718.59033,3.0
11820,,0.5058761,,0.5626298,441.4866,3.0
11821,,,,,458.40256,3.0
11822,0.0,0.20387621,0.0,0.34454653,744.93085,3.0
11823,,,,,345.22876,3.0
11824,,,,,600.8045,3.0
11825,,,,,115.779655,3.0
11826,,,,,324.3887,3.0
11827,,,,,595.41754,3.0
11828,1.0,0.30076897,1.0,0.5390301,499.0038,3.0
11829,,,,,522.0129,3.0
11830,,0.37471068,,0.59053737,532.394,3.0
11831,,,,,498.38705,3.0
11832,,,,,686.762,3.0
11833,,,,,457.4188,3.0
11834,,,,,257.44833,3.0
11835,,,,,445.12555,3.0
11836,0.0,0.11915612,0.0,0.35057405,324.44797,3.0
11837,,,,,221.83069,3.0
11838,,0.11311392,,0.28600886,362.28384,3.0
11839,,,,,415.7031,3.0
11840,,,,,481.84085,3.0
11841,,,,,58471.332,3.0
11842,,,,,821.59814,3.0
11843,,0.51071274,,0.6574603,719.53296,3.0
11844,,0.07841686,,0.28421864,581.61224,3.0
11845,,,,,358.70035,3.0
11846,,,,,436.71066,3.0
11847,1.0,0.42439565,1.0,0.5815104,391.88202,3.0
11848,,,,,324.0806,3.0
11849,0.0,0.1545795,0.0,0.36900032,309.45737,3.0
11850,,0.030636946,,0.2179211,314.86688,3.0
11851,1.0,0.38482106,1.0,0.5328234,369.28516,3.0
11852,,,,,389.1781,3.0
11853,,,,,267.64468,3.0
11854,,0.42685932,,0.41346574,65.05023,3.0
11855,,0.39464152,,0.47690412,108.159775,3.0
11856,,,,,228.26729,3.0
11857,1.0,0.4120515,1.0,0.6185737,294.6314,3.0
11858,,0.11050835,,0.48157194,259.32516,3.0
11859,,,,,326.59894,3.0
11860,,0.35499516,,0.5470151,260.74377,3.0
11861,,,,,321.53073,3.0
11862,1.0,0.45552438,1.0,0.55297583,385.33075,3.0
11863,1.0,0.5241177,1.0,0.6840709,328.3427,3.0
11864,,0.30591172,,0.49430066,304.36737,3.0
11865,,0.122721605,,0.3236788,16304.04,3.0
11866,,0.3804155,,0.66694045,70.78367,3.0
11867,,,,,128.47919,3.0
11868,0.0,0.58259237,0.0,0.53079075,125.42097,3.0
11869,1.0,0.34653857,1.0,0.416581,101.70729,3.0
11870,,,,,183.72353,3.0
11871,,0.2208001,,0.37832886,121.479164,3.0
11872,,,,,1989.6989,3.0
11873,,,,,2284.6836,3.0
11874,,,,,2269.4072,3.0
11875,,,,,2297.8518,3.0
11876,,,,,1856.9171,3.0
11877,,,,,2064.288,3.0
11878,,0.16124116,1.0,0.41189054,507.07477,3.0
11879,,0.065473765,,0.30181366,10847.157,3.0
11880,,,,,11733.601,3.0
11881,,,,,11116.565,3.0
11882,,,,,12088.448,3.0
11883,,,,,14643.364,3.0
11884,,,,,206.27495,3.0
11885,,0.28141704,,0.5744929,106.613716,3.0
11886,,0.15603544,,0.44428715,140.12425,3.0
11887,,0.13378225,,0.54828143,194.06139,3.0
11888,0.0,0.23146413,0.0,0.53268033,229.75435,3.0
11889,,,,,280.74817,3.0
11890,1.0,0.2388611,1.0,0.53997296,279.592,3.0
11891,,0.01859349,,0.24740843,304.05682,3.0
11892,,,,,367.2174,3.0
11893,,0.11103792,0.0,0.38923538,216.24101,3.0
11894,,,,,213.19568,3.0
11895,,,,,265.73706,3.0
11896,,0.3088875,,0.6558402,121.0338,3.0
11897,,,,,219.9841,3.0
11898,,,,,200.35062,3.0
11899,1.0,0.11958522,1.0,0.36516356,270.7513,3.0
11900,0.0,0.09631813,0.0,0.34802157,267.25894,3.0
11901,,0.19239283,1.0,0.49093235,256.06497,3.0
11902,,,,,5734.6245,3.0
11903,,0.06756052,,0.33711123,6092.556,3.0
11904,,0.11287803,,0.3990427,5343.932,3.0
11905,,,,,7717.9473,3.0
11906,,,,,6682.018,3.0
11907,,0.42454183,,0.69277716,2498.318,3.0
11908,,0.29636383,,0.62802887,2328.901,3.0
11909,,0.24044926,,0.5251118,3123.9568,3.0
11910,,0.23887612,,0.522216,836.3989,3.0
11911,,0.3083401,,0.6225099,1643.5747,3.0
11912,,,,,2363.4324,3.0
11913,,0.38859507,,0.6568799,1768.8025,3.0
11914,,,,,2212.5364,3.0
11915,,,,,1636.8202,3.0
11916,0.0,0.20608449,0.0,0.5062333,1803.4518,3.0
11917,,0.137345,0.0,0.3917974,2150.9878,3.0
11918,,0.099376775,,0.32745108,2379.5588,3.0
11919,,,,,307.6734,3.0
11920,,0.29955834,1.0,0.67391616,228.79285,3.0
11921,,0.21672423,,0.60877186,249.03801,3.0
11922,,0.33355224,1.0,0.6562827,215.24031,3.0
11923,0.0,0.030189065,0.0,0.43322873,507.7363,3.0
11924,,0.17579484,0.0,0.4878364,427.04776,3.0
11925,,0.11862261,1.0,0.36364836,569.27203,3.0
11926,,,,,662.92584,3.0
11927,,,,,103.41467,3.0
11928,,0.16929287,,0.4568314,419.21732,3.0
11929,,0.14972277,1.0,0.3852761,446.4294,3.0
11930,,0.17609324,,0.4768256,198.82272,3.0
11931,,,,,19645.137,3.0
11932,,,,,17856.059,3.0
11933,,,,,19476.582,3.0
11934,,,,,15511.795,3.0
11935,,,,,10493.387,3.0
11936,,,,,21668.432,3.0
11937,,,,,29220.99,3.0
11938,,,,,23323.207,3.0
11939,,0.24206994,,0.56917506,129.09755,3.0
11940,,,,,223.05296,3.0
11941,,,,,129.45651,3.0
11942,,0.56303334,1.0,0.7393133,150.3511,3.0
11943,0.0,0.27005395,0.0,0.5601311,195.11426,3.0
11944,,,,,69.732025,3.0
11945,,,,,110.7027,3.0
11946,,0.1098618,1.0,0.319195,218.67923,3.0
11947,,0.19592752,,0.51156753,130.00418,3.0
11948,,,,,115.69325,3.0
11949,0.0,0.21090473,0.0,0.5497069,117.472694,3.0
11950,,,,,180.86552,3.0
11951,,,,,43.72768,3.0
11952,,0.14707226,,0.4375038,93.305534,3.0
11953,,0.2776019,,0.51779664,129.14041,3.0
11954,,,,,298.93997,3.0
11955,,,,,208.1464,3.0
11956,,0.33037296,,0.6438332,279.47208,3.0
11957,,0.084905446,0.0,0.34642828,300.09875,3.0
11958,,0.14119469,,0.31973866,409.06976,3.0
11959,,0.18908983,,0.40825993,422.9242,3.0
11960,,,,,274.62515,3.0
11961,,,,,450.26172,3.0
11962,,,,,369.8625,3.0
11963,,0.20352955,,0.47851038,224.97125,3.0
11964,,0.23426487,,0.53546214,245.16875,3.0
11965,,,,,124.21912,3.0
11966,,,,,199.54814,3.0
11967,,0.109440126,1.0,0.34878126,790.7146,3.0
11968,,,,,726.6944,3.0
11969,,0.31714702,,0.6100848,606.5253,3.0
11970,,0.34611538,,0.6041809,572.45154,3.0
11971,,0.15814096,0.0,0.46807417,413.11194,3.0
11972,,0.28331894,1.0,0.8247332,215.71658,3.0
11973,,0.20955959,0.0,0.54527116,505.03836,3.0
11974,,,,,41413.9,3.0
11975,,,,,262.30264,3.0
11976,,,,,157.37003,3.0
11977,,0.32457852,,0.6383506,322.97858,3.0
11978,0.0,0.21382836,0.0,0.5217852,215.71815,3.0
11979,,0.38913602,,0.588961,601.7589,3.0
11980,,,,,577.2998,3.0
11981,,,,,637.0143,3.0
11982,0.0,0.25661778,0.0,0.52663934,539.56244,3.0
11983,,0.057641316,0.0,0.32802346,320.79727,3.0
11984,0.0,0.38669676,0.0,0.7287996,319.43637,3.0
11985,,,,,494.2375,3.0
11986,,,,,454.85144,3.0
11987,,,,,258.03928,3.0
11988,,,,,336.633,3.0
11989,,0.14674436,,0.40498096,320.48837,3.0
11990,,,,,332.1602,3.0
11991,0.0,0.0925783,0.0,0.3445469,241.16492,3.0
11992,,,,,257.76553,3.0
11993,,,,,467.15826,3.0
11994,,0.058844056,,0.36317468,387.14856,3.0
11995,,,,,334.02435,3.0
11996,,,,,341.77325,3.0
11997,,,,,45305.176,3.0
11998,,0.05522054,,0.4419499,811.9717,3.0
11999,,0.39319134,,0.6969717,547.2619,3.0
12000,,0.3913503,,0.68486947,923.9953,3.0
12001,,0.14974064,,0.4566406,505.45618,3.0
12002,,0.094243675,1.0,0.5071539,760.9392,3.0
12003,,,,,1149.2668,3.0
12004,,,,,1097.66,3.0
12005,0.0,0.20559718,0.0,0.5105516,657.2375,3.0
12006,0.0,0.19431844,0.0,0.46269336,475.16995,3.0
12007,,,,,1164.8267,3.0
12008,,0.11110259,,0.24282783,137873.11,3.0
12009,,,,,298.05,3.0
12010,,,,,183.81064,3.0
12011,,0.2968266,,0.58931696,309.0527,3.0
12012,,,,,263.19595,3.0
12013,,0.026548464,,0.23069856,638.68146,3.0
12014,,0.13934429,0.0,0.44180351,506.54788,3.0
12015,0.0,0.08232299,0.0,0.4869365,463.7097,3.0
12016,,,,,513.15753,3.0
12017,,,,,249.98033,3.0
12018,,0.28315073,1.0,0.57468194,567.282,3.0
12019,,0.21876064,,0.52835655,387.0585,3.0
12020,,0.20241985,,0.5061227,509.907,3.0
12021,,,,,220.89021,3.0
12022,,,,,208.54169,3.0
12023,,,,,164.29161,3.0
12024,,,,,112.56787,3.0
12025,,,,,201.12361,3.0
12026,,,,,248.00159,3.0
12027,,,,,222.23984,3.0
12028,,0.15516564,0.0,0.42599386,175.2264,3.0
12029,0.0,0.2515151,0.0,0.41658556,40.244564,3.0
12030,,,,,227.12154,3.0
12031,,,,,46705.133,3.0
12032,,,,,200.91127,3.0
12033,,0.2852121,,0.5747441,135.64748,3.0
12034,,0.33878744,,0.5368281,53.943264,3.0
12035,,,,,199.00487,3.0
12036,,,,,311.5544,3.0
12037,,,,,9787.18,3.0
12038,,,,,13464.483,3.0
12039,,,,,7221.201,3.0
12040,,,,,8772.879,3.0
12041,,,,,9283.265,3.0
12042,,,,,11734.541,3.0
12043,,0.24448839,,0.5211401,3570.9333,3.0
12044,,0.51029426,,0.6302924,2282.195,3.0
12045,,0.5724484,,0.6832931,3915.3228,3.0
12046,,0.09256761,,0.4512479,3630.047,3.0
12047,,,,,1672.536,3.0
12048,,0.215808,0.0,0.41270077,3662.1868,3.0
12049,,,,,3274.3303,3.0
12050,,0.48967466,1.0,0.6301058,3799.2139,3.0
12051,0.0,0.108247675,0.0,0.21530738,5328.1865,3.0
12052,,,,,3802.887,3.0
12053,,0.049961794,,0.23836079,3608.881,3.0
12054,0.0,0.29274338,0.0,0.4323685,3908.1284,3.0
12055,,,,,2230.8242,3.0
12056,,0.4243387,,0.5400787,2352.5908,3.0
12057,,,,,1504.0602,3.0
12058,,0.07684114,,0.22078846,3010.1086,3.0
12059,,,0.0,,2440.638,3.0
12060,,,,,122025.13,3.0
12061,,0.13610989,,0.23628138,134412.16,3.0
12062,,,,,143097.62,3.0
12063,,0.11388503,,0.27831808,126945.64,3.0
12064,,0.04829782,,0.20810892,120610.34,3.0
12065,,0.09136142,,0.19827338,138168.98,3.0
12066,,,,,141873.7,3.0
12067,,0.39659843,,0.52433294,5817.7695,3.0
12068,,0.30611214,,0.5209204,5091.101,3.0
12069,,0.24289532,,0.51995015,6868.7104,3.0
12070,,0.48318473,0.0,0.62675977,4682.5005,3.0
12071,,0.032519344,,0.19645713,77626.78,3.0
12072,,0.1438312,,0.3492094,58023.484,3.0
12073,,0.32400912,,0.5510693,77116.914,3.0
12074,,0.381156,1.0,0.51538604,88999.31,3.0
12075,,0.061753113,,0.23273142,86638.93,3.0
12076,,0.08119319,,0.1871948,79797.25,3.0
12077,,0.0899741,,0.19680215,110850.33,3.0
12078,0.0,0.3916274,0.0,0.59559953,3117.577,3.0
12079,0.0,0.359696,0.0,0.5072254,3326.4036,3.0
12080,,,,,3041.7083,3.0
12081,,0.51706976,1.0,0.69376165,3542.0156,3.0
12082,,,,,1943.7749,3.0
12083,,,,,4257.8936,3.0
12084,,0.23608783,,0.3664869,120218.05,3.0
12085,,,,,161034.05,3.0
12086,,,,,148246.05,3.0
12087,,0.12521747,,0.23106626,195606.02,3.0
12088,,0.19479294,,0.29413244,193961.69,3.0
12089,,0.24028729,,0.40944242,4256.586,3.0
12090,,0.25509393,,0.43324894,5550.332,3.0
12091,,0.33074707,,0.48955956,5596.5303,3.0
12092,,0.1449094,1.0,0.48589274,4971.1187,3.0
12093,,0.21560237,,0.38769767,2746.9597,3.0
12094,,0.26166013,0.0,0.44393733,3586.7603,3.0
12095,,0.35598242,,0.50047046,4971.5894,3.0
12096,,0.24281767,1.0,0.4243775,3788.154,3.0
12097,,,,,3659.6135,3.0
12098,,0.09071206,0.0,0.2685469,3945.9714,3.0
12099,,0.13187476,,0.3266618,134984.45,3.0
12100,,0.26317114,,0.4039169,2291.5818,3.0
12101,,0.25038153,1.0,0.37648946,4873.9136,3.0
12102,,,,,2841.0142,3.0
12103,,,,,75309.31,3.0
12104,,,,,102701.95,3.0
12105,,0.13838597,,0.19440256,120158.266,3.0
12106,,0.08918246,,0.2799413,85190.96,3.0
12107,,0.09945333,,0.20662737,86092.04,3.0
12108,,0.13208346,,0.23712455,99814.1,3.0
12109,,0.12513432,,0.23099187,109720.41,3.0
12110,,,,,81116.98,3.0
12111,,0.17535992,,0.27626175,90583.09,3.0
12112,,,,,4831.377,3.0
12113,,0.60277355,,0.567128,1274.3821,3.0
12114,,0.4126429,,0.6064299,3505.6497,3.0
12115,,0.51141787,,0.5876072,5843.4424,3.0
12116,,0.4112283,,0.33059335,2914.3916,3.0
12117,,,,,4811.986,3.0
12118,,0.4483349,,0.4964955,5725.9546,3.0
12119,,,,,5012.992,3.0
12120,0.0,0.30297023,0.0,0.4427488,4098.0054,3.0
12121,,0.41910356,,0.4800889,5426.575,3.0
12122,,0.54122794,,0.5477419,5943.9985,3.0
12123,,0.71336526,,0.6837566,3956.0928,3.0
12124,,0.4980044,,0.53954923,1339.8297,3.0
12125,,0.38297182,0.0,,5006.3027,1.0
12126,,0.3704925,,0.46528172,5002.481,3.0
12127,,0.5993081,,0.62122107,6303.451,3.0
12128,,0.6185704,,0.6367915,5150.875,3.0
12129,,0.55408716,,0.610048,5019.194,3.0
12130,,0.50093293,1.0,0.5729533,5218.23,3.0
12131,,0.3501702,,0.37174204,37564.51,3.0
12132,,0.1407878,,0.21271873,35255.887,3.0
12133,,0.11462514,,0.20034567,37948.605,3.0
12134,,,,,40249.94,3.0
12135,,0.14841875,,0.17792714,35483.074,3.0
12136,,,,,228.90517,3.0
12137,,,,,195.2348,3.0
12138,,,,,223.94699,3.0
12139,,,,,6781.361,3.0
12140,,0.06351047,,0.26425162,2214.4856,3.0
12141,,,,,7807.77,3.0
12142,,,,,6112.8306,3.0
12143,,0.08379703,,0.29368544,6611.306,3.0
12144,,,,,4434.864,3.0
12145,,,,,6730.1973,3.0
12146,,,,,7079.0576,3.0
12147,,,,,55.33817,3.0
12148,,,,,269.16104,3.0
12149,,0.46865228,,0.5223983,120.039536,3.0
12150,,,,,257.16455,3.0
12151,,,,,274.22485,3.0
12152,,0.25863343,0.0,0.4695231,376.04578,3.0
12153,,0.115492664,1.0,0.32299003,466.08005,3.0
12154,1.0,0.29453126,1.0,0.48840386,439.26193,3.0
12155,,0.06852292,,0.21944955,730.075,3.0
12156,,,,,368.13162,3.0
12157,,,,,122.75162,3.0
12158,,0.11940715,,0.3970782,10633.09,3.0
12159,,,,,82508.7,3.0
12160,,,,,88977.164,3.0
12161,,,,,48406.664,3.0
12162,,,,,46130.26,3.0
12163,,,,,68094.99,3.0
12164,,,,,50312.734,3.0
12165,,,,,227.4652,3.0
12166,,,,,99.181366,3.0
12167,,0.4843325,,0.6562683,154.08638,3.0
12168,,0.46729398,,0.6469183,235.00285,3.0
12169,,0.48491192,,0.6373467,182.34538,3.0
12170,,,,,447.06784,3.0
12171,,0.43228537,1.0,0.62719506,312.22125,3.0
12172,,,,,402.3439,3.0
12173,,,,,85.15844,3.0
12174,,0.4189925,,0.75532573,88.35224,3.0
12175,,,,,370.74103,3.0
12176,,,,,508.18326,3.0
12177,,0.30872136,,0.5016223,187.03128,3.0
12178,,0.20634817,,0.3321536,289.6045,3.0
12179,,0.25334468,1.0,0.4156694,251.53304,3.0
12180,,0.63815427,1.0,0.7457665,181.51306,3.0
12181,,0.2985669,1.0,0.47865692,228.63084,3.0
12182,,0.5204454,1.0,0.60788286,236.6333,3.0
12183,,0.20654689,0.0,0.37745985,287.9907,3.0
12184,,,,,42.726337,3.0
12185,,,,,160.92484,3.0
12186,1.0,0.56726354,1.0,0.601831,219.32861,3.0
12187,0.0,0.1939662,0.0,0.35398895,109.332825,3.0
12188,,,,,107.306145,3.0
12189,,0.39347702,,0.6983712,136.03276,3.0
12190,1.0,0.46706992,1.0,0.6368855,223.4702,3.0
12191,,0.4068312,1.0,0.61234367,211.77641,3.0
12192,,,,,176.61461,3.0
12193,,,,,170.32063,3.0
12194,0.0,0.13490097,0.0,0.32847095,349.6367,3.0
12195,,,,,201.17934,3.0
12196,,,,,213.365,3.0
12197,,,,,335.5106,3.0
12198,,,,,234.61914,3.0
12199,,,,,306.27032,3.0
12200,,0.52503914,0.0,0.64159685,144.48282,3.0
12201,,,,,199.28696,3.0
12202,,,,,219.06831,3.0
12203,,0.053498015,0.0,0.24761058,226.40015,3.0
12204,,0.10243776,0.0,0.31017768,166.67468,3.0
12205,,,,,168.91835,3.0
12206,,,,,117.75999,3.0
12207,,0.28336072,,0.47056895,221.24536,3.0
12208,,,,,217.40115,3.0
12209,0.0,0.10835929,0.0,0.4881864,153.48875,3.0
12210,,0.40778384,0.0,0.6120021,207.83282,3.0
12211,,0.23575552,,0.56601006,17599.918,3.0
12212,,,,,10041.519,3.0
12213,,,,,218.47955,3.0
12214,,0.42686427,,0.55842745,195.59259,3.0
12215,,,,,265.56018,3.0
12216,,,,,293.93005,3.0
12217,,,,,473.4426,3.0
12218,,0.13188043,0.0,0.3070916,516.164,3.0
12219,1.0,,1.0,,250.58705,3.0
12220,,,,,452.8266,3.0
12221,,,,,456.42334,3.0
12222,,,,,406.94376,3.0
12223,,,,,305.78885,3.0
12224,,,,,62576.367,3.0
12225,,0.6345854,1.0,0.7156891,72.25918,3.0
12226,,,,,111.71749,3.0
12227,,,,,108.75028,3.0
12228,,0.14032668,0.0,0.32544962,103.39592,3.0
12229,,0.7591228,1.0,0.74861294,60.324253,3.0
12230,,0.59546995,0.0,0.6917068,76.22405,3.0
12231,,,,,103.23996,3.0
12232,1.0,0.14069259,1.0,0.46268135,129.79344,5.0
12233,,,,,9727.667,3.0
12234,,,,,13823.093,3.0
12235,,,,,16149.332,3.0
12236,,,,,11608.641,3.0
12237,0.0,0.42301226,0.0,0.6218391,169.54947,3.0
12238,,,,,229.41974,3.0
12239,,,,,167.54832,3.0
12240,,0.15757093,0.0,0.32690325,160.79936,3.0
12241,,0.11469562,,0.19750804,13428.3545,3.0
12242,,,,,8975.416,3.0
12243,,,,,5788.264,3.0
12244,,,,,11440.915,3.0
12245,,0.26218644,,0.45888203,8263.543,3.0
12246,,,,,8565.645,3.0
12247,,,,,7930.69,3.0
12248,,,,,179.81808,3.0
12249,,0.2805992,1.0,0.5911721,183.97704,3.0
12250,,0.46364862,,0.6684008,58.31639,3.0
12251,,0.18949875,,0.44901696,247.7723,3.0
12252,,,,,461.82434,3.0
12253,,0.16276142,1.0,0.3593591,233.57234,3.0
12254,,,,,348.83612,3.0
12255,,0.4308891,,0.5979783,272.49313,3.0
12256,1.0,0.31087777,1.0,0.48037466,411.2576,3.0
12257,,,,,141.01346,3.0
12258,,0.6735404,,0.83746725,239.06987,2.0
12259,,,,,12434.834,3.0
12260,,0.26641753,,0.47556484,140.08339,3.0
12261,1.0,0.23229916,1.0,0.39900386,250.26707,3.0
12262,,,,,154.44984,3.0
12263,,,,,3304.4597,3.0
12264,,0.13374282,,0.3392187,3516.341,3.0
12265,,0.059816107,,0.1822832,3574.6833,3.0
12266,,0.03402049,,0.17199455,3947.6316,3.0
12267,,,,,2618.4575,3.0
12268,,,,,3603.3916,3.0
12269,,,,,3687.0554,3.0
12270,,0.13305241,,0.21419714,4652.7026,3.0
12271,0.0,0.44676462,0.0,0.57895684,2181.7866,3.0
12272,,,,,7249.112,3.0
12273,,,,,6116.393,3.0
12274,,0.038081788,,0.1794492,6690.702,3.0
12275,,,,,6895.8354,3.0
12276,,,,,5971.8306,3.0
12277,,,,,5433.6855,3.0
12278,,,,,7800.239,3.0
12279,,0.18052027,,0.23809628,6490.6846,3.0
12280,,,,,2248.4517,3.0
12281,,,,,5818.7725,3.0
12282,,,,,5170.146,3.0
12283,,0.33110622,0.0,0.5152291,162.8707,3.0
12284,,0.07950955,1.0,0.28849304,185.68425,3.0
12285,,0.475346,0.0,0.6527264,89.67476,3.0
12286,,,,,109.43245,3.0
12287,,0.42747587,0.0,0.31762633,258.9129,3.0
12288,,0.22796111,0.0,0.42679572,242.70757,3.0
12289,0.0,0.42916793,0.0,0.47515467,78.89473,3.0
12290,,,,,215.8947,3.0
12291,,0.44829056,0.0,0.63630444,183.99823,3.0
12292,,0.51173866,0.0,0.6662883,199.84856,3.0
12293,,0.36103088,,0.4312223,272.04718,3.0
12294,,0.07652324,1.0,0.37288323,29171.533,3.0
12295,,0.31104434,1.0,0.4976114,146.2477,3.0
12296,,0.05745471,,0.45141664,166.4512,3.0
12297,,0.29307252,1.0,0.43907052,260.988,3.0
12298,,0.47715575,1.0,0.63183,96.6019,3.0
12299,0.0,0.196677,0.0,0.32631263,223.6713,3.0
12300,,,,,205.31245,3.0
12301,,,,,203.45493,3.0
12302,,,,,5570.906,3.0
12303,,0.44692928,0.0,0.49927974,9165.834,3.0
12304,,,,,7272.537,3.0
12305,,,,,6421.4194,3.0
12306,,,,,8239.658,3.0
12307,,,,,3072.9294,3.0
12308,,,,,2477.1755,3.0
12309,,,,,3308.1436,3.0
12310,,,,,2786.8484,3.0
12311,1.0,,1.0,,2226.1904,1.0
12312,,,,,2347.7793,3.0
12313,,,,,144483.44,3.0
12314,,,1.0,,178492.02,3.0
12315,,0.06075978,,0.17259029,162803.02,3.0
12316,,,,,50443.562,3.0
12317,,0.22381574,,0.45145088,6180.5195,3.0
12318,,,,,7089.4297,3.0
12319,,,,,5520.038,3.0
12320,,0.03199041,,0.19140816,14615.1455,3.0
12321,,,,,10012.976,3.0
12322,,,,,12061.748,3.0
12323,,,,,9082.778,3.0
12324,,,,,6468.0913,3.0
12325,,0.01572346,,0.16209297,13292.495,3.0
12326,,0.10438397,,0.33658156,10008.086,3.0
12327,,,,,5631.716,3.0
12328,,,,,10698.703,3.0
12329,,,,,10315.646,3.0
12330,,,,,6070.0283,3.0
12331,,0.097422965,0.0,0.32086757,5946.401,3.0
12332,,,,,6527.4277,3.0
12333,,0.11634746,,0.34130716,7931.696,3.0
12334,,0.32068652,,0.4731244,5946.5737,3.0
12335,,0.14137574,,0.34115723,5203.205,3.0
12336,,0.1095655,,0.252532,8608.432,3.0
12337,,0.069379576,,0.33941075,4808.601,3.0
12338,,0.06696494,,0.19560614,7947.9614,3.0
12339,,,,,162488.7,3.0
12340,,,,,186570.0,3.0
12341,,,,,202690.61,3.0
12342,,,,,202096.2,3.0
12343,,,,,173330.67,3.0
12344,,,,,199447.62,3.0
12345,,,,,142743.27,3.0
12346,,,,,191507.7,3.0
12347,,,,,209191.28,3.0
12348,,,,,13858.318,3.0
12349,,,,,8911.225,3.0
12350,,0.15756418,,0.44872805,13313.511,3.0
12351,,,,,4353.8257,3.0
12352,,,,,4221.0693,3.0
12353,,0.07540513,,0.3646611,3608.7063,3.0
12354,,0.121616796,,0.37746698,3618.9402,3.0
12355,,,,,1376.9142,3.0
12356,,0.07416422,,0.2665034,4135.794,3.0
12357,,0.215832,,0.50498754,3240.2986,3.0
12358,,,,,706.0155,3.0
12359,,0.02577649,,0.1847595,165923.56,3.0
12360,,0.019292085,,0.19122884,150473.3,3.0
12361,,,,,3040.763,3.0
12362,,,,,6788.9287,3.0
12363,,,,,9055.159,3.0
12364,,0.27171496,,0.40044656,8765.939,3.0
12365,0.0,0.1833716,0.0,0.39758405,10407.229,3.0
12366,,,,,10189.278,3.0
12367,,0.007448392,0.0,0.10572453,8302.432,4.0
12368,,,,,7292.5396,3.0
12369,,,,,12229.398,3.0
12370,,,,,10259.686,3.0
12371,0.0,0.21293193,0.0,0.5419638,7275.204,3.0
12372,,,,,37180.582,3.0
12373,,,,,24817.893,3.0
12374,,,,,26182.97,3.0
12375,,,,,29682.908,3.0
12376,,,,,27298.775,3.0
12377,,,,,14668.193,3.0
12378,,,,,22981.445,3.0
12379,,,,,24461.172,3.0
12380,0.0,0.4083008,0.0,0.5403517,18779.926,3.0
12381,,0.05359549,,0.31583387,16486.852,3.0
12382,,,,,17792.924,3.0
12383,,0.4357875,,0.6680845,136155.81,3.0
12384,,,,,4116.1353,3.0
12385,,,,,3888.271,3.0
12386,,0.06856358,0.0,0.26323506,3576.6587,3.0
12387,,,,,188845.67,3.0
12388,,,,,155830.31,3.0
12389,,,,,141001.66,3.0
12390,,,,,105920.21,3.0
12391,,,,,165603.16,3.0
12392,,,,,3640.521,3.0
12393,,,,,3810.626,3.0
12394,,,,,3548.0828,3.0
12395,,,,,2834.9277,3.0
12396,,,,,20216.293,3.0
12397,,,,,4648.1914,3.0
12398,,,,,14738.659,3.0
12399,,,,,31940.373,3.0
12400,,,,,16123.169,3.0
12401,,,,,12358.589,3.0
12402,,,,,5992.991,3.0
12403,,,,,155082.47,3.0
12404,,0.090858646,,0.1310265,10415.8125,3.0
12405,,0.49484026,,0.6632639,3741.877,3.0
12406,,0.10995145,,0.44103438,6085.4893,3.0
12407,,0.28145823,,0.48547813,5968.817,3.0
12408,,0.15896732,,0.51233923,3676.2646,3.0
12409,0.0,0.22589186,0.0,0.5553089,2906.6472,3.0
12410,,,,,3938.6538,3.0
12411,,,,,5005.724,3.0
12412,,0.21275578,0.0,0.5417596,4355.9023,3.0
12413,,0.20716201,1.0,0.46099344,1250.6841,3.0
12414,,0.10632301,,0.3219998,5309.3066,3.0
12415,1.0,0.26457056,1.0,0.45592296,4158.9834,3.0
12416,,,,,23786.145,3.0
12417,,,,,17811.264,3.0
12418,,,,,3744.134,3.0
12419,,,,,7174.236,3.0
12420,,,,,16386.309,3.0
12421,,,,,8252.903,3.0
12422,,,,,10263.856,3.0
12423,,,,,12429.88,3.0
12424,,,,,15292.241,3.0
12425,,,,,13532.906,3.0
12426,,,,,11011.456,3.0
12427,,,,,110499.88,3.0
12428,,,,,5349.424,3.0
12429,,0.14382939,,0.44549522,5749.625,3.0
12430,0.0,0.13373218,0.0,0.3647532,5241.5425,3.0
12431,0.0,0.13462368,0.0,0.4347936,2727.0176,3.0
12432,0.0,0.19662517,0.0,0.49574685,3967.7664,3.0
12433,,,,,6539.9116,3.0
12434,,0.035881855,,0.22423567,4755.2573,3.0
12435,,0.06866642,,0.2559251,4941.272,3.0
12436,,,,,4732.668,3.0
12437,,,,,5664.874,3.0
12438,,,,,4822.6104,3.0
12439,,0.28337622,,0.5706363,4271.6455,3.0
12440,,,,,3665.5532,3.0
12441,,0.26872894,,0.62393284,4162.267,3.0
12442,0.0,0.34916916,0.0,0.69894993,2248.9912,3.0
12443,,,,,2904.845,3.0
12444,0.0,0.036073618,0.0,0.17955649,3634.2776,3.0
12445,0.0,0.055158634,0.0,0.29809672,2924.6274,3.0
12446,,0.25573063,,0.54357415,2993.7708,3.0
12447,,0.079378136,,0.32504916,3593.4177,3.0
12448,0.0,0.20008892,0.0,0.4996296,4139.5596,3.0
12449,0.0,0.28111625,0.0,0.5907906,2308.7092,3.0
12450,,,,,221617.56,3.0
12451,,,,,9005.107,3.0
12452,,,,,15034.353,3.0
12453,,,,,8813.395,3.0
12454,,,,,12874.121,3.0
12455,,0.2690633,,0.5120312,6821.348,3.0
12456,,0.117205344,,0.26287815,13504.514,3.0
12457,,0.018243898,,0.114365295,8648.569,3.0
12458,,,,,11143.454,3.0
12459,0.0,0.123503774,0.0,0.3255135,13129.281,3.0
12460,,0.19704835,,0.41491348,10091.272,3.0
12461,,0.028291583,,0.26812667,12500.393,3.0
12462,,,,,12536.019,3.0
12463,,0.05522543,,0.18735653,3614.383,4.0
12464,,0.1669634,,0.347401,3743.6216,4.0
12465,,0.010263595,,0.10174095,3370.0928,4.0
12466,,0.20787738,,0.42572126,2245.229,4.0
12467,,,,,5374.872,4.0
12468,,,,,4050.466,4.0
12469,,,,,5820.918,4.0
12470,,,,,3799.6843,4.0
12471,,,,,2519.4197,4.0
12472,1.0,0.16948618,1.0,0.45663851,2964.2212,4.0
12473,,0.011759115,,0.10886289,80935.13,4.0
12474,,0.060043786,,0.22253561,832.22876,4.0
12475,,0.11535691,,0.32916516,558.16296,4.0
12476,,,,,798.6447,4.0
12477,,,,,1069.7661,4.0
12478,0.0,0.06935856,0.0,0.19221221,2001.798,4.0
12479,0.0,0.051596332,0.0,0.19768244,1565.7671,4.0
12480,,,,,1537.3478,4.0
12481,1.0,0.14713997,1.0,0.34196487,1329.3774,4.0
12482,0.0,0.014325798,0.0,0.08400707,1575.5018,4.0
12483,,,0.0,,1666.3755,4.0
12484,,0.011388733,1.0,0.070343696,1839.5226,4.0
12485,,0.20726225,,0.45238447,11645.045,4.0
12486,,,,,10168.762,4.0
12487,,0.0664762,,0.17088068,14962.737,4.0
12488,,0.050625738,1.0,0.17979123,10403.326,4.0
12489,0.0,0.041978247,0.0,0.16441584,11453.151,4.0
12490,,0.06847559,0.0,0.24098921,9035.315,4.0
12491,,0.14043666,,0.3413705,9958.713,4.0
12492,,0.057586133,,0.20368002,9666.526,4.0
12493,1.0,0.14541127,1.0,0.23191006,9427.818,4.0
12494,0.0,0.05545405,0.0,0.18606636,11174.21,4.0
12495,0.0,0.058009796,0.0,0.19176033,11176.395,4.0
12496,,0.13137025,,0.30774987,626.8105,4.0
12497,,0.25534707,,0.37791482,739.76715,4.0
12498,,,,,626.3858,4.0
12499,,0.12061953,,0.32799098,411.67535,4.0
12500,,,,,607.3943,4.0
12501,,,,,736.72925,4.0
12502,,0.060618345,,0.1962713,910.67615,4.0
12503,1.0,0.26928398,1.0,0.44570124,260.35175,4.0
12504,,,,,1056.2373,4.0
12505,,,,,1134.0667,4.0
12506,,,,,586.2238,4.0
12507,,,,,30555.318,4.0
12508,,0.16277164,,0.3520564,1742.6605,4.0
12509,,0.10107164,1.0,0.29815167,1248.3903,4.0
12510,,,,,1816.9683,4.0
12511,,0.1307225,,0.3595583,1405.9624,4.0
12512,,0.19498576,1.0,0.4391991,1541.3258,4.0
12513,0.0,0.023500783,0.0,0.19030944,2317.565,4.0
12514,,0.085377775,1.0,0.2585602,1078.07,4.0
12515,,0.115615435,,0.32465786,1247.7307,4.0
12516,,0.09493422,1.0,0.24117154,1852.6504,4.0
12517,,0.06494153,,0.18435381,2000.457,4.0
12518,,0.008816705,,0.0942871,2025.0524,4.0
12519,,0.014677901,,0.10006361,34813.254,4.0
12520,,,,,488.36472,4.0
12521,,0.041716203,,0.09328894,728.39856,4.0
12522,1.0,0.162333,1.0,0.3420898,914.7055,4.0
12523,,,,,1037.2812,4.0
12524,,0.16464704,,0.4041136,714.8967,4.0
12525,,,,,861.9053,4.0
12526,,0.07233534,0.0,0.24755427,719.24335,4.0
12527,0.0,0.0603867,0.0,0.16992807,862.1677,4.0
12528,,0.14898877,,0.4766317,415.05743,4.0
12529,,0.07688339,,0.25377035,853.1494,4.0
12530,,0.009831279,,0.09957737,992.318,4.0
12531,,0.046095975,,0.21048273,1147.637,4.0
12532,,0.06041317,,0.22649607,499.9235,4.0
12533,0.0,0.048662975,0.0,0.20522472,432.76773,4.0
12534,,,,,493.7537,4.0
12535,,0.09234081,0.0,0.27516037,497.75128,4.0
12536,,0.07830328,,0.254449,333.6472,4.0
12537,0.0,0.12951028,0.0,0.30583254,549.4016,4.0
12538,,0.010395097,,0.08565119,540.4931,4.0
12539,,0.028443897,0.0,0.16343464,542.1402,4.0
12540,,0.08158827,,0.26054496,39592.812,4.0
12541,,0.014027357,,0.099647895,46498.13,4.0
12542,,0.1885127,,0.47457513,310.36298,4.0
12543,,,,,98.65761,4.0
12544,,0.13700038,,0.35438415,387.0569,4.0
12545,,0.1633017,,0.4090579,380.81522,4.0
12546,,0.1126022,,0.28757918,470.9063,4.0
12547,0.0,0.023747893,0.0,0.14998099,976.9556,4.0
12548,0.0,0.07693141,0.0,0.25786158,1218.9548,4.0
12549,0.0,0.06988888,0.0,0.21358378,1538.7839,4.0
12550,0.0,0.05772265,0.0,0.19131194,1465.3684,4.0
12551,0.0,0.071836516,0.0,0.24620947,1262.6069,4.0
12552,,,,,1382.8058,4.0
12553,,0.009763529,,0.066368125,79872.31,4.0
12554,,0.10769098,,0.29552338,887.7011,4.0
12555,,,,,979.2769,4.0
12556,1.0,0.056945175,1.0,0.22481398,545.843,4.0
12557,,0.014770544,1.0,0.08227758,749.88684,4.0
12558,,0.01252741,,0.0756056,699.23157,4.0
12559,,,,,365.3623,4.0
12560,,0.07413967,1.0,0.2510287,516.42847,4.0
12561,,0.053407624,1.0,0.18189731,934.0788,4.0
12562,0.0,0.013565122,0.0,0.09514566,652.80884,4.0
12563,,0.021730322,,0.14372374,529.5672,4.0
12564,,,,,47319.184,4.0
12565,,0.25602445,,0.47988343,2107.3904,4.0
12566,,,,,2130.2568,4.0
12567,,,,,2595.3015,4.0
12568,,0.23109889,,0.4781908,2080.4666,4.0
12569,0.0,0.18339743,0.0,0.37006235,2815.5842,4.0
12570,0.0,0.017929327,0.0,0.090835474,5471.557,4.0
12571,,0.27973977,,0.5051234,2758.5732,4.0
12572,,0.15127504,,0.33545923,4294.4424,4.0
12573,,0.11931762,1.0,0.28949386,910.3659,4.0
12574,,0.16136129,1.0,0.44191897,2597.8843,4.0
12575,0.0,0.114565104,0.0,0.23791188,4077.499,4.0
12576,,0.15680262,,0.43633312,77952.164,4.0
12577,,,,,458.99026,4.0
12578,,0.046277765,,0.16674787,630.2843,4.0
12579,,0.09829395,0.0,0.19473727,629.0476,4.0
12580,,0.029609192,,0.15496336,515.2189,4.0
12581,,,,,567.887,4.0
12582,,0.13128294,1.0,0.28561234,305.51367,4.0
12583,,,,,430.20035,4.0
12584,1.0,0.12428786,1.0,0.2939,533.7029,4.0
12585,,0.10058914,,0.32631582,15305.783,4.0
12586,,0.05905236,,0.22544745,23060.977,4.0
12587,,0.007068333,,0.084333904,22873.709,4.0
12588,,0.0809161,,0.36864677,9967.094,4.0
12589,,0.08573399,,0.27232385,676.144,4.0
12590,,,,,608.49786,4.0
12591,0.0,0.12021081,0.0,0.35096714,554.6284,4.0
12592,,0.051491696,0.0,0.21478021,491.54022,4.0
12593,0.0,0.07287707,0.0,0.24086002,349.6189,4.0
12594,,0.05528671,0.0,0.18572822,814.6908,4.0
12595,,0.10608168,1.0,0.29307833,726.9957,4.0
12596,0.0,0.04911264,0.0,0.15364239,903.7663,4.0
12597,,0.07045028,,0.24407515,673.94135,4.0
12598,,0.14481665,1.0,0.39033,620.9889,4.0
12599,,,,,44194.75,4.0
12600,,0.01725762,,0.06870356,45081.465,4.0
12601,,0.100126974,,0.3256974,787.7269,4.0
12602,,0.10678641,,0.2706526,1015.4171,4.0
12603,,0.1006941,,0.3136179,898.1729,4.0
12604,,,,,781.53064,4.0
12605,,0.04471252,,0.16327943,1987.9889,4.0
12606,,0.16862963,1.0,0.41682765,1387.494,4.0
12607,0.0,0.1203131,0.0,0.23565334,2371.621,4.0
12608,1.0,0.12517019,1.0,0.4416501,935.12146,4.0
12609,0.0,0.14423287,0.0,0.34367207,1769.7291,4.0
12610,,,,,1706.5677,4.0
12611,,0.13067971,,0.36097407,1844.2963,4.0
12612,,0.037100285,,0.17002724,1373.7383,4.0
12613,,0.118979365,,0.25979114,1269.8368,4.0
12614,0.0,0.12980899,0.0,0.30272564,1539.7605,4.0
12615,,0.0074771224,,0.08168215,2035.9828,4.0
12616,,0.035158068,,0.16460007,1551.3008,4.0
12617,0.0,0.04639157,0.0,0.16699791,1819.8029,4.0
12618,,,,,1180.2823,4.0
12619,,0.08671427,1.0,0.24779108,1441.3317,4.0
12620,1.0,0.13405064,1.0,0.40486118,1227.035,4.0
12621,1.0,0.23639204,1.0,0.45756894,1604.7819,4.0
12622,,0.031363163,,0.1428192,44684.84,4.0
12623,,0.014088523,,0.09747891,44420.03,4.0
12624,,0.222623,,0.48907712,443.0788,4.0
12625,,,,,813.049,4.0
12626,,0.07332251,,0.21970598,832.2903,4.0
12627,,0.063483,,0.20175113,994.7231,4.0
12628,,0.0369904,,0.15470913,535.7089,4.0
12629,,0.021625178,0.0,0.13205463,517.87164,4.0
12630,,0.040086687,0.0,0.1781109,598.4596,4.0
12631,,0.011789361,,0.07327721,669.2624,4.0
12632,,0.06996818,0.0,0.2137268,665.8998,4.0
12633,,0.028267905,0.0,0.16295505,582.6998,4.0
12634,,0.08504437,1.0,0.27415788,563.47845,4.0
12635,,,,,223.29594,4.0
12636,,,,,261.25107,4.0
12637,,,,,122.04099,4.0
12638,,,,,243.20201,4.0
12639,0.0,0.07202515,0.0,0.24141075,149.41049,4.0
12640,,,,,310.21057,4.0
12641,,,,,91.48422,4.0
12642,,,,,247.13297,4.0
12643,,,,,1579.4825,4.0
12644,,0.078765064,,0.18409322,2507.5789,4.0
12645,,0.027142836,,0.13568476,1613.3396,4.0
12646,,0.04021718,,0.17037456,1342.0249,4.0
12647,,0.041325513,,0.14490283,1497.7242,4.0
12648,,,,,996.71674,4.0
12649,,,,,126.90634,4.0
12650,,0.06770626,,0.21424486,115.07276,4.0
12651,,0.15430537,,0.346534,110.621124,4.0
12652,,0.10444465,,0.25271356,123.66573,4.0
12653,0.0,0.03368231,0.0,0.15685457,270.86252,4.0
12654,,,,,284.49594,4.0
12655,,,,,318.51855,4.0
12656,,0.19896202,,0.17329966,59.09437,4.0
12657,0.0,0.028518517,0.0,0.13508955,238.77275,4.0
12658,1.0,0.116422795,1.0,0.22788177,313.71313,4.0
12659,,,,,30512.115,4.0
12660,,,,,69.957016,4.0
12661,,0.21495996,1.0,0.29225755,68.24703,3.0
12662,,0.06074139,,0.1863899,102.9835,4.0
12663,,,,,81.41154,4.0
12664,,,,,107.41204,4.0
12665,,,,,139.64409,4.0
12666,1.0,0.18253885,1.0,0.4192747,46.135983,4.0
12667,0.0,0.0534522,0.0,0.30656356,94.57824,4.0
12668,0.0,0.109874986,0.0,0.31123996,78.07567,4.0
12669,,,,,73.160934,4.0
12670,,,,,22162.355,4.0
12671,,,,,175.11002,4.0
12672,,0.17132165,,0.45186424,193.54228,4.0
12673,,,,,331.24435,4.0
12674,,0.109287366,,0.25638247,328.85776,4.0
12675,,,,,500.8039,4.0
12676,,,,,474.46356,4.0
12677,,,,,425.6477,4.0
12678,,,,,376.95615,1.0
12679,,0.034037445,,0.09135167,383.6787,4.0
12680,,,,,323.16437,4.0
12681,,0.55651444,,0.66414285,262.05933,5.0
12682,,0.21532466,,0.47989604,244.25938,4.0
12683,,,,,605.4796,4.0
12684,,0.108279854,0.0,0.28659084,808.5903,4.0
12685,,0.03516626,,0.17338535,758.0235,4.0
12686,0.0,,0.0,,599.66693,4.0
12687,,,1.0,,202.48955,4.0
12688,,0.07229533,,0.17673425,965.20953,4.0
12689,,0.19355598,,0.34293842,894.4386,4.0
12690,,,,,88.11476,4.0
12691,,,,,81.1137,4.0
12692,,,,,115.5599,4.0
12693,,0.117093734,,0.29904267,100.04637,4.0
12694,0.0,0.013571548,0.0,0.10896086,192.71242,4.0
12695,,0.03791381,,0.09383715,229.49802,4.0
12696,,0.06535118,,0.19283001,209.83469,4.0
12697,,,,,162.06097,4.0
12698,,,,,182.23924,4.0
12699,,,,,194.66948,4.0
12700,,,,,311.13107,4.0
12701,,,,,142.5624,4.0
12702,,,,,151.19423,4.0
12703,,0.083417885,,0.22994478,35.79215,4.0
12704,,,,,126.59073,4.0
12705,,0.028378675,,0.19791242,169.8104,4.0
12706,,0.16824044,,0.3376363,158.05685,4.0
12707,,,,,82.241486,4.0
12708,,,,,260.8363,4.0
12709,,0.066404425,,0.21435203,274.18228,4.0
12710,,0.15182133,1.0,0.36396292,265.25958,4.0
12711,0.0,0.088115536,0.0,0.23133007,333.29144,4.0
12712,,0.12370331,1.0,0.30804178,276.77274,4.0
12713,,0.06666038,,0.19461088,466.7335,4.0
12714,,0.24869616,,0.4715968,372.02032,4.0
12715,,0.14582919,,0.32701126,320.60968,4.0
12716,,,,,326.2372,4.0
12717,,,,,316.38687,4.0
12718,,0.018269243,,0.07970933,439.95593,4.0
12719,,0.024056524,,0.23886581,438.76294,4.0
12720,,0.029623916,1.0,0.10917608,506.83536,4.0
12721,,,,,425.40643,4.0
12722,,,,,247.27988,4.0
12723,,,,,390.32022,4.0
12724,,0.31948093,,0.4049062,266.1722,4.0
12725,,0.077640824,1.0,0.21502335,445.13446,4.0
12726,,,,,385.18433,4.0
12727,,0.08601923,,0.22814746,331.83673,4.0
12728,,,,,803.9655,4.0
12729,,0.011597356,,0.21736751,604.47174,4.0
12730,,0.017022656,,0.10247876,843.72845,4.0
12731,0.0,0.06036291,0.0,0.1858488,738.73,4.0
12732,,,,,796.1635,4.0
12733,,,,,534.8497,4.0
12734,,,,,798.8161,4.0
12735,,0.087287135,,0.21487466,502.72305,4.0
12736,,0.065844834,,0.10026399,519.6069,4.0
12737,,0.0411372,,0.18990248,372.1153,4.0
12738,,,,,433.00714,4.0
12739,,0.24111344,,0.40247798,647.0158,4.0
12740,,0.07189675,,0.23055892,249.71864,4.0
12741,,,,,869.50116,4.0
12742,,0.23064452,1.0,0.45330903,629.906,4.0
12743,,0.2476561,1.0,0.51749974,433.23578,4.0
12744,,,,,902.8215,4.0
12745,,,,,5816.4604,4.0
12746,,,,,1087.8971,4.0
12747,,0.012630621,1.0,0.18799639,243.46524,4.0
12748,,,,,165.61374,4.0
12749,,0.011739225,0.0,0.089725025,248.47159,4.0
12750,0.0,0.13338952,0.0,0.3590238,187.15375,4.0
12751,,,,,334.10236,4.0
12752,,,,,378.99918,4.0
12753,,,,,19857.764,4.0
12754,,,,,481.90787,4.0
12755,,,,,526.64087,4.0
12756,,0.102589466,,0.2898708,336.7588,4.0
12757,,0.33912978,,0.377751,198.2097,4.0
12758,,,,,574.5391,4.0
12759,,0.05816339,,0.1815136,742.08295,4.0
12760,,,,,550.9954,4.0
12761,,,,,661.286,4.0
12762,,,,,648.25305,4.0
12763,,0.15364993,,0.3081209,166.41275,4.0
12764,,0.06016328,,0.18518232,708.06256,4.0
12765,,0.1964424,1.0,0.37615266,335.84143,4.0
12766,,,,,573.95593,4.0
12767,,0.07538082,,0.24374165,358.0191,4.0
12768,,0.08228059,,0.271989,415.53506,4.0
12769,,0.18374129,,0.3684669,382.72733,4.0
12770,,,,,446.1271,4.0
12771,,,,,381.8529,4.0
12772,,,,,420.65994,4.0
12773,,0.015996145,,0.097972594,7827.535,4.0
12774,,0.18280348,,0.42153922,171.41843,4.0
12775,,0.08808604,,0.2583419,213.69655,4.0
12776,,0.08937258,,0.21850997,172.9993,4.0
12777,,0.2174323,,0.45399806,186.98572,4.0
12778,,,,,303.1675,4.0
12779,,0.0858929,,0.21242541,422.2223,4.0
12780,,0.08574516,,0.2121651,425.66885,4.0
12781,,0.025259532,,0.23477414,312.41068,4.0
12782,,,,,453.50018,4.0
12783,,,,,281.5861,4.0
12784,,0.006520091,,0.19818795,380.979,4.0
12785,,0.19061159,,0.29403406,2340.0833,4.0
12786,,,,,2475.446,4.0
12787,,0.13355404,,0.2581989,2484.005,4.0
12788,,0.07453381,0.0,0.24642153,3219.063,4.0
12789,,0.02119436,,0.092826635,4049.7798,4.0
12790,,,,,3942.5928,4.0
12791,0.0,0.102218255,0.0,0.17023377,3907.335,4.0
12792,,0.010617404,0.0,0.09955984,3536.3572,4.0
12793,,,,,4573.1533,4.0
12794,,0.012829289,,0.09895781,3452.8884,4.0
12795,,,,,2592.8008,4.0
12796,,0.010624898,,0.07546452,89839.875,4.0
12797,,,,,19290.684,4.0
12798,,0.15360154,0.0,0.27575332,13288.205,4.0
12799,,0.23789044,0.0,0.3456032,11908.92,4.0
12800,0.0,0.32866207,0.0,0.4058076,12804.581,4.0
12801,,0.082364336,0.0,0.21721724,12668.627,4.0
12802,,0.13241366,0.0,0.25715926,11660.254,4.0
12803,,0.16364905,0.0,0.2549135,7891.7007,4.0
12804,,0.08317111,0.0,0.17683303,14622.476,4.0
12805,,0.12871107,0.0,0.21926145,14166.468,4.0
12806,,0.22951494,0.0,0.33858773,13152.913,4.0
12807,,0.079654545,0.0,0.16138433,11320.178,4.0
12808,,,,,5782.502,4.0
12809,,0.26407698,,0.4008005,5284.587,4.0
12810,,0.34895155,0.0,0.3895562,2639.0803,4.0
12811,,0.27374887,1.0,0.35550576,6112.724,4.0
12812,,0.4531091,,0.57017606,4640.681,4.0
12813,,0.13867794,0.0,0.20832084,15425.567,4.0
12814,,0.1858799,1.0,0.3112381,13280.782,4.0
12815,0.0,0.11628337,0.0,0.18733147,19883.229,4.0
12816,0.0,0.14864795,0.0,0.28990546,15885.358,4.0
12817,,0.102726884,0.0,0.29121166,16476.865,4.0
12818,0.0,0.25447294,0.0,0.43512788,14435.482,4.0
12819,,,,,126527.42,4.0
12820,,0.103140034,,0.19661424,5542.433,4.0
12821,,0.058972515,,0.17845617,4332.8296,4.0
12822,,0.15585458,,0.24822941,5443.642,4.0
12823,0.0,0.11536542,0.0,0.20754558,9786.614,4.0
12824,0.0,0.18751551,0.0,0.26360747,10788.68,4.0
12825,0.0,0.012063901,0.0,0.06895264,9703.473,4.0
12826,,0.37278384,0.0,0.4559193,5887.9297,4.0
12827,1.0,0.09204158,1.0,0.27476183,7614.784,4.0
12828,,0.25937942,1.0,0.34242415,8859.185,4.0
12829,,0.43631652,,0.5281412,4902.9805,4.0
12830,,0.36143902,,0.3954467,6691.7305,4.0
12831,,,,,3804.0781,4.0
12832,,0.2825476,,0.3719063,4525.092,4.0
12833,,0.3089737,0.0,0.43706894,17377.086,4.0
12834,,0.39533058,0.0,0.42273828,19957.357,4.0
12835,,,,,18948.023,4.0
12836,,0.26185402,1.0,0.34469295,21690.98,4.0
12837,,0.024332596,,0.118671745,21949.572,4.0
12838,,0.173272,,0.2835459,77728.586,4.0
12839,,0.15496428,,0.276901,8052.0273,4.0
12840,,0.3944712,,0.48414406,7691.7495,4.0
12841,,0.15254876,,0.23292926,6592.1865,4.0
12842,,0.33796087,0.0,0.436727,7323.932,4.0
12843,,0.28737706,0.0,0.20146438,23766.46,4.0
12844,,0.17420952,0.0,0.30005473,13250.118,4.0
12845,,0.09901399,0.0,0.24077824,22733.94,4.0
12846,,0.35244378,0.0,0.22778189,7142.671,4.0
12847,,0.4714484,0.0,0.5036548,12898.276,4.0
12848,,0.08570548,0.0,0.1991663,19368.113,4.0
12849,,,,,16451.17,4.0
12850,,0.14682758,,0.32211775,77388.84,4.0
12851,,0.34849393,,0.096154526,2077.4585,4.0
12852,,,,,2432.9685,4.0
12853,,0.41982713,,0.08443648,1822.945,4.0
12854,,0.14612351,0.0,0.067424715,2039.0193,4.0
12855,,0.060947906,0.0,0.036350172,1840.2157,4.0
12856,,0.5029522,1.0,0.1905509,1707.8016,4.0
12857,,,,,2499.5942,4.0
12858,,,,,3088.8784,4.0
12859,,0.07700304,,0.021278301,2586.9912,4.0
12860,,,,,2960.2021,4.0
12861,,,,,1797.4995,4.0
12862,,,,,1962.9377,4.0
12863,,0.57113343,1.0,0.17649546,4112.187,4.0
12864,,0.5585924,,0.2923272,3035.2178,4.0
12865,,0.31044036,,0.14056759,2942.454,4.0
12866,,0.38739926,,0.26575938,2077.2334,4.0
12867,,,,,3424.2566,4.0
12868,,0.3963841,0.0,0.1137157,1913.9752,4.0
12869,,0.23147415,,0.16024534,4069.7036,4.0
12870,1.0,0.22381236,1.0,0.11322823,2662.0554,4.0
12871,,,,,1998.913,4.0
12872,,,1.0,,1773.9617,4.0
12873,,0.18481202,0.0,0.12059363,1863.4701,4.0
12874,,0.06618134,,0.08051761,90260.58,4.0
12875,,0.42649308,,0.40052995,6991.2344,4.0
12876,,0.21392544,,0.082144566,17118.316,4.0
12877,0.0,0.36077872,0.0,0.21814889,18145.602,4.0
12878,,0.38204122,0.0,0.2734735,16763.049,4.0
12879,,0.21943066,0.0,0.17355642,13698.41,4.0
12880,,,,,10731.462,4.0
12881,1.0,0.69033694,1.0,0.3321073,13957.761,4.0
12882,,,,,11493.575,4.0
12883,,0.5655417,0.0,0.27412185,8407.689,4.0
12884,,0.11940973,0.0,0.11676868,12365.92,4.0
12885,0.0,0.17823696,0.0,0.11764753,19147.045,4.0
12886,,,,,119941.23,4.0
12887,,,,,5943.6426,4.0
12888,,,,,13059.394,4.0
12889,,0.3870364,,0.27650458,9309.076,4.0
12890,,0.4315877,,0.24700241,11104.759,4.0
12891,,0.63389486,,0.461126,8913.244,4.0
12892,,0.3454682,,0.25762838,12116.072,4.0
12893,,,,,18155.361,4.0
12894,0.0,0.32266244,0.0,0.21125422,11853.982,4.0
12895,,0.23092642,0.0,0.1794256,12753.119,4.0
12896,,,,,16637.053,4.0
12897,,0.40183023,1.0,0.30339724,10444.764,4.0
12898,,0.14980984,0.0,0.15082215,103583.9,4.0
12899,,,,,3475.5479,
12900,,,,,4061.5383,4.0
12901,,,,,2021.1461,4.0
12902,,0.1381479,,0.09684904,5839.5977,4.0
12903,1.0,0.6302843,1.0,0.44339243,4757.5796,5.0
12904,,0.30942956,,0.16714552,3384.8757,4.0
12905,1.0,0.4789314,1.0,0.23781966,5956.18,4.0
12906,,0.24817398,0.0,0.18111816,3235.1091,4.0
12907,,0.16543397,0.0,0.109295145,3923.4639,4.0
12908,,,1.0,,6477.2495,4.0
12909,,0.48440015,1.0,0.337197,5011.8223,4.0
12910,,,,,140848.55,4.0
12911,,0.2970061,,0.06941381,4600.0786,4.0
12912,,0.26204962,1.0,0.06474749,2975.7603,4.0
12913,,0.4998206,,0.15923712,2412.6882,4.0
12914,,0.31694815,,0.08340811,3856.3608,4.0
12915,0.0,0.5407879,0.0,0.079393245,5406.6055,4.0
12916,1.0,0.20160945,1.0,0.03183744,2701.786,4.0
12917,,,0.0,,5128.599,4.0
12918,,0.17243615,,0.04547395,2606.4387,4.0
12919,0.0,0.17383343,0.0,0.048537508,4656.496,4.0
12920,,0.09719346,0.0,0.030042259,5093.1694,4.0
12921,0.0,0.21008064,0.0,0.05167784,5488.693,4.0
12922,,0.07878109,,0.020051071,149576.56,4.0
12923,,,,,9160.795,4.0
12924,,0.45225692,,0.47161525,11009.194,3.0
12925,,0.29448476,,0.44904217,7702.514,4.0
12926,,0.6203011,,0.6674499,6353.992,4.0
12927,,0.40452397,,0.4134606,7639.303,4.0
12928,,0.08171206,,0.24183965,8166.2256,4.0
12929,,0.027654264,,0.22311643,7349.655,4.0
12930,0.0,0.10079404,0.0,0.28436032,6600.896,4.0
12931,,0.89775497,,0.6322567,6843.3184,4.0
12932,,0.050632324,,0.258089,6707.4614,4.0
12933,0.0,0.39293268,0.0,0.4599489,9302.798,4.0
12934,,0.029153675,,0.19016063,104551.68,4.0
12935,,,,,8095.41,4.0
12936,,,,,6282.381,4.0
12937,0.0,0.3268038,0.0,0.15888841,2054.9707,4.0
12938,0.0,0.32614613,0.0,0.124345206,2122.4287,4.0
12939,,,,,2084.285,4.0
12940,,,,,1853.466,4.0
12941,,,,,2251.6663,4.0
12942,,0.31174257,,0.251928,2065.3984,4.0
12943,,,,,1405.266,4.0
12944,,,,,2418.806,4.0
12945,,,,,20287.613,4.0
12946,,,,,2061.361,4.0
12947,,,,,2770.0542,4.0
12948,,0.34786326,,0.10300552,4072.8193,4.0
12949,,0.37386245,,0.119843185,3274.804,4.0
12950,,0.7596477,0.0,0.32013127,1080.1849,4.0
12951,,0.5604583,0.0,0.19842981,907.1405,4.0
12952,,0.8118892,1.0,0.38683972,1128.2328,4.0
12953,,,,,1245.6255,4.0
12954,,,,,698.31274,4.0
12955,,,,,1038.9929,4.0
12956,,,,,150505.06,4.0
12957,,,,,902.0233,4.0
12958,,0.45382872,,0.17177865,1487.3359,4.0
12959,,,,,1126.6544,4.0
12960,,,,,940.9486,4.0
12961,,0.90722823,,0.4114408,1268.9952,4.0
12962,,,,,1273.8352,4.0
12963,,,,,1483.6791,4.0
12964,,0.3493444,,0.14684707,40528.207,4.0
12965,,,,,48613.06,4.0
12966,,0.32577562,,0.12426524,43124.49,4.0
12967,,0.83426815,,0.3615702,41808.4,4.0
12968,,,,,28396.402,4.0
12969,,0.35358125,,0.6067554,8280.396,4.0
12970,,,,,9780.422,4.0
12971,,0.5164193,,0.8068915,8569.534,4.0
12972,,,,,10977.273,4.0
12973,,0.2166892,,0.46764323,11432.06,4.0
12974,,0.27621585,,0.63181895,9904.064,4.0
12975,,0.46225768,,0.7762813,8116.42,4.0
12976,,,,,6801.4883,4.0
12977,,0.36025363,,0.6790303,6166.1836,4.0
12978,,,,,6586.6406,4.0
12979,0.0,0.21510264,0.0,0.46655232,9828.371,4.0
12980,,,,,82185.305,4.0
12981,,,,,3183.49,4.0
12982,,,,,14942.343,4.0
12983,,,,,2501.239,4.0
12984,,,,,3482.6504,4.0
12985,0.0,0.19991373,0.0,0.22721311,2312.3455,4.0
12986,,0.29777464,0.0,0.23035254,3323.4902,4.0
12987,,,,,2466.352,4.0
12988,,,,,2355.4077,4.0
12989,,0.3688307,,0.2840671,3011.4805,4.0
12990,,,,,3524.497,4.0
12991,,,,,24634.936,4.0
12992,,0.20075072,,0.1324392,30322.25,4.0
12993,,0.36348456,,0.43178362,2133.4333,4.0
12994,,0.2539905,,0.39633995,3120.0613,4.0
12995,,0.43700048,,0.46861774,2153.4358,4.0
12996,,0.6402819,,0.62649506,2141.058,4.0
12997,,0.15297128,,0.26979655,2305.786,4.0
12998,,0.2572069,,0.36294115,2566.2727,4.0
12999,1.0,0.7671266,1.0,0.6687113,1881.2279,4.0
13000,,,0.0,,1921.2251,4.0
13001,,0.5529402,,0.5191064,2064.9753,4.0
13002,1.0,0.8339477,1.0,0.71720374,1999.3049,4.0
13003,,0.5906275,,0.4787538,2532.2627,4.0
13004,,0.6182748,,0.26999107,1403.7095,4.0
13005,,0.43236095,,0.17895256,1568.777,4.0
13006,,0.78145945,,0.3927197,1247.0651,4.0
13007,,0.8206342,,0.3232553,1714.6732,4.0
13008,,0.3073477,0.0,0.19903557,906.6344,4.0
13009,,0.5784069,0.0,0.23849235,1240.7681,4.0
13010,,,,,1215.6699,4.0
13011,,0.77123755,,0.2666393,1099.4508,4.0
13012,,0.36865216,0.0,0.18489242,58964.8,4.0
13013,,0.32043052,,0.15758348,53318.17,4.0
13014,,0.5501283,,0.2566858,1194.2454,4.0
13015,,,,,1871.3818,4.0
13016,,0.67107695,,0.34126982,1341.0946,4.0
13017,,,,,1057.6403,4.0
13018,,,,,1135.9651,4.0
13019,,0.38818738,0.0,0.17396885,2666.752,4.0
13020,,0.72495705,0.0,0.26574835,2786.2817,4.0
13021,,0.2156022,,0.13103162,123213.46,4.0
13022,,0.70552117,,0.6565172,2540.104,4.0
13023,,,,,4812.0864,4.0
13024,,,,,3539.3599,4.0
13025,,,,,3053.7258,4.0
13026,,0.19160207,,0.28456062,940.8358,4.0
13027,,,,,1003.7635,4.0
13028,,0.4472771,0.0,0.5025356,842.86365,4.0
13029,,0.08970117,0.0,0.2663946,794.04535,4.0
13030,,0.07061154,,0.30595097,1063.9457,4.0
13031,,0.555438,1.0,0.56657565,590.9219,4.0
13032,,,,,899.1303,4.0
13033,,,,,143124.42,4.0
13034,1.0,0.6899569,1.0,0.752258,19558.402,4.0
13035,,,,,21762.193,4.0
13036,,,,,27165.328,4.0
13037,,0.61589146,,0.62524015,18865.283,4.0
13038,,,,,24215.785,4.0
13039,,,,,19063.748,4.0
13040,,,,,16596.727,4.0
13041,,,,,25878.822,4.0
13042,,,,,17024.555,4.0
13043,,0.2416576,1.0,0.23552622,25469.832,4.0
13044,,,,,5049.683,4.0
13045,,,,,20386.652,4.0
13046,,,,,19216.031,4.0
13047,,0.5327608,,0.6349053,13772.523,4.0
13048,0.0,0.26688623,0.0,0.4328339,22316.08,4.0
13049,,0.12126915,1.0,0.24925953,25173.447,4.0
13050,0.0,0.47951567,0.0,0.558747,20736.633,4.0
13051,,0.81749606,,0.6605145,20950.895,4.0
13052,1.0,0.8007813,1.0,0.6760678,20951.154,4.0
13053,,0.24707346,1.0,0.40734854,13612.748,4.0
13054,,,,,5561.2075,4.0
13055,,0.4939052,,0.5697561,14049.607,4.0
13056,,0.5076791,1.0,0.55697495,14649.43,4.0
13057,1.0,0.30401674,1.0,0.37823832,16455.045,4.0
13058,,,,,11260.894,4.0
13059,,,,,10467.008,4.0
13060,,0.33743575,1.0,0.47900757,12791.684,4.0
13061,,,,,13500.648,4.0
13062,,0.45222014,0.0,0.5976264,12018.194,4.0
13063,,0.18813197,,0.3199474,12883.579,4.0
13064,,,,,7509.0366,4.0
13065,,0.17146319,,0.30265176,7541.246,4.0
13066,,0.5193287,,0.5890255,8116.7686,4.0
13067,,0.25894457,0.0,0.39502066,7651.6104,4.0
13068,,0.7001352,1.0,0.73809534,7019.983,4.0
13069,,0.48515368,0.0,0.57792836,2654.354,4.0
13070,,0.09963264,0.0,0.17705594,149466.2,4.0
13071,,0.0681573,,0.17851923,155815.8,4.0
13072,,,,,171272.72,4.0
13073,,0.092399016,,0.25611743,154974.8,4.0
13074,,0.2829083,,0.37488452,137468.05,4.0
13075,,0.6334033,,0.6736842,5980.893,4.0
13076,,0.24874105,,0.36033255,6990.275,4.0
13077,,0.40325072,,0.41935977,7207.5674,4.0
13078,,,,,2570.3535,4.0
13079,,0.23738939,,0.4044386,4135.3223,4.0
13080,,,,,4580.5913,4.0
13081,,0.35508314,1.0,0.49033132,4051.6316,4.0
13082,,0.33078817,,0.40931493,162726.58,4.0
13083,,0.09718942,0.0,0.20893411,159532.45,4.0
13084,,0.17997378,1.0,0.32983857,148404.45,4.0
13085,,0.27259278,,0.40084496,12283.291,4.0
13086,,0.6447315,1.0,0.7034822,10780.635,4.0
13087,,0.19370453,,0.36515245,9072.081,4.0
13088,,,,,6989.2393,4.0
13089,0.0,0.4438999,0.0,0.46313918,8743.301,4.0
13090,,,,,6977.735,4.0
13091,,,,,7085.0483,4.0
13092,,,,,7479.5786,4.0
13093,,0.25991836,0.0,0.3575819,7913.993,4.0
13094,,,,,7180.2188,4.0
13095,,0.37428793,,0.50477594,7280.3047,4.0
13096,,0.56469774,,0.7247334,9506.591,4.0
13097,,0.24517539,,0.38388708,10465.579,4.0
13098,,0.80709517,,0.74127746,11329.97,4.0
13099,,0.28373274,,0.36053583,10701.684,4.0
13100,,,,,16951.11,4.0
13101,,0.32801312,,0.39874375,24710.396,4.0
13102,0.0,0.47787175,0.0,0.55748415,23333.68,4.0
13103,,0.65543365,1.0,0.7799888,17157.643,4.0
13104,,0.65394276,1.0,0.73122436,22305.666,4.0
13105,,,,,18022.842,4.0
13106,,0.41713646,,0.53770673,33794.85,4.0
13107,,0.50191694,,0.57585204,51162.918,4.0
13108,,,,,22626.627,4.0
13109,,,,,14625.537,4.0
13110,,,,,29453.672,4.0
13111,,0.49115598,1.0,0.5676589,23077.82,4.0
13112,,,,,12355.654,4.0
13113,0.0,0.5693903,0.0,0.7276876,12614.769,4.0
13114,,,,,12383.492,4.0
13115,,0.25746852,,0.38167346,20634.803,4.0
13116,,,,,107578.484,4.0
13117,,,,,176458.06,4.0
13118,,0.780512,,0.8286235,91619.66,4.0
13119,,0.6576531,,0.6774256,137726.55,4.0
13120,,,,,108801.48,4.0
13121,,0.770331,0.0,0.7969057,55663.543,4.0
13122,0.0,0.4109586,0.0,0.4667868,68594.266,4.0
13123,,,,,61695.316,4.0
13124,1.0,0.7388259,1.0,0.78536695,52325.156,4.0
13125,1.0,0.5463636,1.0,0.4730125,70851.07,4.0
13126,,,,,48020.824,4.0
13127,,0.737972,,0.7876863,51971.324,4.0
13128,,,,,47370.402,4.0
13129,,0.44591907,,0.54692495,5516.8477,4.0
13130,,0.3261432,,0.44885567,4566.5645,4.0
13131,,0.49706668,,0.6039636,4599.6,4.0
13132,,0.6135366,,0.60789746,5195.0454,4.0
13133,,,,,2008.8738,4.0
13134,,,,,2612.8638,4.0
13135,,0.42991543,0.0,0.42350227,3156.9915,4.0
13136,,0.36237413,0.0,0.43110418,3269.9482,4.0
13137,,,,,2378.2004,4.0
13138,,,,,2975.908,4.0
13139,,,,,3971.3892,4.0
13140,,,,,2720.1875,4.0
13141,,0.8022511,,0.38828686,9907.076,4.0
13142,,,,,10403.553,4.0
13143,,,,,11811.48,4.0
13144,,0.92828524,,0.5847499,4804.3125,4.0
13145,,,,,24209.633,4.0
13146,,,,,27729.168,4.0
13147,,0.878999,0.0,0.64758676,15768.987,4.0
13148,,,,,11682.295,4.0
13149,,,,,24588.562,4.0
13150,,0.84055173,1.0,0.56613135,17646.156,4.0
13151,,0.39330322,0.0,0.09868573,186094.6,4.0
13152,,,,,5221.9526,4.0
13153,,0.7968067,,0.6251097,5654.0464,4.0
13154,,,,,4994.7505,4.0
13155,,0.8576285,,0.46279615,5412.707,4.0
13156,,0.86265737,,0.6101746,4060.3726,4.0
13157,1.0,0.6873905,1.0,0.16504191,9341.433,4.0
13158,,0.8168282,,0.50738,5956.875,4.0
13159,,0.83822393,,0.54015565,7270.1836,4.0
13160,,,,,8156.4526,4.0
13161,,0.77161545,0.0,0.3591148,9301.153,4.0
13162,1.0,0.7827629,1.0,0.37481797,10002.198,4.0
13163,,,,,104500.5,4.0
13164,,0.14850634,,0.23990189,3486.0552,4.0
13165,,0.33526886,,0.45518005,2149.1367,4.0
13166,,0.65687174,,0.6105085,2760.358,4.0
13167,,0.22303483,,0.355685,2955.0823,4.0
13168,1.0,0.8503056,1.0,0.8612333,3115.5886,4.0
13169,1.0,0.88346857,1.0,0.6744415,1878.7671,4.0
13170,,0.48238015,,0.4959628,3765.0598,4.0
13171,0.0,0.11501355,0.0,0.32830533,4901.388,4.0
13172,0.0,0.051929835,0.0,0.14214848,4738.5166,4.0
13173,1.0,0.19040874,1.0,0.36970934,4553.9785,4.0
13174,,,,,5421.0576,4.0
13175,,,,,153058.84,4.0
13176,,0.29283094,,0.114564165,3226.7598,4.0
13177,,0.6293776,,0.22181396,2492.5002,4.0
13178,,,,,2257.0044,4.0
13179,,0.5175497,,0.22919777,2125.153,4.0
13180,0.0,0.26623073,0.0,0.14605953,2849.4858,4.0
13181,,,,,1142.9141,4.0
13182,0.0,0.38548446,0.0,0.15678704,2635.7954,4.0
13183,0.0,0.031021815,0.0,0.05220135,11408.77,4.0
13184,0.0,0.5419316,0.0,0.15703644,3819.2139,4.0
13185,1.0,0.7163973,1.0,0.34478006,2817.551,4.0
13186,1.0,0.67834234,1.0,0.32948086,3060.2546,4.0
13187,,,,,30854.555,4.0
13188,,0.57269996,,0.42897642,110.888565,4.0
13189,,0.2400974,,0.2410384,12361.787,4.0
13190,,,,,11751.615,4.0
13191,,0.5218044,,0.5677052,4625.6646,4.0
13192,,0.110789366,,0.22439143,8652.208,4.0
13193,,0.1931642,0.0,0.2808191,9485.219,4.0
13194,,0.29980132,1.0,0.4100967,8071.879,4.0
13195,,0.5488407,,0.5615075,697.9094,4.0
13196,,0.5309006,,0.45846784,789.71674,4.0
13197,,,,,866.66235,4.0
13198,,,,,439.0577,4.0
13199,,,,,566.57117,4.0
13200,,,,,1427.4254,4.0
13201,1.0,0.7690862,1.0,0.5841851,1067.9718,4.0
13202,,0.6731296,1.0,0.7842874,661.71277,4.0
13203,,0.42325085,,0.45831954,1250.4684,4.0
13204,,,,,1652.6912,4.0
13205,,0.61846375,,0.42909095,257.21484,4.0
13206,,0.6052873,1.0,0.4962683,1283.4618,4.0
13207,,,,,705.14374,4.0
13208,,0.49619827,,0.5639407,360.4907,4.0
13209,,,,,541.3659,4.0
13210,,,,,566.6338,4.0
13211,,0.36438859,0.0,0.47415158,416.21204,4.0
13212,,,0.0,,707.93866,
13213,,,,,622.05115,4.0
13214,,0.61647916,1.0,0.55172896,818.06537,4.0
13215,,,,,768.19794,4.0
13216,,,,,1090.0753,4.0
13217,,0.68002146,,0.5950787,968.6229,4.0
13218,,0.7035102,,0.72860456,567.384,4.0
13219,,,,,604.0739,4.0
13220,,0.52502465,,0.6206124,903.36597,4.0
13221,,0.36944455,1.0,0.44011655,923.3595,4.0
13222,0.0,0.12178602,0.0,0.24534656,789.03864,4.0
13223,,,,,1787.9653,4.0
13224,1.0,0.47923887,1.0,0.5954965,1285.4961,4.0
13225,0.0,0.457654,0.0,0.6067828,543.76996,4.0
13226,0.0,0.4356411,0.0,0.49797544,1306.6255,4.0
13227,,,,,1489.8577,4.0
13228,,,,,484.7864,4.0
13229,,0.38561115,,0.38655534,1425.6536,4.0
13230,,0.5529713,,0.6043581,418.0235,4.0
13231,,0.5521283,,0.6156847,797.6153,4.0
13232,1.0,0.6766997,1.0,0.7125852,619.60425,4.0
13233,,,,,412.0335,4.0
13234,0.0,0.5080569,0.0,0.47937906,251.77646,4.0
13235,,0.60531074,1.0,0.6734395,600.24805,4.0
13236,,,,,594.114,4.0
13237,1.0,0.50037843,1.0,0.6071618,469.69763,4.0
13238,0.0,0.35426223,0.0,0.37885636,787.6443,4.0
13239,0.0,0.50382555,0.0,0.41013965,851.2444,4.0
13240,,0.6548063,,0.72523046,250.57191,4.0
13241,,,,,653.9432,4.0
13242,,0.19490404,,0.22252555,613.3599,4.0
13243,1.0,0.47724864,1.0,0.5220897,442.09763,4.0
13244,,0.59601283,,0.65885514,8317.078,4.0
13245,,,,,13379.166,4.0
13246,,0.27430177,,0.4617342,12359.195,4.0
13247,,0.2954803,,0.37500492,9890.648,4.0
13248,,,,,9769.824,4.0
13249,,,,,278.01703,4.0
13250,0.0,0.34044182,0.0,0.39937776,342.85303,4.0
13251,,0.19659032,0.0,0.29818657,310.6636,4.0
13252,,0.31764135,,0.42724636,264.12112,4.0
13253,,0.5448947,,0.52685124,301.24796,4.0
13254,,,,,123.35761,4.0
13255,,0.24661607,,0.3542046,10244.682,4.0
13256,,0.5479514,1.0,0.16335832,17115.523,4.0
13257,,0.30277792,,0.39327717,12917.395,4.0
13258,,0.07399844,,0.2048749,14508.563,4.0
13259,1.0,0.36946234,1.0,0.37471956,1441.5924,4.0
13260,0.0,0.41282997,0.0,0.48784718,560.06854,4.0
13261,,,,,10788.126,4.0
13262,,,,,11857.975,4.0
13263,,,,,12461.888,4.0
13264,,,,,10521.203,4.0
13265,,,,,13064.139,4.0
13266,,,,,10097.241,4.0
13267,,0.08305356,,0.20440735,8477.02,4.0
13268,,,,,6824.3643,4.0
13269,,,,,8205.846,4.0
13270,,,,,7962.4614,4.0
13271,,,,,153203.11,4.0
13272,,,,,217484.8,4.0
13273,,,,,345.7827,4.0
13274,,,,,394.7374,4.0
13275,,,,,307.99484,4.0
13276,,0.43511727,0.0,0.49914387,163.27475,4.0
13277,1.0,0.65535986,1.0,0.31465623,826.033,4.0
13278,1.0,0.27900064,1.0,0.4025961,530.4446,4.0
13279,1.0,0.6309648,1.0,0.68139523,535.28046,4.0
13280,,0.6455092,,0.56171143,673.79266,4.0
13281,,0.3285585,,0.3635061,44602.43,4.0
13282,,0.7089705,,0.7140407,371.6051,4.0
13283,,0.8008301,1.0,0.67295253,878.7226,4.0
13284,,0.14023717,,0.2604833,9106.718,4.0
13285,,0.20555975,,0.40821528,10458.59,4.0
13286,,,,,10047.079,4.0
13287,,,,,3652.6138,4.0
13288,,0.74986583,,0.7740015,2023.4841,4.0
13289,,,,,2328.825,4.0
13290,,0.7127947,1.0,0.7110698,904.9286,4.0
13291,,,,,1131.4147,4.0
13292,,,,,247.56906,4.0
13293,,0.30519193,1.0,0.40473115,1004.37244,4.0
13294,0.0,0.49609518,0.0,0.43256202,1329.2773,4.0
13295,1.0,0.8569863,1.0,0.768692,1070.8099,4.0
13296,,,,,948.0829,4.0
13297,,,,,901.8243,4.0
13298,,,,,549.2358,4.0
13299,,0.48370928,,0.39599305,16632.623,4.0
13300,,,,,17809.506,4.0
13301,,0.25451338,,0.52187526,2977.573,4.0
13302,,0.8406394,1.0,0.86608547,2132.9214,1.0
13303,,0.41356078,,0.5855821,2313.9749,4.0
13304,,0.2405673,,0.5548441,2880.058,4.0
13305,,0.23268637,1.0,0.511342,2927.6858,4.0
13306,0.0,0.7073738,0.0,0.8297153,1648.3843,4.0
13307,,0.5440518,0.0,0.7459824,2422.2737,4.0
13308,,0.5097488,0.0,0.611203,2995.009,4.0
13309,,0.119692676,0.0,0.5178804,2491.2463,4.0
13310,,,,,2350.8044,4.0
13311,1.0,0.66002005,1.0,0.81946814,1920.0396,4.0
13312,1.0,0.6276584,1.0,0.6524423,2097.3962,4.0
13313,,0.7969325,,0.51202244,2346.0364,4.0
13314,,0.80000365,,0.51371944,2511.7412,4.0
13315,,,,,2426.9126,4.0
13316,,0.7529413,0.0,0.46732023,1754.9663,4.0
13317,,0.6825487,1.0,0.4585821,2266.7317,4.0
13318,,0.7800663,0.0,0.46756983,1667.7676,4.0
13319,,,,,2056.817,4.0
13320,,,,,2076.038,4.0
13321,,,,,1824.7074,4.0
13322,,,,,2399.0952,4.0
13323,,,,,65792.33,4.0
13324,,0.6771866,,0.43697298,6644.0933,4.0
13325,,0.6704178,,0.30366117,6905.0796,4.0
13326,,0.8125866,,0.5351664,5101.96,4.0
13327,,0.3389466,,0.20502497,6357.7476,4.0
13328,1.0,,1.0,,3430.5938,4.0
13329,0.0,0.43602774,0.0,0.24377267,3211.3738,4.0
13330,,,,,1940.3044,4.0
13331,,,,,3224.9744,4.0
13332,,,,,2716.4856,4.0
13333,1.0,0.7573058,1.0,0.43363965,3222.4102,4.0
13334,,0.40591902,0.0,0.15979993,3354.8782,4.0
13335,,,0.0,,2369.4033,4.0
13336,,,,,1034.4158,4.0
13337,,0.727536,,0.34731147,814.23083,4.0
13338,,0.7414034,,0.53267896,726.5705,4.0
13339,,0.8806725,0.0,0.5176294,1791.982,4.0
13340,,,,,1226.3657,4.0
13341,,,,,1379.0599,4.0
13342,,0.607279,0.0,0.3196041,1604.0406,4.0
13343,,0.40588507,,0.22311087,1929.4121,4.0
13344,,,0.0,,1647.8817,4.0
13345,,0.76136553,0.0,0.38031912,1845.4313,4.0
13346,,0.36001524,,0.19296768,1915.3732,4.0
13347,,0.39487642,,0.17245832,76377.44,4.0
13348,,,,,4494.4775,4.0
13349,,0.8969304,,0.8714494,4688.4463,4.0
13350,,0.9593348,,0.7886501,3649.208,4.0
13351,,0.9467141,,0.85186493,1107.5621,4.0
13352,,0.38859206,,0.6114829,5056.6157,4.0
13353,,0.3780483,1.0,0.60806763,3530.3105,4.0
13354,,0.6823424,1.0,0.75560415,2513.8713,4.0
13355,1.0,0.62963843,1.0,0.76323515,4362.9736,4.0
13356,,0.7490874,1.0,0.8380955,4527.161,4.0
13357,1.0,0.7669964,1.0,0.6721931,6337.442,4.0
13358,,0.95047283,0.0,0.8101631,3651.4443,4.0
13359,,0.8093793,,0.80801666,6380.884,4.0
13360,,,,,4010.1975,4.0
13361,,0.6032042,,0.6936986,6591.3657,4.0
13362,,,,,5286.758,4.0
13363,,,,,6956.261,4.0
13364,,0.94546586,1.0,0.9113226,3206.428,4.0
13365,,,,,3540.7368,4.0
13366,,0.35450697,1.0,0.6269688,5419.614,4.0
13367,,,,,4700.287,4.0
13368,,,,,7039.574,4.0
13369,,0.25020263,,0.6041769,38385.914,4.0
13370,,0.9550992,,0.673245,1542.054,4.0
13371,,0.67988837,,0.41961935,4829.141,4.0
13372,,,,,3744.0225,4.0
13373,,,,,3909.542,4.0
13374,,0.9928186,1.0,0.7741452,2784.3367,4.0
13375,1.0,0.9537742,1.0,0.5348657,4190.6157,4.0
13376,,,,,3424.141,4.0
13377,,0.80443066,1.0,0.44627637,4290.4463,4.0
13378,,0.8948133,1.0,0.4475002,3294.24,4.0
13379,,,,,67484.44,4.0
13380,,0.15338336,,0.29750186,12773.538,4.0
13381,,0.69384885,,0.7500158,9375.628,4.0
13382,,0.4927376,,0.5103245,3391.9922,4.0
13383,,0.82587415,0.0,0.7673674,2981.3137,4.0
13384,,,,,5532.556,4.0
13385,1.0,,1.0,,3498.002,4.0
13386,,0.49677184,,0.56015074,4845.912,4.0
13387,,,,,5103.5034,4.0
13388,,0.5341382,1.0,0.5361223,3256.6167,4.0
13389,,0.16114904,,0.3344267,71350.016,4.0
13390,,,,,3964.0845,4.0
13391,,,,,5974.501,4.0
13392,,0.08121885,,0.2787602,6464.4526,4.0
13393,,,,,4428.3276,4.0
13394,,0.16506979,0.0,0.31637946,7701.85,4.0
13395,0.0,0.3780084,0.0,0.44019645,8372.6875,4.0
13396,,0.22103654,,0.37006417,6580.247,4.0
13397,,0.42499536,1.0,0.46730635,6266.582,4.0
13398,,0.46898422,0.0,0.5611826,5318.6294,4.0
13399,,,,,6867.3223,4.0
13400,,,,,152539.64,4.0
13401,,0.6753205,,0.22924368,4270.411,4.0
13402,,0.9460679,,0.53928304,3324.9844,4.0
13403,,,,,3656.9026,4.0
13404,,,,,4728.535,4.0
13405,,,,,2457.533,4.0
13406,1.0,0.60257137,1.0,0.3142442,2291.0671,4.0
13407,,,,,2305.274,4.0
13408,1.0,0.46238834,1.0,0.22815661,2351.5566,4.0
13409,,,,,2044.6758,4.0
13410,0.0,0.5917104,0.0,0.2200367,2767.229,4.0
13411,1.0,0.69247717,1.0,0.31177565,2797.2253,4.0
13412,,0.297971,0.0,0.11275473,37960.668,4.0
13413,,0.38043046,,0.13263634,5118.9424,4.0
13414,,0.58669215,,0.23131043,4437.5146,4.0
13415,,0.9234922,,0.60067636,2667.5347,4.0
13416,,0.9499129,1.0,0.18667619,748.20746,4.0
13417,,0.42323828,,0.17776011,5471.728,4.0
13418,,,,,5451.7363,4.0
13419,,,,,5365.0996,4.0
13420,,,,,5776.498,4.0
13421,,0.40759695,,0.24743313,2520.0667,4.0
13422,,0.51603436,1.0,0.08146217,6503.438,4.0
13423,,0.4970776,,0.21917894,4081.2568,4.0
13424,,,,,60441.09,4.0
13425,,0.25787362,,0.103106394,6665.1353,4.0
13426,,0.16928062,,0.11561562,5131.4004,4.0
13427,,0.8019851,,0.3474328,5661.956,4.0
13428,,,,,5795.257,4.0
13429,,,,,4243.354,4.0
13430,1.0,0.6329115,1.0,0.21124741,4656.6147,4.0
13431,,,,,3874.633,4.0
13432,1.0,0.6992557,1.0,0.32220173,1945.3438,4.0
13433,0.0,0.4502181,0.0,0.2031978,3088.1548,4.0
13434,,0.6374187,,0.2503645,3947.395,4.0
13435,,,,,4596.7607,4.0
13436,,,,,44192.94,4.0
13437,,0.15775135,,0.5185261,7172.9795,5.0
13438,,0.42618012,,0.49986783,8447.145,5.0
13439,,0.6048777,,0.77224636,6978.5166,5.0
13440,,0.64303654,,0.6949775,6350.6406,5.0
13441,,0.47867677,,0.58510995,4717.5635,5.0
13442,,0.10465657,,0.32333598,7953.8184,5.0
13443,,,,,6824.407,5.0
13444,,0.36174253,1.0,0.47713476,7992.108,5.0
13445,,,,,6980.167,5.0
13446,,0.15451819,0.0,0.3923948,6404.792,5.0
13447,,0.56595546,,0.688937,5248.0244,5.0
13448,,0.1513621,,0.38814405,113281.5,5.0
13449,,,,,8337.351,5.0
13450,,0.6539181,,0.41375107,7404.6836,5.0
13451,,,,,9467.251,5.0
13452,,0.52730507,,0.5710812,8555.497,5.0
13453,,,,,4325.102,5.0
13454,,,,,4485.0693,5.0
13455,1.0,0.4193891,1.0,0.3890774,4717.446,5.0
13456,,0.57718045,1.0,0.55235714,2453.3748,5.0
13457,,,,,5101.34,5.0
13458,,0.6078417,,0.5263346,3216.3115,5.0
13459,,,,,3178.305,5.0
13460,,0.5971089,,0.5906515,135556.9,5.0
13461,,,,,1633.816,5.0
13462,,0.3183249,,0.40721238,1508.3649,5.0
13463,,,,,951.344,5.0
13464,,0.79999375,1.0,0.69876117,478.76236,5.0
13465,,,,,499.19565,5.0
13466,,0.7568728,1.0,0.64167786,622.2156,5.0
13467,,,,,916.0065,5.0
13468,,0.68707025,1.0,0.6755418,767.9963,5.0
13469,,0.51640886,1.0,0.5723649,720.5746,5.0
13470,,,,,751.0711,5.0
13471,,0.5053365,1.0,0.59724003,848.4556,5.0
13472,,,,,89118.55,5.0
13473,,,,,2640.3433,5.0
13474,,0.23594639,,0.34747854,2425.378,5.0
13475,,,,,2675.3713,5.0
13476,,,,,2531.0923,5.0
13477,,0.319883,,0.39715543,1866.27,5.0
13478,,,,,3642.2388,5.0
13479,,0.35299388,,0.38845563,2658.0823,5.0
13480,,0.6724399,1.0,0.5955586,2081.0066,5.0
13481,,,,,2641.1626,5.0
13482,,0.37786126,0.0,0.41833422,2648.511,5.0
13483,,0.3336279,,0.32697585,31917.215,5.0
13484,,,,,32301.164,5.0
13485,,0.31113604,,0.45633945,691.80756,5.0
13486,,0.55613244,,0.6958008,898.2314,5.0
13487,,0.24328975,1.0,0.43620136,936.9342,5.0
13488,,0.3829023,1.0,0.55117846,944.89966,5.0
13489,1.0,0.44120923,1.0,0.5592252,886.60114,5.0
13490,,0.16581272,1.0,0.41023192,679.6425,5.0
13491,,0.570963,0.0,0.6193978,620.3099,5.0
13492,,0.10657187,1.0,0.30750704,994.68866,5.0
13493,0.0,0.32777315,0.0,0.43233487,847.6905,5.0
13494,,0.27853733,,0.40832523,1355.787,5.0
13495,,0.526909,1.0,0.6806278,882.3675,5.0
13496,,0.08734772,,0.21639492,36979.164,5.0
13497,,0.52781564,,0.5493082,407.26505,5.0
13498,,,,,1127.4786,5.0
13499,,,,,1668.3701,5.0
13500,1.0,0.6076543,1.0,0.63845915,1205.5944,5.0
13501,,0.15590288,0.0,0.21790132,1547.5215,5.0
13502,,,,,1105.248,5.0
13503,,,,,1267.2355,5.0
13504,,,0.0,,1052.405,5.0
13505,,,,,1151.9116,5.0
13506,0.0,0.259517,0.0,0.32882944,1471.9908,5.0
13507,,,,,1314.0737,5.0
13508,,,1.0,,29646.86,5.0
13509,1.0,0.57147604,1.0,0.5692977,1167.8944,5.0
13510,,0.7087685,,0.5183792,1262.3331,5.0
13511,,,,,1003.715,5.0
13512,,,,,907.3617,5.0
13513,,,0.0,,1075.804,5.0
13514,,,,,899.37213,5.0
13515,,,,,1134.6324,5.0
13516,,,,,1017.9464,5.0
13517,,,,,910.7226,5.0
13518,,,,,804.1015,5.0
13519,,,,,1042.7904,5.0
13520,,,,,46526.113,5.0
13521,,,,,13718.918,5.0
13522,1.0,0.5139391,1.0,0.5734488,12108.741,5.0
13523,,0.4130232,,0.5202311,11690.002,5.0
13524,,,,,3037.5193,5.0
13525,,,,,3214.4482,5.0
13526,0.0,0.50489604,0.0,0.6330623,2793.0815,5.0
13527,,0.09201761,,0.1702978,3245.9622,5.0
13528,0.0,0.45388612,0.0,0.54443437,3222.296,5.0
13529,0.0,0.12150815,0.0,0.3165136,3112.3857,5.0
13530,,,,,3128.8804,5.0
13531,,,,,2308.101,5.0
13532,,,,,1162.0715,5.0
13533,,0.10798918,,0.30764797,1456.6874,5.0
13534,,0.46401295,,0.5588979,2222.0894,5.0
13535,,,,,2128.3687,5.0
13536,,,,,2286.5583,5.0
13537,,0.18641475,,0.44165602,3790.0188,5.0
13538,,,,,4412.534,5.0
13539,0.0,0.07060199,0.0,0.22140352,4430.6494,5.0
13540,0.0,0.28121746,0.0,0.40117458,4827.024,5.0
13541,1.0,0.59183186,1.0,0.6252812,3639.0103,5.0
13542,,0.4465062,,0.54011226,52035.703,5.0
13543,,,,,1990.818,5.0
13544,,,,,1392.6245,5.0
13545,,,,,1990.6074,5.0
13546,,,,,2885.7307,5.0
13547,,,,,3738.1013,5.0
13548,,0.4911328,,0.59662485,2135.98,5.0
13549,1.0,0.5554614,1.0,0.6631058,6078.4175,5.0
13550,,0.5160475,1.0,0.5960376,5800.916,5.0
13551,,,,,8954.814,5.0
13552,,,,,7666.506,5.0
13553,,,,,6802.048,5.0
13554,,,,,54356.35,5.0
13555,,0.4653214,,0.6091179,395.8606,5.0
13556,,0.6947707,,0.7605412,724.25757,5.0
13557,,,,,668.7472,5.0
13558,,,,,1165.4995,5.0
13559,,0.43717712,,0.6767122,808.45703,5.0
13560,1.0,0.40407965,1.0,0.5061298,5247.232,5.0
13561,,,,,5341.745,5.0
13562,1.0,0.60239226,1.0,0.7351482,2782.2808,5.0
13563,,0.44696134,,0.58655304,4918.8613,5.0
13564,1.0,0.2091805,1.0,0.42293173,5321.975,5.0
13565,,,,,3893.6218,5.0
13566,,0.23346446,0.0,0.2688148,36323.3,5.0
13567,,,,,798.2587,5.0
13568,,0.24976134,,0.4883926,650.8526,5.0
13569,,,,,638.51935,5.0
13570,,,,,635.3048,5.0
13571,,0.4510894,,0.6243423,538.49963,5.0
13572,,,,,628.8452,5.0
13573,,0.079561755,0.0,0.24553539,644.9055,5.0
13574,,0.14502089,1.0,0.41361284,440.43408,5.0
13575,,0.55640787,1.0,0.6979227,468.4329,5.0
13576,,0.19797252,,0.4550088,612.33984,5.0
13577,,,,,13909.391,5.0
13578,,0.13971412,,0.42262802,12692.511,5.0
13579,,,,,1372.968,5.0
13580,,,,,2329.4558,5.0
13581,,0.5450314,,0.6680691,2159.2944,5.0
13582,,,,,671.6833,5.0
13583,,0.46354645,,0.63165313,4262.4683,5.0
13584,,,,,1999.3793,5.0
13585,,,,,2812.17,5.0
13586,,,1.0,,3880.0898,5.0
13587,,,,,4888.493,5.0
13588,,0.15480714,1.0,0.42051202,4230.7793,5.0
13589,,,,,5165.301,5.0
13590,,,,,34714.39,5.0
13591,,0.47767252,,0.19387563,2379.922,5.0
13592,,0.2185128,,0.15292779,3615.509,5.0
13593,,,,,2745.0703,5.0
13594,,0.6128825,0.0,0.34684065,10888.473,5.0
13595,,,,,5700.435,5.0
13596,,0.72387433,1.0,0.5799112,8531.613,5.0
13597,,0.28296882,,0.28459173,10145.19,5.0
13598,,,,,9253.363,5.0
13599,0.0,0.78834194,0.0,0.7077621,11278.965,5.0
13600,,0.18857218,,0.27313915,6222.4336,5.0
13601,,0.090763465,0.0,0.07092574,49094.152,5.0
13602,,0.5346478,1.0,0.42443576,31844.15,5.0
13603,,,,,298.37628,5.0
13604,,,,,208.8734,5.0
13605,,,,,213.67775,5.0
13606,,,,,229.27847,5.0
13607,,0.7250231,,0.45199046,217.15547,5.0
13608,,,,,214.38457,5.0
13609,,,,,2506.5142,5.0
13610,,,,,2408.1282,5.0
13611,,,,,1636.48,5.0
13612,,,,,2215.9624,5.0
13613,,,,,1959.3611,5.0
13614,,,,,10675.829,5.0
13615,,0.047240965,,0.16632415,10725.131,5.0
13616,,,,,9862.033,5.0
13617,,,,,10001.104,5.0
13618,,,,,14353.671,5.0
13619,,,,,10505.382,5.0
13620,,,,,246.71336,5.0
13621,,,,,258.55438,5.0
13622,,0.5709736,,0.647326,197.29407,5.0
13623,,0.13832289,,0.33696377,236.33731,5.0
13624,0.0,0.0586038,0.0,0.18389453,876.47754,5.0
13625,0.0,0.06135199,0.0,0.24305154,749.98956,5.0
13626,,0.5648242,,0.63030314,874.25934,5.0
13627,,,,,699.92993,5.0
13628,,0.483532,,0.5118886,942.44867,5.0
13629,,0.4141224,,0.4901062,810.0253,5.0
13630,,,,,1029.4083,5.0
13631,,,,,859.25146,5.0
13632,,0.43187842,,0.501499,1034.7714,5.0
13633,,,,,731.63965,5.0
13634,,0.48912957,,0.5375571,966.9913,5.0
13635,,,,,931.2811,5.0
13636,1.0,0.27380288,1.0,0.3553678,989.60095,5.0
13637,,0.5067533,1.0,0.5144896,908.3105,5.0
13638,,,,,972.7771,5.0
13639,,0.22152284,1.0,0.3510496,811.0201,5.0
13640,,,,,785.94025,5.0
13641,,0.24983269,,0.35174745,926.99713,5.0
13642,0.0,0.5837624,0.0,0.68206805,730.22925,5.0
13643,,0.35275885,,0.37590918,713.07806,5.0
13644,1.0,0.70457315,1.0,0.4602778,224.79124,5.0
13645,,0.40360573,,0.43796924,568.80255,5.0
13646,,0.44859108,,0.4715659,643.1521,5.0
13647,,0.56978226,,0.71885896,366.01114,5.0
13648,,0.29029775,,0.13844042,1096.747,5.0
13649,1.0,0.22552776,1.0,0.3287154,1022.2243,4.0
13650,0.0,0.464197,0.0,0.52195835,1138.8104,5.0
13651,,0.21167967,0.0,0.3428157,1029.6439,5.0
13652,,,,,1106.6099,5.0
13653,,,,,1155.591,5.0
13654,,0.18908934,1.0,0.33038607,893.0516,5.0
13655,,0.71703213,,0.5607577,664.49854,5.0
13656,,0.53734666,,0.5125284,571.4739,5.0
13657,,,,,449.43726,5.0
13658,,0.36880538,1.0,0.3712442,340.95087,5.0
13659,,,,,357.9328,5.0
13660,,0.29534817,0.0,0.419404,252.70528,5.0
13661,,,,,286.9277,5.0
13662,,,,,262.5866,5.0
13663,,,,,375.26544,5.0
13664,,0.087684624,,0.31653908,230.0808,5.0
13665,,0.4552031,1.0,0.4710399,221.32013,5.0
13666,,0.43553674,,0.43462753,299.5397,5.0
13667,,,,,99.59701,5.0
13668,,,,,100.907715,5.0
13669,,,,,107.34965,5.0
13670,,,,,134.14703,5.0
13671,,0.6441203,,0.7858636,82.61228,5.0
13672,,,,,127.024315,5.0
13673,,0.5817113,1.0,0.63714397,141.29387,5.0
13674,,,,,189.13744,5.0
13675,,,,,190.0612,5.0
13676,,,,,149.21204,5.0
13677,,,,,100.148476,5.0
13678,,,,,170.32207,5.0
13679,,,,,371.61185,5.0
13680,,0.571768,,0.5670728,345.85037,5.0
13681,,,,,330.4783,5.0
13682,,,,,306.72653,5.0
13683,,,,,978.28394,5.0
13684,,0.42672715,,0.40728268,887.01746,5.0
13685,,,,,890.33264,5.0
13686,,,,,871.34204,5.0
13687,,,,,977.07074,5.0
13688,,0.6415796,1.0,0.58333266,778.5221,5.0
13689,,,,,501.69574,5.0
13690,,,,,23207.531,5.0
13691,,,,,239.91043,5.0
13692,,0.3320428,,0.44948104,300.72626,5.0
13693,,,,,248.22354,5.0
13694,,0.5346023,,0.5913811,325.56903,5.0
13695,,0.26219714,1.0,0.38654795,711.18744,5.0
13696,,,,,510.4328,5.0
13697,,0.4628331,,0.53022397,351.7037,5.0
13698,,0.4164524,1.0,0.50217396,724.825,5.0
13699,,0.03277095,,0.18063158,618.4496,5.0
13700,,0.39094505,,0.464328,389.71054,5.0
13701,1.0,0.50075084,1.0,0.53419197,648.7334,5.0
13702,,0.12274183,1.0,0.37212297,14399.886,5.0
13703,,0.036113277,,0.1867647,333.44647,5.0
13704,,0.24816234,,0.40448305,389.349,5.0
13705,,,,,296.5495,5.0
13706,,0.7448754,,0.7600745,333.57224,5.0
13707,,0.74420124,,0.7721298,321.21173,5.0
13708,,0.6115531,0.0,0.5601925,353.04468,5.0
13709,,0.6932042,0.0,0.5700353,332.9311,5.0
13710,,,,,376.2027,5.0
13711,,0.37739953,,0.54366565,312.0692,5.0
13712,,,,,280.3318,5.0
13713,,0.1783043,,0.4374278,205.88107,5.0
13714,,0.08807662,,0.25372127,204.51363,5.0
13715,,,,,137.77533,5.0
13716,0.0,0.2418119,0.0,0.46303236,171.1852,5.0
13717,,,,,221.43512,5.0
13718,,,,,167.03522,5.0
13719,,,,,153.94237,5.0
13720,1.0,0.069299094,1.0,0.19818307,162.16682,5.0
13721,,,,,222.34526,5.0
13722,,0.31057903,,0.4448922,136.3642,5.0
13723,,,,,194.95277,5.0
13724,,,,,20135.361,5.0
13725,,0.5645656,,0.52473146,741.6326,5.0
13726,,,,,519.5394,5.0
13727,,,,,549.4113,5.0
13728,,,,,833.1492,5.0
13729,,0.5050371,0.0,0.57265115,1262.7806,5.0
13730,,,,,1637.9578,5.0
13731,,,,,2394.4941,5.0
13732,,,,,1642.2463,5.0
13733,,,,,1513.7047,5.0
13734,,0.3128826,,0.38941383,1952.2773,5.0
13735,,0.6474995,,0.619115,1265.0908,5.0
13736,,,,,24326.291,5.0
13737,,,,,314.0911,5.0
13738,,0.13917474,,0.22766563,1232.444,5.0
13739,,0.1214149,,0.3584283,1059.6653,5.0
13740,,,,,1448.9429,5.0
13741,,0.54837066,1.0,0.5586503,1130.4998,5.0
13742,,,,,1050.9246,5.0
13743,,0.21981311,,0.223299,1414.4357,5.0
13744,,,,,1284.5883,5.0
13745,,0.096212074,,0.26308435,1184.1754,5.0
13746,,0.08281977,,0.2503143,852.85846,5.0
13747,,0.2504575,,0.39714307,202.83269,5.0
13748,,,,,185.00279,5.0
13749,,0.62526685,,0.4771785,168.37897,5.0
13750,,0.11442453,,0.24268354,670.3235,5.0
13751,,0.091506384,,0.21517044,745.5368,5.0
13752,,0.08293038,,0.24310431,603.47107,5.0
13753,,,,,821.5743,5.0
13754,,0.0723728,,0.19753735,1115.1414,5.0
13755,,0.12991124,,0.2505113,705.2631,5.0
13756,,0.035562538,,0.12933855,1003.6364,5.0
13757,,,,,189.14415,5.0
13758,,0.56509817,1.0,0.64449704,183.85396,5.0
13759,,,,,96.08229,5.0
13760,,0.47649696,,0.5397495,151.02036,5.0
13761,,0.50414556,,0.524787,734.8441,5.0
13762,,0.12761855,,0.25725996,650.57043,5.0
13763,,0.6150226,,0.5462691,515.2799,2.0
13764,,,,,771.7372,5.0
13765,,,,,18616.488,5.0
13766,,0.51610243,,0.5979084,682.2468,5.0
13767,,0.19085869,,0.33770064,278.4457,5.0
13768,,0.3763881,1.0,0.48054653,330.7128,5.0
13769,,0.34654996,1.0,0.4638982,308.33853,5.0
13770,,0.35180753,1.0,0.46687153,333.65027,5.0
13771,,0.39726928,,0.5543757,277.87192,5.0
13772,,,,,368.7012,5.0
13773,,0.6290678,,0.58476955,290.9536,5.0
13774,,,,,302.05502,5.0
13775,0.0,0.3586622,0.0,0.45355844,308.66037,5.0
13776,0.0,0.25248387,0.0,0.21498665,420.59613,5.0
13777,,0.6091581,,0.5348056,571.78284,5.0
13778,,0.6130629,,0.6558097,482.07208,5.0
13779,,0.64820015,,0.5698066,529.29663,5.0
13780,,0.40293467,,0.4134752,233.50406,5.0
13781,,,,,213.14374,5.0
13782,,,,,210.81706,5.0
13783,,,,,231.32379,5.0
13784,1.0,0.5395867,1.0,0.70702624,152.91212,5.0
13785,,0.6350001,,0.57822376,250.28644,5.0
13786,,0.4149463,,0.50137323,239.07617,5.0
13787,,0.2438614,0.0,0.3747308,201.63171,5.0
13788,,,,,195.86775,5.0
13789,,,,,168.00323,5.0
13790,,,,,180.74864,5.0
13791,,,,,187.30438,5.0
13792,,,,,176.92068,5.0
13793,,0.100942045,,0.38613206,567.67554,5.0
13794,,,,,584.44037,5.0
13795,,0.50637996,0.0,0.3565897,592.4389,5.0
13796,,0.54309005,,0.46906596,553.4808,5.0
13797,0.0,0.11452012,0.0,0.2427921,723.01135,5.0
13798,0.0,0.72675526,0.0,0.70987946,573.8187,5.0
13799,,,,,685.7701,5.0
13800,,,,,558.8278,5.0
13801,,0.17184027,,0.47931412,1866.3749,5.0
13802,,0.44723612,,0.696458,1206.5414,5.0
13803,,,,,2043.3345,5.0
13804,,,,,1880.7739,5.0
13805,,0.3616379,,0.6445817,1632.3872,5.0
13806,,,,,9030.03,5.0
13807,,0.040424548,,0.4013237,10674.095,5.0
13808,0.0,0.36472625,0.0,0.72256225,9339.3545,5.0
13809,,,,,12475.662,5.0
13810,,0.040907435,0.0,0.419189,38704.75,5.0
13811,,0.68257797,,0.4286415,1096.782,5.0
13812,,,,,1314.7852,5.0
13813,,0.7679075,,0.6672508,783.6453,5.0
13814,,0.49230158,,0.5361573,1001.03394,5.0
13815,,0.28233448,0.0,0.45969212,1203.1998,5.0
13816,0.0,0.44855994,0.0,0.48286948,1088.6182,5.0
13817,,0.56398606,,0.6187391,764.24097,5.0
13818,,,,,13663.048,5.0
13819,,0.39532673,,0.57143354,7118.425,5.0
13820,,,,,8145.705,5.0
13821,,0.5843034,0.0,0.64938235,6792.982,5.0
13822,,0.21807541,,0.30105072,30674.947,5.0
13823,,0.63634074,,0.751694,544.92395,5.0
13824,,,,,650.54193,5.0
13825,,0.14652562,,0.22970288,851.4259,5.0
13826,0.0,0.09652552,0.0,0.31426615,1795.9481,5.0
13827,,,,,1413.1134,5.0
13828,0.0,0.41874135,0.0,0.6109452,1443.3474,5.0
13829,,,,,1166.8448,5.0
13830,,,,,1333.3687,5.0
13831,0.0,0.031039484,0.0,0.45151106,1275.5032,5.0
13832,,,,,1670.7805,5.0
13833,,0.07885014,,0.24874666,87247.71,5.0
13834,,0.6348469,,0.7681583,670.8752,5.0
13835,0.0,0.6018059,0.0,0.6765509,804.52783,5.0
13836,,0.45438018,,0.63033843,743.57086,5.0
13837,,,,,751.1349,5.0
13838,,0.124428615,,0.3502119,2377.158,5.0
13839,,0.08572374,,0.4362843,2695.13,5.0
13840,,0.46844605,0.0,0.6378024,2298.155,5.0
13841,,0.11225655,,0.31509125,2515.4636,5.0
13842,,0.1286253,,0.38043588,2383.4814,5.0
13843,,0.523024,,0.6520872,2411.6897,5.0
13844,,,,,1947.3892,5.0
13845,,,,,76280.27,5.0
13846,,0.57193685,,0.7316395,1386.2626,5.0
13847,,0.6532869,,0.76080555,1297.4415,5.0
13848,,,,,1478.13,5.0
13849,,,,,1597.6271,5.0
13850,,0.29998446,,0.48200533,1519.5577,5.0
13851,,,,,6135.5063,5.0
13852,,0.44795853,0.0,0.53521115,6359.812,5.0
13853,,0.6304156,1.0,0.7932356,3999.9792,5.0
13854,,0.25820312,,0.45035174,5280.1553,5.0
13855,,0.12858522,,0.43901935,5795.7134,5.0
13856,,0.17167026,,0.4869811,5755.303,5.0
13857,,0.3052165,,0.39693722,58805.973,5.0
13858,,0.25167993,,0.5744453,695.4458,5.0
13859,,0.50687695,,0.64222604,862.0096,5.0
13860,,0.26513532,,0.49883112,782.5517,5.0
13861,,0.32603577,1.0,0.5066275,782.81384,5.0
13862,,,,,814.9663,5.0
13863,,0.49388385,,0.6907955,674.3644,5.0
13864,,,,,7184.567,5.0
13865,,,,,6368.0913,5.0
13866,,,,,5263.0454,5.0
13867,,0.45605773,0.0,0.63123375,5600.416,5.0
13868,,,,,5929.0435,5.0
13869,,0.23081145,0.0,0.49655226,45864.63,5.0
13870,,0.5144912,,0.5281475,377.5413,5.0
13871,,0.2119486,,0.4145059,326.45483,5.0
13872,,0.54531556,,0.49928623,463.8651,5.0
13873,,,,,338.236,5.0
13874,,0.34592846,,0.47304323,1142.5072,5.0
13875,,0.40748447,,0.4454171,1325.5568,5.0
13876,,0.5180783,,0.46937516,1284.8676,5.0
13877,,,,,1137.5839,
13878,,,,,1448.5978,5.0
13879,,0.28023937,,0.4337708,1305.7314,5.0
13880,,0.28507122,,0.29313317,27791.793,5.0
13881,,0.1816097,,0.20914143,26757.514,5.0
13882,,,,,338.6343,5.0
13883,,0.4771256,,0.6428973,222.9876,5.0
13884,,0.5735952,,0.69129807,271.86496,5.0
13885,,0.3899768,,0.5461033,311.7965,5.0
13886,,0.5836672,,0.69628584,289.84164,5.0
13887,,0.70371664,1.0,0.7788662,2447.6855,5.0
13888,,,1.0,,2437.7312,5.0
13889,,0.6656518,1.0,0.7737521,2273.4402,5.0
13890,,0.48031163,1.0,0.6889326,2168.1858,5.0
13891,,0.10442065,,0.49063563,2649.175,5.0
13892,,,1.0,,2667.9033,
13893,,0.22160386,,0.32936174,65333.91,5.0
13894,,0.70475936,,0.6475928,746.8191,5.0
13895,,0.8715493,,0.79432625,616.3304,5.0
13896,,0.38900462,0.0,0.43084303,1245.761,5.0
13897,,,,,1431.3805,5.0
13898,,0.5100697,0.0,0.40124047,1365.1859,5.0
13899,,0.47451907,1.0,0.49747115,1292.0061,5.0
13900,,0.55738187,1.0,0.26878962,1387.3472,4.0
13901,,,,,1347.6652,5.0
13902,,0.56382596,1.0,0.6026558,1280.3043,5.0
13903,,0.35452613,0.0,0.3190527,1174.8265,5.0
13904,,,,,1367.0189,5.0
13905,,0.22505601,0.0,0.31733102,38673.37,5.0
13906,,,,,1767.0978,5.0
13907,,,,,3281.055,5.0
13908,,,,,2558.527,5.0
13909,,,,,2270.7305,5.0
13910,,,,,3537.779,5.0
13911,1.0,0.54747874,1.0,0.5296059,3302.0178,5.0
13912,,,,,2401.1345,5.0
13913,,0.58008075,1.0,0.85695624,1609.7709,5.0
13914,,,,,2998.0972,5.0
13915,,,,,2854.4285,5.0
13916,,,1.0,,858.1295,5.0
13917,,,,,23077.896,5.0
13918,,,,,2773.1719,5.0
13919,,,,,1947.5801,5.0
13920,,,,,2493.3494,5.0
13921,,,,,2265.8887,5.0
13922,,0.7413957,,0.57688165,3122.6882,5.0
13923,0.0,0.4994633,0.0,0.47431245,4602.8755,5.0
13924,,,,,4412.569,5.0
13925,,,,,4829.7305,5.0
13926,,0.39578944,,0.377189,4990.1226,5.0
13927,,,,,3871.6423,5.0
13928,,,,,52101.152,5.0
13929,,,,,753.35345,5.0
13930,,,,,779.31744,5.0
13931,,0.79760945,1.0,0.6929015,667.02893,5.0
13932,,,,,729.4481,5.0
13933,,0.5325509,0.0,0.37573522,1234.2968,5.0
13934,,0.7157296,1.0,0.53081274,1084.7977,5.0
13935,,,,,839.6237,5.0
13936,,,,,997.2808,5.0
13937,,,,,1170.0486,5.0
13938,,,,,626.945,5.0
13939,,0.7022841,0.0,0.41282314,851.1403,5.0
13940,,0.53445077,,0.25820336,50294.816,5.0
13941,,0.5368675,0.0,0.51012343,934.92926,5.0
13942,,0.7160759,,0.57750326,470.79065,5.0
13943,,0.73904777,,0.36560297,498.62094,5.0
13944,,,,,1052.1913,5.0
13945,,0.5951959,,0.51906115,2963.0015,5.0
13946,,,,,2458.0046,5.0
13947,,0.20003371,0.0,0.18956642,4151.5474,5.0
13948,,,,,2922.6091,5.0
13949,,,,,4108.279,5.0
13950,,,,,3955.7258,5.0
13951,,,,,59761.746,5.0
13952,,0.72990924,0.0,0.64975595,534.4908,5.0
13953,,,,,847.2479,5.0
13954,,,,,762.5699,5.0
13955,,,,,957.85205,5.0
13956,,0.2888382,1.0,0.25933373,5917.21,5.0
13957,,,,,6022.7964,5.0
13958,,0.6332191,1.0,0.53581905,3723.1062,5.0
13959,,0.5288849,0.0,0.49504194,3124.781,5.0
13960,,,,,4802.5586,5.0
13961,,,,,4294.2397,5.0
13962,,,,,4385.7925,5.0
13963,,0.45931748,0.0,0.35275304,40608.086,5.0
13964,,,,,2463.5337,5.0
13965,,0.55892235,,0.49842837,2550.7725,5.0
13966,,,,,1725.0631,5.0
13967,,,,,3936.204,5.0
13968,0.0,0.48650047,0.0,0.47439587,2165.3625,5.0
13969,,,,,2934.1262,5.0
13970,0.0,0.5506383,0.0,0.4926541,1715.7334,5.0
13971,,0.5229636,1.0,0.50353223,3257.7617,5.0
13972,0.0,0.77622396,0.0,0.5160025,2099.893,5.0
13973,,0.20826109,0.0,0.3240915,2288.5352,5.0
13974,,0.5678605,0.0,0.5542882,23077.0,5.0
13975,,,,,24027.91,5.0
13976,,0.59108865,,0.4500577,1891.6083,5.0
13977,,0.0057716626,1.0,0.06735737,545.89154,5.0
13978,,0.7424374,,0.53840905,2348.5654,5.0
13979,,0.7100425,,0.5952272,2730.5864,5.0
13980,,,,,2349.5996,5.0
13981,,,,,2839.7944,5.0
13982,,0.7089529,,0.58289695,1945.4199,5.0
13983,,0.4557702,1.0,0.39140233,3052.51,5.0
13984,,,,,2516.206,5.0
13985,,0.3949311,,0.17348926,4040.931,5.0
13986,,0.467012,,0.39740217,2836.594,5.0
13987,,0.4168802,,0.37068668,55745.84,5.0
13988,,,,,739.6024,5.0
13989,,0.46209583,,0.47612214,845.5736,5.0
13990,,0.6226977,,0.53505015,815.8971,5.0
13991,,0.5317805,0.0,0.4113669,1701.8365,5.0
13992,,0.2656652,0.0,0.31801417,1974.9764,5.0
13993,,,,,1753.9908,5.0
13994,,,,,1752.9923,5.0
13995,,0.11768862,0.0,0.1875581,1763.9755,5.0
13996,,0.36701423,0.0,0.42278844,1630.1945,5.0
13997,,0.6326199,0.0,0.5910067,1465.3257,5.0
13998,,,,,1709.0375,5.0
13999,,0.12266049,,0.21715036,75554.75,5.0
14000,,,,,770.67676,5.0
14001,,,,,645.21356,5.0
14002,,0.4411206,,0.6414703,702.12134,5.0
14003,,,,,550.4781,5.0
14004,,0.2246768,0.0,0.45406386,3548.347,5.0
14005,,0.26305902,1.0,0.54917973,4474.449,5.0
14006,,0.38338652,0.0,0.63534665,2541.789,5.0
14007,,,,,3274.7852,5.0
14008,,,,,3353.0125,5.0
14009,,,,,3832.8389,5.0
14010,,,,,4020.533,5.0
14011,,,,,96208.09,5.0
14012,,,,,647.3804,5.0
14013,,0.14602782,0.0,0.53703797,1644.822,5.0
14014,,,,,1407.8894,5.0
14015,,0.11951238,1.0,0.44346923,2056.0781,5.0
14016,,0.28533274,1.0,0.49456608,1787.4381,5.0
14017,,,,,1647.2795,5.0
14018,,0.15937085,,0.32057774,1767.4758,5.0
14019,,0.30885154,0.0,0.46622393,1860.7922,5.0
14020,,,,,1515.1425,5.0
14021,,,,,1474.0677,5.0
14022,,,,,1759.1467,5.0
14023,,,,,2706.8093,5.0
14024,,0.46334106,,0.6006129,1622.7501,5.0
14025,,0.11273171,0.0,0.43430644,6637.2246,5.0
14026,,,,,4336.7915,5.0
14027,,,,,6032.508,5.0
14028,,0.29099995,,0.5115254,6248.107,5.0
14029,,0.4762178,1.0,0.6441132,6327.6733,5.0
14030,,,,,7114.6245,5.0
14031,,,,,5978.1333,5.0
14032,,0.38787866,1.0,0.4852494,7123.265,5.0
14033,,,,,27705.932,5.0
14034,,,,,36071.746,5.0
14035,,,,,912.88654,5.0
14036,,0.6587576,,0.6334987,931.28326,5.0
14037,,,,,2315.954,5.0
14038,1.0,0.7411088,1.0,0.66992056,2275.2766,5.0
14039,0.0,0.6554177,0.0,0.5486127,2337.8215,5.0
14040,,0.7613078,1.0,0.6018116,1631.313,5.0
14041,,,,,1874.1462,5.0
14042,0.0,0.17578906,0.0,0.32074028,2772.126,5.0
14043,,,,,2375.6812,5.0
14044,,0.58500415,,0.60293144,2172.2383,5.0
14045,,,,,75385.42,5.0
14046,,,,,842.4428,5.0
14047,,,,,603.0305,5.0
14048,,0.69906694,1.0,0.6510209,1241.4147,5.0
14049,,,1.0,,1113.0581,5.0
14050,,,,,893.9068,5.0
14051,,0.13268682,0.0,0.31344506,1094.5261,5.0
14052,,,,,1291.3047,5.0
14053,,,,,1355.6326,5.0
14054,,0.2420539,1.0,0.32685602,1027.6499,5.0
14055,,0.29734576,,0.36168745,1130.9136,5.0
14056,0.0,0.58758974,0.0,0.6039826,1008.5634,5.0
14057,,0.20823905,,0.2889354,68885.93,5.0
14058,,0.707966,,0.6379718,1676.5527,5.0
14059,,0.5765795,,0.5212574,2285.1147,5.0
14060,0.0,0.29419217,0.0,0.31589982,2655.9082,5.0
14061,1.0,0.31785527,1.0,0.28829104,490.4088,5.0
14062,,0.948536,,0.72461045,388.86826,5.0
14063,,,,,712.0494,5.0
14064,0.0,0.24107666,0.0,0.14542137,641.01276,5.0
14065,0.0,0.55846,0.0,0.31291062,583.7265,5.0
14066,,0.26135764,,0.47485086,759.3452,5.0
14067,,,,,642.57306,5.0
14068,,0.29891738,,0.5648381,416.69647,5.0
14069,,0.2641235,,0.476775,524.55414,5.0
14070,,,,,544.08435,5.0
14071,,,,,441.9676,5.0
14072,0.0,0.22551171,0.0,0.35617623,517.7833,5.0
14073,1.0,0.5741401,1.0,0.75238156,413.38644,5.0
14074,,0.174253,,0.40318158,243.00536,5.0
14075,0.0,0.20296219,0.0,0.32947868,4215.228,5.0
14076,,0.1021492,,0.23970063,5135.939,5.0
14077,,0.3587505,,0.62944716,279.29678,5.0
14078,,,,,231.96898,5.0
14079,,0.48016167,,0.7818074,272.85397,5.0
14080,,0.43478084,,0.6838448,320.99454,5.0
14081,,,,,302.48685,5.0
14082,0.0,0.43643922,0.0,0.6198363,315.95013,5.0
14083,,,,,289.22064,5.0
14084,1.0,0.29397035,1.0,0.4754781,318.52908,5.0
14085,1.0,0.24897318,1.0,0.4364361,332.42374,5.0
14086,1.0,0.17131957,1.0,0.51537794,261.8951,5.0
14087,,,,,197.68422,5.0
14088,,0.45670646,,0.66788644,203.41125,5.0
14089,,0.2978192,,0.52803475,223.0811,5.0
14090,,0.1579404,,0.4644373,156.54643,5.0
14091,0.0,0.14756761,0.0,0.52182174,184.13966,5.0
14092,,0.4366477,1.0,0.62006414,176.36444,5.0
14093,,,,,180.48746,5.0
14094,,,,,190.57373,5.0
14095,,,,,215.04446,5.0
14096,,0.2558831,,0.4892425,191.84023,5.0
14097,,,,,229.4396,5.0
14098,,0.2101414,,0.34100804,221.8936,5.0
14099,,,,,268.83606,5.0
14100,,0.3671368,,0.60356355,63.153564,5.0
14101,,,,,130.38531,5.0
14102,0.0,0.056378614,0.0,0.25390235,91.47832,5.0
14103,0.0,0.13050295,0.0,0.34867916,107.83527,5.0
14104,,,,,1833.9374,5.0
14105,0.0,0.07854994,0.0,0.2029427,1527.5715,5.0
14106,,0.061793175,,0.40331626,1386.0398,5.0
14107,,,,,1982.6024,5.0
14108,,,,,1490.8778,5.0
14109,0.0,0.28390118,0.0,0.48712188,269.805,5.0
14110,,0.042269513,,0.44824532,412.32037,5.0
14111,0.0,0.33202857,0.0,0.6045568,336.43884,5.0
14112,,0.24310419,1.0,0.47662523,522.53503,5.0
14113,,0.3970726,,0.6571451,506.93637,5.0
14114,,0.37410882,0.0,0.64994454,459.06848,5.0
14115,,,,,740.0884,5.0
14116,0.0,0.27657175,0.0,0.52102673,426.09613,5.0
14117,,,,,174.39743,5.0
14118,,,,,877.99725,5.0
14119,,,,,1280.2086,5.0
14120,,,,,1092.0071,5.0
14121,,,,,1250.6543,5.0
14122,,,,,13004.361,5.0
14123,,,,,10123.013,5.0
14124,,,,,10700.8125,5.0
14125,,,,,7757.6426,5.0
14126,,,,,11305.919,5.0
14127,,,,,8992.074,5.0
14128,,,,,10658.901,5.0
14129,,0.0504501,,0.19378532,11583.057,5.0
14130,,,,,12216.104,5.0
14131,,,,,10010.034,5.0
14132,,0.26457533,,0.5421608,119.17227,5.0
14133,,,,,141.2124,5.0
14134,,,,,127.16387,5.0
14135,,0.17209516,,0.5056285,146.38914,5.0
14136,,0.19866687,,0.42729983,172.79408,5.0
14137,,0.26728547,,0.52545357,156.14854,5.0
14138,1.0,0.24809472,1.0,0.48160157,176.51297,5.0
14139,0.0,0.13839008,0.0,0.36825818,206.3485,5.0
14140,,,,,210.78893,5.0
14141,0.0,0.16093074,0.0,0.37458286,142.22238,5.0
14142,,,,,203.02187,5.0
14143,,0.36287233,,0.54950595,449.8393,5.0
14144,,0.15450796,,0.3846233,339.4288,5.0
14145,,0.07839886,,0.29179072,307.12518,5.0
14146,,,,,395.04507,5.0
14147,,0.0641256,,0.17865564,178.51662,5.0
14148,,0.087648004,,0.30744755,100.36916,5.0
14149,,,,,101.17815,5.0
14150,0.0,0.28603736,0.0,0.51750726,99.6856,5.0
14151,0.0,,0.0,,95.38901,5.0
14152,,,,,126.841835,5.0
14153,,,,,110.352715,5.0
14154,,0.08678646,,0.30574444,27784.768,5.0
14155,,,,,1793.041,5.0
14156,,0.2887592,,0.535673,2266.1333,5.0
14157,,,,,2104.6458,5.0
14158,,,,,1837.4546,5.0
14159,,,,,1105.7585,5.0
14160,,,,,1140.2344,5.0
14161,,,,,619.83655,5.0
14162,,,,,958.25494,5.0
14163,1.0,0.4635309,1.0,0.37001154,1480.3318,5.0
14164,,,,,1459.6675,5.0
14165,0.0,0.25475553,0.0,0.39704573,1527.6152,5.0
14166,,0.36020133,,0.54738456,1305.0475,5.0
14167,,0.19719052,,0.4296757,250.80507,5.0
14168,,0.18597233,,0.37423182,311.353,5.0
14169,,,,,426.30338,5.0
14170,,0.3933252,,0.65313244,332.57944,5.0
14171,0.0,0.20778762,0.0,0.42994308,351.85645,5.0
14172,1.0,0.3514343,1.0,0.6820111,306.91077,5.0
14173,,,,,345.7306,5.0
14174,0.0,0.45748064,0.0,0.7232407,325.73007,5.0
14175,,,,,425.2286,5.0
14176,,,,,391.70834,5.0
14177,1.0,0.16299792,1.0,0.3754994,234.13487,5.0
14178,1.0,0.16690466,1.0,0.3517567,395.41257,5.0
14179,,,,,786.09644,5.0
14180,,0.30726954,,0.37859228,162.30835,5.0
14181,,0.26571938,,0.49868456,586.10187,5.0
14182,,0.3174402,,0.6174855,417.35666,5.0
14183,1.0,0.49447414,1.0,0.33756006,230.05952,5.0
14184,,0.31226426,0.0,0.5278122,447.38992,5.0
14185,,0.07477509,,0.24155766,420.53217,5.0
14186,,0.32086995,,0.53712326,391.5434,5.0
14187,,0.06087344,,0.22358863,426.95538,5.0
14188,,0.35354313,1.0,0.5710921,434.8695,5.0
14189,,0.5053624,1.0,0.6177439,262.61047,5.0
14190,,0.5230469,0.0,0.7059664,354.20035,5.0
14191,,0.565149,,0.68927,1061.6826,5.0
14192,1.0,0.5013457,1.0,0.6233971,1128.0427,5.0
14193,1.0,0.38850805,1.0,0.70699817,757.12054,5.0
14194,,,,,747.6567,5.0
14195,,0.31522954,,0.5310384,352.0559,5.0
14196,,0.40852246,,0.6600724,243.91118,5.0
14197,,0.27943873,,0.6029266,301.8614,5.0
14198,,,,,325.06937,5.0
14199,1.0,0.37674585,1.0,0.56039083,317.17734,5.0
14200,0.0,0.19306216,0.0,0.32207936,299.57407,5.0
14201,,0.17163154,,0.39604333,343.7787,5.0
14202,,,,,311.8396,5.0
14203,0.0,0.4192752,0.0,0.4856983,230.43155,5.0
14204,,0.09153415,,0.20529354,413.9443,5.0
14205,,0.42227006,0.0,0.67336816,281.36346,5.0
14206,,0.31278002,,0.52837473,574.6898,5.0
14207,,0.55305207,,0.75762045,510.71353,5.0
14208,,0.48812374,,0.69897616,646.7484,5.0
14209,0.0,0.5157657,0.0,0.4477147,784.3269,5.0
14210,,,,,1068.7776,5.0
14211,,,,,716.83057,5.0
14212,0.0,0.2596518,0.0,0.4040628,1162.1506,5.0
14213,0.0,0.19089824,0.0,0.3791344,1231.3107,5.0
14214,,0.17716116,,0.35571977,958.25006,5.0
14215,,,,,1258.5625,5.0
14216,,0.13109082,,0.14273997,185.79076,5.0
14217,,0.5105381,,0.7033216,700.825,5.0
14218,,,,,591.8514,5.0
14219,,,,,365.1201,5.0
14220,,0.42328915,,0.5744091,299.18265,3.0
14221,,0.4690762,0.0,0.65707964,363.59988,5.0
14222,0.0,0.23942599,0.0,0.5507693,290.9567,5.0
14223,0.0,0.22725837,0.0,0.40896416,415.11865,5.0
14224,,,,,325.2025,5.0
14225,,0.1998843,,0.4319186,312.72638,5.0
14226,,,,,360.36288,5.0
14227,,,,,361.2333,5.0
14228,,0.43829527,,0.54844856,336.79666,5.0
14229,,0.5380594,0.0,0.58137447,378.96503,5.0
14230,,0.50664717,,0.53493166,210.8591,5.0
14231,,0.5057452,,0.43249524,419.02954,5.0
14232,,,,,416.31476,5.0
14233,,,,,596.3437,5.0
14234,,0.20053317,,0.38825005,425.00464,5.0
14235,1.0,0.4301511,1.0,0.6129318,574.0055,5.0
14236,,0.4210422,1.0,0.5876612,482.60916,5.0
14237,,,,,469.51114,5.0
14238,,,,,510.71136,5.0
14239,,0.26805487,,0.41599655,586.57874,5.0
14240,,0.35148048,,0.58816344,238.85843,5.0
14241,,0.726013,,0.58571213,404.74985,3.0
14242,,,,,313.06342,5.0
14243,,0.24490157,,0.46834144,431.3333,5.0
14244,,,,,846.9663,5.0
14245,,,,,728.1962,5.0
14246,,,,,821.78314,5.0
14247,0.0,0.2479177,0.0,0.4351293,676.5673,5.0
14248,,0.45597592,,0.6671413,589.50714,5.0
14249,0.0,0.4577674,0.0,0.64273435,577.4615,5.0
14250,,0.27446166,,0.42500222,14069.147,5.0
14251,,,1.0,,298.58585,5.0
14252,,0.22676182,0.0,0.5424387,328.33322,5.0
14253,,0.4020372,,0.6543299,477.80225,5.0
14254,,,1.0,,268.54562,5.0
14255,,0.6310597,,0.75861084,640.5104,5.0
14256,,0.4342927,,0.7163597,705.5632,5.0
14257,,0.349294,0.0,0.6316383,743.96967,5.0
14258,,0.039707568,0.0,0.47434655,649.4225,5.0
14259,0.0,0.13020006,0.0,0.5815054,621.3791,5.0
14260,,,,,644.1255,5.0
14261,,,,,656.5622,5.0
14262,,0.047365747,1.0,0.31497368,27226.082,5.0
14263,,0.15453197,,0.43120614,785.8834,5.0
14264,,0.38637415,,0.7243279,491.65933,5.0
14265,,0.42471957,,0.4684158,291.0719,5.0
14266,,,,,747.53973,5.0
14267,,0.19274518,0.0,0.5956033,476.8121,5.0
14268,,,,,493.80057,5.0
14269,,0.109184995,0.0,0.40997693,604.7886,5.0
14270,,,1.0,,662.6346,5.0
14271,,,,,504.60718,5.0
14272,0.0,0.20620294,0.0,0.5037427,594.2057,5.0
14273,,,,,565.1951,5.0
14274,,0.11525475,,0.36843213,24332.287,5.0
14275,,0.38332942,,0.64535576,1849.2799,5.0
14276,,0.16713181,,0.61481863,1349.2981,5.0
14277,,0.46941996,,0.71726805,1400.3281,5.0
14278,,,,,1544.9926,5.0
14279,,,,,1269.9601,5.0
14280,,,1.0,,1029.2646,5.0
14281,,0.21752879,0.0,0.611157,1376.2028,5.0
14282,,0.5774759,,0.7501474,1061.1903,5.0
14283,,0.18683308,0.0,0.31712928,1439.8527,5.0
14284,,0.41080472,,0.6510267,883.1052,5.0
14285,,0.07049882,,0.3690882,18281.076,5.0
14286,,,,,1071.306,5.0
14287,,0.46291927,,0.7281002,1080.4996,5.0
14288,,,,,550.04736,5.0
14289,,0.22938895,0.0,0.6204583,646.9608,5.0
14290,0.0,0.45478287,0.0,0.74474347,474.67773,5.0
14291,,,,,309.01462,5.0
14292,,,,,562.3815,5.0
14293,,0.06053423,,0.2655032,536.759,5.0
14294,,0.18076622,,0.4262251,601.37994,5.0
14295,,0.13306057,,0.5808485,456.6951,5.0
14296,,0.03149239,,0.27226126,23032.174,5.0
14297,,0.38715014,,0.61606836,205.32913,5.0
14298,,0.29786947,,0.66360193,233.44482,5.0
14299,,0.53469455,1.0,0.78947306,190.36568,5.0
14300,,0.22007538,0.0,0.48965353,264.07648,5.0
14301,,0.117173575,,0.41716892,692.913,5.0
14302,0.0,0.2092783,0.0,0.48859918,581.9607,5.0
14303,,0.28976962,1.0,0.6603484,572.6691,5.0
14304,,0.081162564,,0.32275665,690.40735,5.0
14305,,0.2384135,1.0,0.5322935,595.35693,5.0
14306,,,1.0,,483.16846,5.0
14307,,0.2105599,,0.45458135,747.93396,5.0
14308,,0.021425202,,0.22185199,30469.658,5.0
14309,,0.52404976,,0.53811204,1987.0114,5.0
14310,,0.65209454,,0.34561026,2871.9238,5.0
14311,,0.3329873,,0.50715035,1814.853,5.0
14312,,0.5633568,,0.49006277,2089.7124,5.0
14313,1.0,0.3824314,1.0,0.53698075,727.2595,5.0
14314,1.0,0.48380655,1.0,0.4154875,988.1731,5.0
14315,0.0,0.65991646,0.0,0.508982,931.30396,5.0
14316,1.0,0.6109119,1.0,0.2762378,1150.6,5.0
14317,1.0,0.54163253,1.0,0.36046442,1129.8389,5.0
14318,,0.4217099,1.0,0.51900285,616.21497,5.0
14319,,0.2130682,1.0,0.7327619,740.91626,5.0
14320,,0.6395593,0.0,0.25243455,25430.469,5.0
14321,0.0,0.7435858,0.0,0.48515552,529.0412,5.0
14322,0.0,0.37104875,0.0,0.9233357,684.7153,5.0
14323,,0.7206284,,0.7307061,809.1251,5.0
14324,,0.76481426,1.0,0.39418328,972.6751,5.0
14325,,0.58027875,,0.62373376,794.85266,5.0
14326,,0.48928076,1.0,0.8155908,736.4159,5.0
14327,,,,,803.5929,5.0
14328,,0.76574147,1.0,0.5699556,1032.0038,5.0
14329,,,0.0,,884.6052,5.0
14330,,,,,793.49677,5.0
14331,,0.67447823,1.0,0.7067309,965.06067,5.0
14332,,0.45539075,,0.40006125,12745.23,5.0
14333,,0.43159008,,0.46959567,562.2037,5.0
14334,,0.29321688,,0.5044939,610.6409,5.0
14335,1.0,,1.0,,628.9557,5.0
14336,,,,,907.7822,5.0
14337,1.0,0.5527835,1.0,0.64655554,885.30066,5.0
14338,,0.6004138,1.0,0.58395934,853.9112,5.0
14339,,0.66178167,0.0,0.67437285,1032.9677,5.0
14340,,0.6067695,1.0,0.7153626,1036.0958,5.0
14341,,0.5568101,1.0,0.44153243,521.2306,5.0
14342,,0.62761277,0.0,0.74198425,1027.1582,5.0
14343,,0.37023005,,0.2528746,8322.354,5.0
14344,,0.44398674,,0.2623573,10561.084,5.0
14345,,0.45219755,,0.3506176,853.2205,5.0
14346,,0.6356126,,0.65863496,849.00055,5.0
14347,,,,,897.8158,5.0
14348,,0.7350199,1.0,0.7989803,830.6651,5.0
14349,,,1.0,,874.3338,5.0
14350,,0.6655541,1.0,0.6511634,1161.6621,5.0
14351,,0.7331357,,0.8084234,904.34467,5.0
14352,1.0,0.5148774,1.0,0.83534586,654.2679,5.0
14353,,,,,526.60736,5.0
14354,,,,,3529.3923,5.0
14355,,,,,4130.029,5.0
14356,,,,,3614.8967,5.0
14357,,,,,3022.2363,5.0
14358,,,,,3336.636,5.0
14359,,,,,3927.1013,5.0
14360,,,,,198.91498,5.0
14361,,0.6070223,,0.4446066,411.18716,5.0
14362,,,,,470.92517,5.0
14363,,0.731227,1.0,0.71299475,470.4203,5.0
14364,,0.73976004,1.0,0.64661807,517.7383,5.0
14365,,0.46835628,,0.5119079,295.37173,5.0
14366,,0.7309106,1.0,0.6482723,377.4688,5.0
14367,,0.7450959,1.0,0.60179293,536.0729,5.0
14368,,0.71595937,,0.60811096,512.74835,5.0
14369,,,,,518.3923,5.0
14370,,0.7663744,1.0,0.48135352,302.05872,5.0
14371,0.0,0.8086283,0.0,0.67795193,470.20273,5.0
14372,,0.7128242,1.0,0.7911742,355.61902,5.0
14373,1.0,0.7333627,1.0,0.47117725,716.87805,5.0
14374,,,,,654.64813,5.0
14375,,0.7783266,1.0,0.70967585,1789.9993,5.0
14376,1.0,0.78004825,1.0,0.7961739,1432.458,5.0
14377,1.0,0.8060806,1.0,0.6449933,1563.8612,5.0
14378,,,,,1130.6213,5.0
14379,0.0,0.76453066,0.0,0.7428237,1424.5854,5.0
14380,,0.42059776,1.0,0.3396508,1482.1877,5.0
14381,,0.774996,,0.6601174,1860.066,5.0
14382,,0.27636692,,0.49776563,80203.15,5.0
14383,,,,,990.10266,5.0
14384,,0.77918905,,0.7731038,918.454,5.0
14385,,,,,838.11,5.0
14386,,0.90105647,,0.81544775,1169.785,5.0
14387,,0.90202516,,0.8701678,1070.0302,5.0
14388,,0.7499282,,0.60910386,1211.6879,5.0
14389,,0.860866,,0.80031824,688.4658,5.0
14390,,0.86798304,1.0,0.7143887,715.9841,5.0
14391,,0.86495155,,0.7092255,556.2226,5.0
14392,,0.8126756,1.0,0.7182144,695.06024,5.0
14393,0.0,0.17330343,0.0,0.32198066,1130.4258,5.0
14394,,0.91578376,,0.55892795,868.5939,5.0
14395,,0.7974784,,0.59499615,2129.134,5.0
14396,,0.12939271,,0.23816301,2884.1577,5.0
14397,,0.7291243,1.0,0.72007596,871.17664,5.0
14398,,,,,968.6018,5.0
14399,,0.37341508,1.0,0.39743826,677.41144,5.0
14400,,0.5454306,,0.22547641,918.2716,5.0
14401,,0.36997825,1.0,0.54409134,780.02747,5.0
14402,,0.66265786,,0.64775205,810.62103,5.0
14403,,0.4749123,,0.4702645,925.4845,5.0
14404,,0.49104953,,0.4446698,802.5631,5.0
14405,,0.6458476,,0.70390207,4516.1064,5.0
14406,,,,,6089.488,5.0
14407,,0.5628921,,0.66064286,1850.0503,5.0
14408,,0.7656419,,0.86933076,1427.0873,5.0
14409,,0.656155,,0.7867734,1537.3741,5.0
14410,1.0,0.40768334,1.0,0.6529448,587.612,5.0
14411,0.0,0.2603981,0.0,0.4525429,766.8737,5.0
14412,1.0,0.5909256,1.0,0.74708086,679.084,5.0
14413,,,,,652.82385,5.0
14414,0.0,0.34453052,0.0,0.557896,638.41296,5.0
14415,1.0,0.6893391,1.0,0.79156154,715.6876,5.0
14416,0.0,0.4276897,0.0,0.6864156,619.67896,5.0
14417,,0.3030733,0.0,0.5955584,17355.13,5.0
14418,,0.6780868,,0.7996889,1497.9847,5.0
14419,,0.54781264,,0.77697754,910.4354,5.0
14420,,0.6658667,,0.85242474,953.0264,5.0
14421,,0.17067347,,0.48381904,1610.2892,5.0
14422,0.0,0.18819411,0.0,0.6798135,679.4644,5.0
14423,,0.7137365,,0.82264525,497.53406,5.0
14424,0.0,0.717595,0.0,0.818824,505.06107,5.0
14425,0.0,0.6768553,0.0,0.8221194,528.8711,5.0
14426,,0.7164489,1.0,0.8492095,574.41,5.0
14427,,,,,569.02783,5.0
14428,0.0,0.4982123,0.0,0.66916287,691.73926,5.0
14429,,,,,12315.091,5.0
14430,,0.45231998,,0.76999223,986.0317,5.0
14431,,0.80157775,,0.89137495,1083.1511,5.0
14432,,0.23005277,,0.512548,1290.3148,5.0
14433,,0.69645196,,0.8304266,1140.6504,5.0
14434,,0.6135809,,0.68834394,570.8602,5.0
14435,0.0,0.4416623,0.0,0.648872,489.51962,5.0
14436,1.0,0.22335996,1.0,0.52536476,544.49945,5.0
14437,0.0,0.5188046,0.0,0.718644,568.03577,5.0
14438,,0.7435458,,0.85951984,465.38324,5.0
14439,,0.6319383,,0.76295334,458.8024,5.0
14440,0.0,0.35760546,0.0,0.62473375,548.38995,5.0
14441,,0.7737015,0.0,0.7393788,318.47226,5.0
14442,,,,,397.45663,5.0
14443,,0.8172701,,0.59820753,274.7597,5.0
14444,0.0,0.8445515,0.0,0.8292394,428.10944,5.0
14445,,0.6370795,,0.53964376,585.67004,5.0
14446,1.0,0.7996805,1.0,0.7907404,600.4799,5.0
14447,1.0,0.56567323,1.0,0.33302578,653.0606,5.0
14448,,,,,503.92288,5.0
14449,,0.8947742,1.0,0.7271037,557.03357,5.0
14450,,,,,17969.709,5.0
14451,,0.6054574,,0.23272341,734.3719,5.0
14452,,0.4738339,,0.38471115,544.63544,5.0
14453,,0.7946959,,0.5703857,727.09106,5.0
14454,,0.55445683,,0.28293914,672.74725,5.0
14455,,0.51195264,,0.21880007,534.1404,5.0
14456,,0.65993065,,0.11267397,1177.1393,5.0
14457,0.0,0.14860347,0.0,0.17510565,1043.7273,5.0
14458,,0.6882656,,0.30839995,1309.7366,5.0
14459,,,0.0,,1260.317,5.0
14460,,0.7867794,1.0,0.5379041,1133.3108,5.0
14461,1.0,0.43970606,1.0,0.20609938,937.85913,5.0
14462,,0.88545805,,0.467355,3051.3164,5.0
14463,,0.7872388,,0.43884006,3039.398,5.0
14464,,0.710697,,0.34753102,3074.221,5.0
14465,,0.7360766,,0.43909898,2779.033,5.0
14466,,0.66333985,,0.32856157,2634.0332,5.0
14467,1.0,0.90037763,1.0,0.53738534,992.8318,5.0
14468,,,,,1340.7877,5.0
14469,,,,,1603.445,5.0
14470,,0.8508297,,0.43013448,975.321,5.0
14471,,,,,1678.0063,5.0
14472,,0.4639339,0.0,0.34869742,1280.1663,5.0
14473,,0.75236076,1.0,0.37486485,1464.9023,5.0
14474,,,,,1281.8203,5.0
14475,,,,,1537.4817,5.0
14476,,,,,1030.1566,5.0
14477,,0.46877286,1.0,0.5254416,1013.43585,5.0
14478,0.0,0.3852402,0.0,0.4596991,898.727,5.0
14479,,,,,816.83575,5.0
14480,,,,,979.4498,5.0
14481,1.0,0.24933432,1.0,0.43554255,1020.8237,5.0
14482,,,,,889.34247,5.0
14483,,0.36399272,,0.5354149,737.9591,5.0
14484,,,,,6941.039,5.0
14485,,0.2586673,0.0,0.30503443,7729.589,5.0
14486,,0.82025605,,0.80118227,907.1036,5.0
14487,,0.57748073,,0.61222094,913.6573,5.0
14488,,,,,986.1737,5.0
14489,,,,,852.45,5.0
14490,,,,,1838.633,5.0
14491,,,,,2125.6147,5.0
14492,,,,,1956.7416,5.0
14493,0.0,0.32330695,0.0,0.29579395,2311.0842,5.0
14494,0.0,0.2075475,0.0,0.20991947,2022.373,3.0
14495,,0.34742874,,0.45559323,1448.0658,5.0
14496,1.0,0.6742486,1.0,0.66655934,1757.7297,5.0
14497,,,,,28488.352,5.0
14498,,,1.0,,1297.1985,5.0
14499,,0.6983476,1.0,0.52680653,1036.752,5.0
14500,,,,,1590.9192,5.0
14501,,0.4519303,1.0,0.7581798,1392.1157,5.0
14502,,0.24485703,,0.4340358,2516.3962,5.0
14503,,0.27083853,,0.56756043,2496.9587,5.0
14504,,,,,1436.2965,5.0
14505,,,,,1219.5468,5.0
14506,,0.62581265,,0.66547155,1097.0708,5.0
14507,,,,,1306.5228,5.0
14508,,,,,1520.5494,5.0
14509,,,,,1405.566,5.0
14510,,,,,44461.73,5.0
14511,0.0,0.11854685,0.0,0.25816718,760.93396,5.0
14512,,,,,625.3067,5.0
14513,,,,,633.85583,5.0
14514,,,,,684.80457,5.0
14515,,0.1400065,0.0,0.29550424,1054.4984,5.0
14516,,,,,1058.0924,5.0
14517,,,,,1207.3273,5.0
14518,,,,,920.6108,5.0
14519,,,,,956.638,5.0
14520,,,,,242.9452,5.0
14521,,0.4423946,,0.64336777,1053.255,5.0
14522,,,,,26549.104,5.0
14523,,,,,703.9579,5.0
14524,,,,,415.45743,5.0
14525,,0.44381702,,0.6595328,534.08777,5.0
14526,,0.4733502,,0.6837443,666.06995,5.0
14527,1.0,0.47741622,1.0,0.7245652,596.74786,5.0
14528,,0.3290748,,0.59159374,485.99072,5.0
14529,,0.40422234,,0.5544513,741.31464,5.0
14530,,,,,638.0099,5.0
14531,,0.23403294,,0.38405448,725.76245,5.0
14532,0.0,0.4286556,0.0,0.61037093,512.9635,5.0
14533,,,,,610.4956,5.0
14534,,,,,1203.8048,5.0
14535,,,,,1295.818,5.0
14536,,,,,538.2082,5.0
14537,,,,,700.4482,5.0
14538,,,,,846.1412,5.0
14539,,,,,815.87616,5.0
14540,,,,,953.5798,5.0
14541,,,,,1046.1932,5.0
14542,,,,,814.5576,5.0
14543,,,,,1095.8435,5.0
14544,,,,,642.2591,5.0
14545,,,,,488.1597,5.0
14546,,,,,666.8455,5.0
14547,,,,,400.58945,5.0
14548,,,,,1479.3245,5.0
14549,,,,,1441.5157,5.0
14550,,,,,1434.4174,5.0
14551,,,,,1399.5691,5.0
14552,,,,,711.2341,5.0
14553,,,,,1525.19,5.0
14554,,,,,1451.4296,5.0
14555,,,,,16313.209,5.0
14556,,,,,1103.4954,5.0
14557,,0.5820513,,0.5108262,914.8803,5.0
14558,,,,,1058.1512,5.0
14559,,,,,1183.1437,5.0
14560,,,,,2638.2314,5.0
14561,1.0,0.6465211,1.0,0.6222596,2552.5388,5.0
14562,,,,,2387.1057,5.0
14563,0.0,0.30702898,0.0,0.36426908,2531.4873,5.0
14564,,,,,2224.1177,5.0
14565,,0.32262766,1.0,0.39910778,2472.2686,5.0
14566,,,,,1066.0625,5.0
14567,,0.18739057,,0.2406942,479.5212,5.0
14568,,0.5717662,,0.56459755,302.49747,5.0
14569,,0.22074534,,0.3092382,455.01453,5.0
14570,,0.23670514,,0.30182055,469.2932,5.0
14571,,0.46418974,,0.5011936,1849.5248,5.0
14572,,0.2419082,,0.32419997,1532.817,5.0
14573,,0.41529164,,0.4987968,2397.581,5.0
14574,,,,,2603.1846,5.0
14575,,0.15808542,1.0,0.42065412,2407.8645,5.0
14576,,0.43071473,1.0,0.53892463,1770.019,5.0
14577,,,,,2118.548,5.0
14578,,,,,1108.6936,5.0
14579,,0.6048185,,0.50981915,843.6978,5.0
14580,,,,,1175.3127,5.0
14581,,0.23677838,,0.31699544,901.1276,5.0
14582,,0.35001016,,0.36581194,970.3514,5.0
14583,,,,,2065.7878,5.0
14584,,0.45422,0.0,0.46044397,1928.571,5.0
14585,,0.103330225,,0.36626583,2407.7893,5.0
14586,,,,,2330.9854,5.0
14587,,,,,2752.547,5.0
14588,,0.47725493,,0.5078006,2246.8489,5.0
14589,,,,,2807.6287,5.0
14590,,,,,955.6471,5.0
14591,,,,,860.86346,5.0
14592,,,,,967.52997,5.0
14593,,0.6508494,,0.6010833,1067.1682,5.0
14594,,,,,3058.348,5.0
14595,,,,,2341.6135,5.0
14596,,,,,2085.9282,5.0
14597,,0.14840476,,0.41936204,2645.895,5.0
14598,,,,,2040.1237,5.0
14599,,,,,1245.1769,5.0
14600,,,,,2500.261,5.0
14601,,,,,2690.9868,5.0
14602,,,,,747.51526,5.0
14603,,,,,676.15375,5.0
14604,,,,,1637.8251,5.0
14605,,,,,2289.1042,5.0
14606,,,,,1961.4648,5.0
14607,,,,,1809.5934,5.0
14608,,,,,2329.3787,5.0
14609,,,,,2433.8179,5.0
14610,,,,,2748.874,5.0
14611,,,,,2197.44,5.0
14612,,,,,63733.055,5.0
14613,,0.12172883,,0.2834991,2757.1277,5.0
14614,,0.3931521,,0.51315737,2952.8015,5.0
14615,,0.25870594,,0.4309461,3344.9475,5.0
14616,,0.61608917,0.0,0.7129258,2589.0425,5.0
14617,,,,,2943.7522,5.0
14618,,0.1883973,1.0,0.32946622,2596.4436,5.0
14619,,,,,3151.9766,5.0
14620,0.0,0.19294894,0.0,0.3254969,2854.2117,5.0
14621,,,,,3173.163,5.0
14622,,0.19203798,,0.36644992,2504.2358,5.0
14623,,,0.0,,112331.234,5.0
14624,,,,,3320.812,5.0
14625,,0.44255474,0.0,0.6844349,1231.3385,5.0
14626,,,,,1727.4178,5.0
14627,,,,,6917.467,5.0
14628,,,,,7889.6187,5.0
14629,,,,,7086.7554,5.0
14630,,,,,6882.6133,5.0
14631,,,,,8075.334,5.0
14632,,0.057260912,,0.15294504,7510.428,5.0
14633,,,,,8272.098,5.0
14634,,,,,2207.155,5.0
14635,,,,,2180.5361,5.0
14636,,,,,2300.3506,5.0
14637,,,,,2299.8745,5.0
14638,,,,,2527.952,5.0
14639,,,,,1700.4707,5.0
14640,,,,,1994.8881,5.0
14641,,,,,2580.0042,5.0
14642,,,,,2380.9963,5.0
14643,,,,,2335.0232,5.0
14644,,,,,3004.6616,5.0
14645,,0.18749672,,0.27986768,2987.036,5.0
14646,,,,,2228.7148,5.0
14647,,0.31957427,,0.45717445,2149.1787,5.0
14648,,0.24331984,,0.3322597,2630.4038,5.0
14649,,,,,1946.6957,5.0
14650,,,,,5291.874,5.0
14651,0.0,0.4177645,0.0,0.63972247,3281.6365,5.0
14652,,0.18201579,1.0,0.27588183,5156.358,5.0
14653,,,,,6091.6084,5.0
14654,,,,,77873.38,5.0
14655,,0.32596594,1.0,0.4586113,69529.79,5.0
14656,,0.14928956,,0.29947373,846.4876,5.0
14657,,0.037577383,,0.113519415,2324.1504,5.0
14658,,0.019416446,,0.12943311,2117.4854,5.0
14659,,0.115085416,0.0,0.22461763,2345.1719,5.0
14660,,0.3410551,0.0,0.49881443,1731.4985,5.0
14661,,0.12489917,,0.2824925,1362.351,5.0
14662,,0.17133327,1.0,0.30240342,2062.914,5.0
14663,,0.13868663,0.0,0.23978283,1917.3213,5.0
14664,,,,,1538.1084,5.0
14665,,0.39460987,,0.34193265,1035.1431,5.0
14666,,,,,2183.405,5.0
14667,,0.03317974,,0.168166,157205.77,5.0
14668,,0.44764298,,0.6163048,1192.6396,5.0
14669,,0.38633665,,0.5042331,1248.6301,5.0
14670,,,,,647.71857,5.0
14671,,0.32809782,,0.51363045,908.01996,5.0
14672,,,,,2287.2437,5.0
14673,0.0,0.2383569,0.0,0.45305786,1855.0868,5.0
14674,0.0,0.31574962,0.0,0.5570745,1967.4448,5.0
14675,0.0,0.34787425,0.0,0.47553837,3102.2302,5.0
14676,,0.057003617,,0.2254738,3421.345,5.0
14677,,0.2528608,,0.41227612,2378.8813,5.0
14678,,0.5589142,,0.76202554,5918.708,5.0
14679,,0.4452093,,0.5820952,6796.2017,5.0
14680,,0.56236464,,0.67694134,6117.874,5.0
14681,,,,,4152.0234,5.0
14682,,0.13085319,0.0,0.35480958,3838.0208,5.0
14683,,,,,5501.9546,5.0
14684,,0.26307812,0.0,0.4971165,4466.624,5.0
14685,,,,,5564.1934,5.0
14686,,0.18188937,0.0,0.36550122,4527.3535,5.0
14687,,0.15318392,0.0,0.21195078,5675.884,5.0
14688,,0.12051549,,0.32264265,5104.221,5.0
14689,,0.03318106,,0.14233604,5175.048,5.0
14690,,0.15260826,,0.24800706,7048.3433,5.0
14691,,0.24629238,1.0,0.360231,5793.0444,5.0
14692,,,,,4979.689,5.0
14693,,0.18072294,,0.21069635,4425.213,5.0
14694,,,,,5743.4463,5.0
14695,,0.20081802,,0.32532072,5393.3193,5.0
14696,,0.4009409,1.0,0.55641407,3931.3115,5.0
14697,,0.27301818,,0.42610332,4417.116,5.0
14698,,,0.0,,5049.5435,5.0
14699,,0.027237521,,0.15319633,5959.6665,5.0
14700,,0.21258646,,0.47564855,6693.8774,5.0
14701,,,,,3756.5352,5.0
14702,,0.20121017,1.0,0.31671208,2425.7932,5.0
14703,,0.2297602,,0.42085114,2043.802,5.0
14704,,,,,1767.837,5.0
14705,,,,,3155.1548,5.0
14706,,0.22930321,0.0,0.39534688,2989.0242,5.0
14707,,,,,3841.844,5.0
14708,,0.41822207,1.0,0.58651245,2982.2988,5.0
14709,,0.38179833,,0.5277698,18089.803,5.0
14710,0.0,0.13730237,0.0,0.30308923,15016.637,5.0
14711,,0.53474456,0.0,0.4963253,5924.281,5.0
14712,,,,,4111.6846,5.0
14713,,0.26517314,,0.436643,4348.461,5.0
14714,,0.50787354,1.0,0.6658653,4853.8604,5.0
14715,,0.1589319,0.0,0.30355325,6986.338,5.0
14716,,0.44740897,0.0,0.6105358,4702.364,5.0
14717,,,,,6281.0083,5.0
14718,,0.4111914,0.0,0.5805939,5771.348,5.0
14719,,0.3089396,,0.21531232,86008.414,5.0
14720,,0.07646481,,0.34926987,64122.94,5.0
14721,,,,,2826.982,5.0
14722,,0.43561476,,0.29557455,3417.9946,5.0
14723,,0.5329723,,0.30228078,2927.7664,5.0
14724,,0.86351836,,0.61534756,2593.9062,5.0
14725,,,,,2391.6877,5.0
14726,0.0,0.21584803,0.0,0.1417791,3345.575,5.0
14727,,0.38714662,,0.32722613,2752.8645,5.0
14728,,,,,2698.4668,5.0
14729,1.0,0.8204665,1.0,0.4976294,1253.576,5.0
14730,0.0,0.25255334,0.0,0.23381081,3353.0266,5.0
14731,0.0,0.111692086,0.0,0.24796355,3290.881,5.0
14732,,0.13091777,0.0,0.11129384,91034.47,5.0
14733,,,,,863.0437,5.0
14734,,0.34792653,,0.5157223,991.7108,5.0
14735,,,,,889.50244,5.0
14736,,,,,762.2911,5.0
14737,,,,,1441.9249,5.0
14738,,,,,1422.0219,5.0
14739,,0.09312085,,0.37119424,1440.062,5.0
14740,,0.13303192,,0.40504324,1382.2709,5.0
14741,,,,,1618.8102,5.0
14742,,,,,1949.2153,5.0
14743,,0.059463814,,0.33751026,1419.8395,5.0
14744,,,,,1244.0519,5.0
14745,,,,,1327.5254,5.0
14746,,,,,1662.9985,5.0
14747,,,,,1519.6279,5.0
14748,,0.29266897,,0.3228582,1626.8246,5.0
14749,,,,,9811.869,5.0
14750,,,,,10024.194,5.0
14751,,,,,9453.978,5.0
14752,,,,,10563.715,5.0
14753,,,,,9730.5625,5.0
14754,,,,,12849.167,5.0
14755,,,,,9433.128,5.0
14756,,,,,9843.536,5.0
14757,,,,,673.62573,5.0
14758,,,,,615.6919,5.0
14759,,,,,903.8562,5.0
14760,,0.24614486,,0.5569516,695.8994,5.0
14761,,0.1397645,,0.50730914,728.0755,5.0
14762,,0.09265661,0.0,0.5401575,655.14575,5.0
14763,,,,,771.9521,5.0
14764,,0.35185224,0.0,0.67219037,846.5211,5.0
14765,,0.16168892,0.0,0.526737,728.0536,5.0
14766,,0.17031139,0.0,0.6504192,670.7951,5.0
14767,,,,,829.0677,5.0
14768,,0.26032212,,0.6330527,32201.914,5.0
14769,,,,,420.08707,5.0
14770,,,,,398.97006,5.0
14771,,0.31884518,,0.66255784,330.1459,5.0
14772,,,,,241.48846,5.0
14773,,,,,655.2079,5.0
14774,,0.11954222,0.0,0.56530154,547.69354,5.0
14775,,,,,864.7889,5.0
14776,,,,,804.2523,5.0
14777,,0.16095194,,0.43135086,735.7404,5.0
14778,,0.07312286,,0.27720442,866.96936,5.0
14779,,0.4268622,,0.75347346,479.78635,5.0
14780,,,,,26321.166,5.0
14781,,,,,505.93262,5.0
14782,,,0.0,,713.81006,5.0
14783,,,0.0,,584.45135,5.0
14784,,0.4774829,,0.77030003,524.778,5.0
14785,,,,,1680.306,5.0
14786,,0.614499,,0.81431526,1506.1301,5.0
14787,,,,,2050.4626,5.0
14788,,,0.0,,1940.4922,5.0
14789,,0.75832075,1.0,0.85278296,869.4173,5.0
14790,,0.6006305,1.0,0.81990385,1958.073,5.0
14791,,,,,13001.201,5.0
14792,,,,,120.10765,5.0
14793,,0.24161778,,0.538169,194.97339,5.0
14794,,0.6243459,,0.6602449,72.369774,5.0
14795,,0.6107341,1.0,0.77557135,94.58125,5.0
14796,,,,,142.08385,5.0
14797,,0.60463744,1.0,0.71847475,143.99976,5.0
14798,,,,,1615.9517,5.0
14799,,0.3447988,1.0,0.41652942,1012.2557,5.0
14800,,,,,1386.8528,5.0
14801,,,,,794.0376,5.0
14802,,,,,1369.4692,5.0
14803,,0.07507144,,0.2890087,881.774,5.0
14804,,0.3569227,,0.7024582,1886.7474,5.0
14805,,,,,1312.9592,5.0
14806,,0.15445279,1.0,0.6686499,255.11739,5.0
14807,,0.73335356,1.0,0.9071834,356.7832,5.0
14808,,0.56309944,1.0,0.8433394,313.036,5.0
14809,,0.17897566,1.0,0.74387616,348.6674,5.0
14810,,0.16631946,,0.6755905,446.5042,5.0
14811,,0.26532182,1.0,0.73431337,345.02258,5.0
14812,,0.3426567,1.0,0.7158344,282.03354,5.0
14813,,0.06577689,0.0,0.63290477,313.1803,5.0
14814,,0.43759242,0.0,0.6880166,386.87833,5.0
14815,,,,,406.45453,5.0
14816,,0.5473965,,0.80240875,1122.7576,5.0
14817,,0.4239558,,0.73475224,1092.5748,5.0
14818,,0.41989738,,0.7334771,1191.1334,5.0
14819,,0.4054813,0.0,0.72301877,1132.9751,5.0
14820,,0.23643768,,0.62790966,1774.905,5.0
14821,,0.1838339,,0.5930018,1978.4073,5.0
14822,,0.12299853,0.0,0.47331142,1720.6149,5.0
14823,,,,,1271.3026,5.0
14824,,0.24872059,0.0,0.6350895,1569.9764,5.0
14825,,0.3061662,1.0,0.7360583,1288.4873,5.0
14826,,0.04158228,,0.24803472,45022.844,5.0
14827,,0.39157483,,0.64676917,525.3747,5.0
14828,,0.73694235,,0.8627474,443.4634,5.0
14829,,0.47046927,,0.6589068,737.01855,5.0
14830,,,,,550.0913,5.0
14831,,,,,532.46716,5.0
14832,,0.8896573,1.0,0.9228456,542.6786,5.0
14833,,0.79510105,1.0,0.9063788,432.51077,5.0
14834,,0.45126194,1.0,0.63352174,810.6999,5.0
14835,,0.41073096,0.0,0.5787421,721.78723,5.0
14836,,0.64952964,1.0,0.7938216,631.75195,5.0
14837,,0.7610391,1.0,0.7280521,547.2172,5.0
14838,,0.34643403,0.0,0.54201084,802.2615,5.0
14839,,,,,3218.4026,5.0
14840,,,,,3202.0076,5.0
14841,,0.3828389,1.0,0.72808295,2967.244,5.0
14842,,,,,3250.3567,5.0
14843,0.0,0.10222463,0.0,0.59439284,1670.0632,5.0
14844,,0.23163924,,0.61360896,1416.5924,5.0
14845,,0.3065049,,0.6412647,1538.6677,5.0
14846,,,,,1789.6108,5.0
14847,,,,,1756.5236,5.0
14848,,0.27184018,1.0,0.6111807,1696.0044,5.0
14849,,0.29679668,1.0,0.633815,1676.7488,5.0
14850,,0.8492912,,0.8713001,1226.6449,5.0
14851,,0.6853135,,0.77137274,1564.2555,5.0
14852,,,,,1369.108,5.0
14853,,0.7639433,,0.77640575,1366.0933,5.0
14854,,,,,1582.301,5.0
14855,,0.5123723,,0.6471803,1569.8751,5.0
14856,1.0,0.69048274,1.0,0.773486,1406.0538,5.0
14857,,,,,1571.578,5.0
14858,1.0,0.44197825,1.0,0.69587946,1295.378,5.0
14859,,,,,11354.769,5.0
14860,,,,,11575.022,5.0
14861,,,,,13042.574,5.0
14862,,,,,746.4044,5.0
14863,,0.70577335,,0.81548315,725.2423,5.0
14864,,,,,1159.4403,5.0
14865,,0.41333464,,0.68337023,859.4003,5.0
14866,1.0,0.627297,1.0,0.7439999,658.9642,5.0
14867,,,,,798.152,5.0
14868,0.0,0.46002945,0.0,0.6503371,868.0744,5.0
14869,0.0,0.5175767,0.0,0.6516163,1101.2461,5.0
14870,,,,,10651.395,5.0
14871,,,,,12205.783,5.0
14872,,,,,8279.16,5.0
14873,,0.21334915,,0.4227105,10049.087,5.0
14874,,,,,16818.203,5.0
14875,,0.037658412,,0.10789804,19132.715,5.0
14876,,,,,12743.686,5.0
14877,,,,,17350.436,5.0
14878,,,,,14529.856,5.0
14879,,,,,16101.064,5.0
14880,,0.13054194,,0.20811574,14199.798,5.0
14881,,0.056673378,,0.10481436,14463.554,5.0
14882,,,,,16015.214,5.0
14883,,,,,14719.8955,5.0
14884,,,,,98388.05,5.0
14885,,,,,88859.07,5.0
14886,,,,,75735.195,5.0
14887,,,,,66967.66,5.0
14888,,,,,744.60284,5.0
14889,,,,,567.43005,5.0
14890,,,,,9184.318,5.0
14891,,,,,8936.55,5.0
14892,,0.21752788,,0.35660434,7149.3267,5.0
14893,,0.1550264,,0.29452345,8536.593,5.0
14894,,0.049452107,,0.09933559,11684.91,5.0
14895,,,,,8701.061,5.0
14896,,,,,9768.844,5.0
14897,,0.15493216,,0.2626775,630.402,5.0
14898,,,,,476.4269,5.0
14899,,0.32703304,,0.45282832,410.0914,5.0
14900,,,,,408.19214,5.0
14901,,,,,652.3953,5.0
14902,,,,,460.299,5.0
14903,1.0,0.43578857,1.0,0.57704735,391.33643,5.0
14904,,,,,480.22693,5.0
14905,,0.3118158,1.0,0.42260367,409.84784,5.0
14906,,0.233235,,0.34506,402.45062,5.0
14907,,0.12882246,0.0,0.22571476,666.40094,5.0
14908,,0.24144784,0.0,0.34933227,565.4719,5.0
14909,,0.31152588,,0.45151907,323.22067,5.0
14910,,0.037170168,,0.1585604,411.44647,5.0
14911,,0.09261262,,0.21268961,396.19974,5.0
14912,,0.34960008,,0.47588792,269.299,5.0
14913,,,,,478.0169,5.0
14914,,,,,315.1218,5.0
14915,,,,,452.72964,5.0
14916,,,,,462.74152,5.0
14917,,,,,488.33414,5.0
14918,,0.26130047,,0.42038876,354.40646,5.0
14919,,0.26792288,,0.42383745,364.70032,5.0
14920,,,0.0,,444.4312,5.0
14921,,,,,218.2298,5.0
14922,,0.11041205,1.0,0.22661361,239.65576,5.0
14923,,0.4040473,,0.4926464,321.3248,5.0
14924,,0.23830205,,0.33040562,312.66458,5.0
14925,,0.45185876,0.0,0.49665457,280.62808,5.0
14926,,0.38435572,0.0,0.32118002,109.69552,5.0
14927,,0.5971354,,0.60497296,272.80853,5.0
14928,,,,,9151.488,5.0
14929,,,,,8976.789,5.0
14930,,0.18705659,,0.42879564,169.87611,5.0
14931,0.0,0.03276351,0.0,0.13615997,222.37321,5.0
14932,,,,,275.92447,5.0
14933,,0.25429955,,0.3837085,290.7896,5.0
14934,,,,,237.8008,5.0
14935,,,,,312.31567,5.0
14936,0.0,0.03243744,0.0,0.11939227,310.7862,5.0
14937,,,,,13894.286,5.0
14938,,0.048083175,,0.2603785,22922.693,5.0
14939,,,,,326.4344,5.0
14940,,0.23089916,,0.3438305,313.65515,5.0
14941,,0.47619587,1.0,0.584305,266.3315,5.0
14942,,0.080822326,,0.3509251,330.21884,5.0
14943,,0.52744406,0.0,0.59803903,823.4931,5.0
14944,,,,,1101.8353,5.0
14945,,0.06405141,1.0,0.19251473,779.6769,5.0
14946,,0.4023231,,0.5170747,834.68726,5.0
14947,,0.58888453,1.0,0.5965231,980.7409,5.0
14948,,0.101251185,0.0,0.2196394,999.9647,5.0
14949,,,,,1109.624,5.0
14950,,0.39862865,0.0,0.52799416,1017.52747,5.0
14951,,0.35622725,,0.43396646,521.50366,5.0
14952,,0.08638617,,0.23481232,533.56354,5.0
14953,,0.34024245,,0.4434416,574.5542,5.0
14954,,0.035432678,,0.15482442,704.6258,5.0
14955,,0.20269057,,0.23868588,444.3234,5.0
14956,,,,,460.40317,5.0
14957,,0.23860624,,0.372397,669.614,5.0
14958,,,,,858.7973,5.0
14959,,,,,898.193,5.0
14960,,0.06790459,,0.14678492,728.79297,5.0
14961,,,,,707.7821,5.0
14962,,0.5346835,1.0,0.62453854,586.54315,5.0
14963,,,,,234.59698,5.0
14964,,0.3718651,,0.43715328,266.64737,5.0
14965,,0.36906454,,0.36958677,313.8099,5.0
14966,,0.47291043,,0.65819275,179.32973,5.0
14967,,0.60049003,,0.64822036,230.39108,5.0
14968,,,,,139.35287,5.0
14969,,,,,234.61304,5.0
14970,,,,,242.97142,5.0
14971,,0.542579,,0.47422695,267.69727,5.0
14972,,,,,9101.016,5.0
14973,,,,,9644.762,5.0
14974,,,,,12735.005,5.0
14975,,0.10313241,,0.25541186,198.21773,5.0
14976,,0.34250978,,0.4452417,226.91054,5.0
14977,,,,,183.28145,5.0
14978,,,,,208.44254,5.0
14979,,,,,244.15392,5.0
14980,,0.79847986,,0.71575284,174.45181,5.0
14981,,,,,129.43797,5.0
14982,,0.4193734,,0.47688562,238.66193,5.0
14983,,,,,93.968094,5.0
14984,,0.3073079,1.0,0.43374094,116.25296,5.0
14985,,0.32185605,,0.41264468,130.83348,5.0
14986,,0.3631874,0.0,0.4256514,152.8606,5.0
14987,,,,,448.55524,5.0
14988,,,,,348.0153,5.0
14989,,,,,218.37064,5.0
14990,,0.07359229,,0.3402267,360.32684,5.0
14991,,,,,492.52283,5.0
14992,,0.07150926,0.0,0.20101339,355.65356,5.0
14993,,,,,385.58475,5.0
14994,,,,,405.89136,5.0
14995,,,,,552.15796,5.0
14996,,0.21711203,,0.33643386,182.56892,5.0
14997,,0.22930211,,0.28164783,270.33743,5.0
14998,,,,,229.39502,5.0
14999,,0.26265922,,0.32238162,271.88013,5.0
15000,,,,,721.0635,5.0
15001,,,,,806.2457,5.0
15002,,,,,810.54095,5.0
15003,,,,,778.4219,5.0
15004,,0.08718501,,0.3725732,613.68915,5.0
15005,,,,,706.2242,5.0
15006,,,,,508.6792,5.0
15007,,0.36251277,,0.4377875,718.3578,5.0
15008,,0.5955421,,0.66555,416.75052,5.0
15009,,0.44804564,,0.5676451,407.97202,5.0
15010,,0.0802017,,0.20194188,482.7019,5.0
15011,,0.31649193,,0.42562073,352.86154,5.0
15012,,0.06790587,,0.14678633,1571.2872,5.0
15013,,,,,1467.616,5.0
15014,,0.16766144,,0.27318615,1434.257,5.0
15015,,0.21477742,,0.33515632,1213.0083,5.0
15016,,,,,1414.7346,5.0
15017,,0.07082274,0.0,0.20032138,1385.2712,5.0
15018,,,,,1477.9749,5.0
15019,,,,,426.71472,5.0
15020,,0.14195833,1.0,0.27793354,496.31155,5.0
15021,,,,,285.87103,5.0
15022,,,,,437.5317,5.0
15023,,0.38399652,1.0,0.51691306,654.5605,5.0
15024,,0.48021302,1.0,0.5871292,801.1051,5.0
15025,,0.33345175,,0.48791677,680.48535,5.0
15026,,,,,1016.5362,5.0
15027,,,,,1118.2435,5.0
15028,0.0,0.37475362,0.0,0.5330064,749.7415,5.0
15029,,,,,861.54407,5.0
15030,,,,,1071.9188,5.0
15031,,,,,1157.347,5.0
15032,,0.53042173,,0.6216318,1037.5563,5.0
15033,,,,,397.551,5.0
15034,,,,,334.9869,5.0
15035,,,,,475.19174,5.0
15036,,0.12833352,0.0,0.28502533,425.88416,5.0
15037,,,,,241.26532,5.0
15038,0.0,0.3413835,0.0,0.4443481,394.69516,5.0
15039,,0.18527582,0.0,0.3133888,297.79865,5.0
15040,,0.051841896,,0.14246055,61049.7,5.0
15041,,,,,424.3074,5.0
15042,,,,,661.9336,5.0
15043,,,,,934.7043,5.0
15044,,0.18528818,1.0,0.28152505,405.6163,5.0
15045,,,,,398.89697,5.0
15046,,0.4424037,0.0,0.5644514,343.29437,5.0
15047,,0.27004984,0.0,0.39472777,369.00116,5.0
15048,,0.7024558,,0.60006166,400.96176,2.0
15049,,0.0905048,,0.24891779,410.8408,5.0
15050,,0.117880635,,0.2720117,356.0004,5.0
15051,,,,,891.59216,5.0
15052,,,,,721.84375,5.0
15053,,,,,719.42566,5.0
15054,,0.69669104,,0.5948781,581.8043,5.0
15055,,,,,286.85098,5.0
15056,,,,,284.55643,5.0
15057,,0.10477042,1.0,0.13372727,270.1267,5.0
15058,,0.3339033,1.0,0.28938323,286.35663,5.0
15059,,0.2511973,0.0,0.25492746,256.93103,5.0
15060,,0.43471268,0.0,0.30098754,295.38107,5.0
15061,,,,,261.84106,5.0
15062,,0.61884767,1.0,0.510022,164.98639,5.0
15063,,0.6683002,1.0,0.5425936,1186.0903,5.0
15064,,0.6988931,,0.5593989,946.5059,5.0
15065,,0.6099046,1.0,0.50206447,1261.2104,5.0
15066,,0.75009066,1.0,0.6487888,4349.3604,5.0
15067,,0.10680333,,0.21812472,5191.3506,5.0
15068,1.0,0.8406125,1.0,0.6991481,4458.463,5.0
15069,1.0,0.856479,1.0,0.74008644,4711.192,5.0
15070,1.0,0.8772194,1.0,0.7647684,4954.805,5.0
15071,,0.6818004,1.0,0.5439285,5329.939,5.0
15072,1.0,0.80513877,1.0,0.69006217,6674.782,5.0
15073,,,,,3677.0322,5.0
15074,1.0,0.90102035,1.0,0.7842166,71167.484,5.0
15075,,0.37965575,,0.5716722,575.77466,5.0
15076,,,,,226.12318,5.0
15077,,0.4694443,,0.73513746,434.07397,5.0
15078,,0.2844615,,0.47995684,482.4266,5.0
15079,1.0,0.44642282,1.0,0.6830643,235.82852,5.0
15080,1.0,0.1938599,1.0,0.40168527,262.18835,5.0
15081,,0.42494577,1.0,0.67588395,208.57603,5.0
15082,1.0,0.31658396,1.0,0.6163588,216.41869,5.0
15083,,,,,227.28633,5.0
15084,,0.22970232,,0.43176618,285.8081,5.0
15085,,0.05322359,,0.23162808,241.82599,5.0
15086,,0.13422485,0.0,0.5288822,286.4799,5.0
15087,,,,,1792.4454,5.0
15088,,0.47192726,,0.6875614,1597.6296,5.0
15089,,,,,409.0115,5.0
15090,,,,,756.56995,5.0
15091,,,,,593.3336,5.0
15092,,,,,821.8395,5.0
15093,,0.116121605,,0.2972026,589.4153,5.0
15094,,,,,591.0452,5.0
15095,,,,,586.49744,5.0
15096,,0.40369096,0.0,0.6628069,607.5199,5.0
15097,,0.63487875,,0.83863205,234.82236,5.0
15098,,,,,328.05225,5.0
15099,,0.5747515,,0.78564185,330.84326,5.0
15100,,0.4266732,1.0,0.68958026,346.82294,5.0
15101,,0.36120772,1.0,0.62025595,452.87106,5.0
15102,,0.078111745,0.0,0.30526954,4262.665,5.0
15103,,0.27081805,1.0,0.5572495,3821.196,5.0
15104,,0.08401682,,0.31623125,3727.2278,5.0
15105,,,,,3738.0989,5.0
15106,,,,,3402.838,5.0
15107,,0.14317212,,0.4329634,4037.1091,5.0
15108,,0.043353684,,0.31010535,3631.25,5.0
15109,,0.7353519,,0.929832,1544.1178,5.0
15110,,0.7801072,,0.920722,1538.5817,5.0
15111,,0.042787187,0.0,0.62746435,2103.283,5.0
15112,,0.5703616,1.0,0.8191168,663.21826,5.0
15113,,0.1962433,,0.65957,573.1483,5.0
15114,,0.5369098,1.0,0.8069629,706.7651,5.0
15115,,0.5992052,1.0,0.8135914,470.0106,5.0
15116,,0.26093617,1.0,0.7177528,467.27438,5.0
15117,,0.5305399,,0.84088284,684.83826,5.0
15118,,0.41180056,1.0,0.7499533,767.9277,5.0
15119,,0.12227775,,0.55767673,689.8628,5.0
15120,,,,,31979.656,5.0
15121,,0.801122,1.0,0.8076124,2043.0947,5.0
15122,,0.76776713,,0.8221752,1984.6166,5.0
15123,,0.7600468,,0.843573,1928.7445,5.0
15124,,,,,2364.6519,5.0
15125,,,,,305.0322,5.0
15126,,0.18012759,0.0,0.5274828,366.89368,5.0
15127,,0.55040133,,0.7632917,412.73093,5.0
15128,,0.4383093,,0.75826204,392.7671,5.0
15129,0.0,0.45510465,0.0,0.6904559,465.15067,5.0
15130,,,0.0,,281.90396,5.0
15131,,0.20436342,,0.44894892,17087.334,5.0
15132,1.0,0.41492558,1.0,0.7985346,800.06744,5.0
15133,,,,,1424.9979,5.0
15134,,,,,1775.4319,5.0
15135,,0.46825328,,0.7230913,1551.829,5.0
15136,,0.19929048,0.0,0.617627,940.5822,5.0
15137,,0.4728168,0.0,0.690866,955.64984,5.0
15138,,,,,861.37946,5.0
15139,,0.2354504,0.0,0.56756735,1053.1351,5.0
15140,,0.27815875,0.0,0.5757228,952.27484,5.0
15141,,0.51053226,1.0,0.74262,889.7338,5.0
15142,,0.1415336,0.0,0.44853097,19471.545,5.0
15143,,,,,477.63748,5.0
15144,,,,,372.9548,5.0
15145,,,,,372.55658,5.0
15146,,,,,338.51093,5.0
15147,,,,,354.79156,5.0
15148,,,,,280.15576,5.0
15149,,,,,346.7444,5.0
15150,,,,,2021.6545,5.0
15151,,,,,1744.6512,5.0
15152,,,,,2492.1113,5.0
15153,,,,,1948.7897,5.0
15154,,,,,2122.9768,5.0
15155,,0.54843336,,0.7594614,2393.989,5.0
15156,,0.63760126,,0.7568411,1777.9208,5.0
15157,,0.55851585,,0.7499603,2075.151,5.0
15158,0.0,0.2809128,0.0,0.5564441,462.96085,5.0
15159,,,,,527.40436,5.0
15160,,0.26443976,0.0,0.57227594,371.73297,5.0
15161,,0.6216155,0.0,0.7971,411.8852,5.0
15162,,0.42545336,0.0,0.6831017,417.03708,5.0
15163,,0.13130601,1.0,0.41361374,479.84338,5.0
15164,,,,,25111.168,5.0
15165,,,,,960.01154,5.0
15166,,0.1294287,,0.28993708,897.6038,5.0
15167,,0.55032235,,0.542254,1149.7062,5.0
15168,,0.7213177,,0.7997535,810.82,5.0
15169,,0.7273841,1.0,0.71393025,935.0075,5.0
15170,,0.51956576,,0.55824596,920.63464,5.0
15171,,0.2354924,,0.2799155,1066.5665,5.0
15172,,,,,988.24835,5.0
15173,,0.19364,,0.47720134,1269.7917,5.0
15174,,0.7225586,1.0,0.70863324,1076.8955,5.0
15175,,0.67616904,1.0,0.6785991,1023.6005,5.0
15176,,0.18610263,0.0,0.28586835,1103.1016,5.0
15177,,,,,960.8985,5.0
15178,,0.43743396,,0.4653291,1017.85706,5.0
15179,,0.5522511,1.0,0.5940327,1098.1805,5.0
15180,,0.26408452,0.0,0.54532665,1116.9349,5.0
15181,,0.45310554,1.0,0.52041584,1167.9502,5.0
15182,,0.26074377,,0.36485752,1096.6289,5.0
15183,,0.46173552,0.0,0.48197454,1210.3531,5.0
15184,,0.6066073,0.0,0.6300573,1065.9319,5.0
15185,1.0,,1.0,,1044.8645,5.0
15186,,0.6245276,1.0,0.6184641,1163.1261,5.0
15187,,0.7258822,1.0,0.7128793,7504.263,5.0
15188,,0.12618113,0.0,0.2753844,9359.802,5.0
15189,,,,,848.5947,5.0
15190,,,,,1008.7965,5.0
15191,,,,,1173.3131,5.0
15192,,,,,899.7997,5.0
15193,,,,,830.61053,5.0
15194,,,,,744.4959,5.0
15195,,,,,1039.4961,5.0
15196,,0.43854588,1.0,0.78656876,602.75885,5.0
15197,,,,,1029.6403,5.0
15198,,,,,722.77747,5.0
15199,,,,,774.9034,5.0
15200,,,,,872.89264,5.0
15201,,,,,576.49384,5.0
15202,,0.42741635,,0.6898545,636.4269,5.0
15203,,,,,451.43515,5.0
15204,,,,,563.18,5.0
15205,,,,,2116.174,5.0
15206,,,,,2424.0286,5.0
15207,,,,,1738.294,5.0
15208,,,,,27415.959,5.0
15209,,0.2569656,,0.5410506,1425.0508,5.0
15210,,,,,1701.4623,5.0
15211,,0.4007564,,0.64599323,1345.739,5.0
15212,,,,,1304.4994,5.0
15213,,0.44402242,,0.6675729,1974.4753,5.0
15214,,,,,2111.8264,5.0
15215,,,,,2459.7217,5.0
15216,,0.26759386,,0.54762316,2042.5262,5.0
15217,,,,,2239.3052,5.0
15218,,0.11909523,0.0,0.4505746,1714.576,5.0
15219,,,,,2842.2903,5.0
15220,,0.21401738,1.0,0.4982036,92374.34,5.0
15221,,,,,2971.2732,5.0
15222,,,,,1960.578,5.0
15223,,,,,2904.8005,5.0
15224,,,,,3109.1277,5.0
15225,,,,,1343.5493,5.0
15226,,,,,1485.0938,5.0
15227,,0.60386294,,0.63777596,1796.1619,5.0
15228,,,,,1557.5447,5.0
15229,,,,,1677.0588,5.0
15230,,,,,1051.8171,5.0
15231,,,,,552.3076,5.0
15232,,,,,585.88574,
15233,,,,,548.4708,5.0
15234,,,,,581.1537,5.0
15235,,,,,507.51974,5.0
15236,,,,,654.1789,
15237,,,,,112.45336,
15238,,,1.0,,505.39023,
15239,,,,,43455.938,
15240,,,,,26893.346,5.0
15241,,,,,713.25464,5.0
15242,,,,,632.558,5.0
15243,,,,,467.09036,
15244,,,,,643.7457,5.0
15245,,,,,383.39435,
15246,,,,,408.70853,
15247,,,,,451.36197,5.0
15248,,,0.0,,494.40817,
15249,,,,,592.72626,
15250,,,0.0,,756.027,
15251,,,,,485.68842,5.0
15252,,,,,548.6259,5.0
15253,,,,,721.81213,5.0
15254,,,,,584.5354,5.0
15255,,,,,1347.8959,
15256,,,1.0,,1152.8413,
15257,,,,,1544.7832,
15258,,,,,1148.4235,
15259,,,,,1224.3268,
15260,,,,,1662.2582,5.0
15261,,,,,1717.6129,5.0
15262,,,,,86220.0,5.0
15263,,,,,883.503,5.0
15264,,,,,1262.45,5.0
15265,,,,,1564.7795,5.0
15266,,,,,1602.6581,
15267,,,,,1632.0747,
15268,,,,,1599.1738,5.0
15269,,,,,1623.5786,
15270,,,,,1468.5836,
15271,,,1.0,,1223.7595,
15272,,,,,3415.899,5.0
15273,,,,,4621.793,
15274,,,1.0,,4203.354,
15275,,,,,768.77325,
15276,,,,,418.33597,
15277,,,,,599.95056,5.0
15278,,,,,549.902,5.0
15279,,,1.0,,952.87476,
15280,,0.591062,1.0,0.960226,1149.9902,2.0
15281,,,,,876.1714,
15282,,,1.0,,1061.7272,
15283,,,,,911.7227,
15284,,,,,807.6121,5.0
15285,,,,,726.5958,5.0
15286,,,,,892.44116,5.0
15287,,,,,372.2232,5.0
15288,,,,,451.15674,
15289,,,,,420.72366,
15290,,,,,927.7531,5.0
15291,,,,,582.5733,5.0
15292,,,,,20826.31,
15293,,,,,13684.265,
15294,,,,,21841.752,5.0
15295,,,,,19423.38,5.0
15296,,,,,14493.209,5.0
15297,,,,,1534.729,5.0
15298,,,,,2473.4272,
15299,,,,,1827.4637,5.0
15300,,,,,2298.2751,
15301,,,,,2693.4666,
15302,,,,,1165.7247,5.0
15303,,,1.0,,799.1318,
15304,,,,,1600.1731,5.0
15305,,,,,1412.939,5.0
15306,0.0,,0.0,,1390.1954,
15307,,,,,1263.9712,5.0
15308,,,,,930.24915,
15309,,,,,691.1316,
15310,,,,,840.3795,
15311,,,,,1016.5399,5.0
15312,,,,,973.7119,5.0
15313,0.0,,0.0,,1211.3428,
15314,,,,,1201.9922,5.0
15315,,,,,1311.5674,
15316,1.0,,1.0,,1038.5997,
15317,,,,,1016.0265,5.0
15318,0.0,,0.0,,1183.9453,
15319,,,,,697.4381,5.0
15320,,,1.0,,289.65768,
15321,,,,,780.5748,5.0
15322,,,0.0,,577.7073,
15323,,,,,572.46423,5.0
15324,,,,,12978.41,
15325,,,,,11749.968,5.0
15326,,,,,19262.53,5.0
15327,,,,,16697.938,
15328,,,,,14599.449,5.0
15329,,,,,19265.115,5.0
15330,,,,,17401.865,
15331,,,,,2409.1907,5.0
15332,,,,,1737.6168,5.0
15333,,,,,2239.254,
15334,,,,,2192.638,5.0
15335,,,,,1843.4095,5.0
15336,,,,,4807.695,5.0
15337,,,,,2748.824,5.0
15338,,,0.0,,3245.942,
15339,,,,,3331.9043,
15340,,,,,4184.8027,
15341,,,,,541.68616,5.0
15342,,,,,605.7095,
15343,,,,,433.28647,
15344,,,,,685.51276,5.0
15345,,,,,700.78046,
15346,,,0.0,,689.93964,
15347,,,,,479.7486,5.0
15348,,,,,28105.416,
15349,,,,,28941.93,
15350,,,,,224.83096,
15351,,,,,365.78323,
15352,,,,,313.82883,
15353,,,,,328.3893,
15354,,,1.0,,331.5229,
15355,,,1.0,,283.1439,
15356,,,,,318.46893,5.0
15357,,,1.0,,370.807,
15358,,,,,366.47867,5.0
15359,,,,,368.2583,5.0
15360,,,,,445.34622,5.0
15361,,,,,1426.0917,
15362,,,,,1271.8195,
15363,,,,,730.11664,
15364,,,,,888.8724,5.0
15365,,,1.0,,866.52576,
15366,,,1.0,,842.51965,
15367,,,,,405.6603,5.0
15368,,,1.0,,1184.6901,
15369,,,,,940.353,
15370,,,,,693.13214,
15371,,,0.0,,1041.8257,
15372,,,,,1437.2322,5.0
15373,,,,,925.67706,5.0
15374,,,,,1227.524,5.0
15375,,,,,1163.2493,
15376,,,1.0,,1038.5918,
15377,,,,,1381.2054,
15378,,,,,1000.2946,
15379,,,,,1575.7322,5.0
15380,,,1.0,,1662.925,
15381,,,,,1599.5927,
15382,,,,,1579.0726,5.0
15383,,,1.0,,1212.6119,
15384,,,,,1443.5156,
15385,,,,,1651.6051,5.0
15386,,,,,763.29724,5.0
15387,,,,,1478.6975,
15388,,,,,970.7941,
15389,,0.7390472,,0.97833204,654.7763,3.0
15390,,,0.0,,856.2504,
15391,,,,,1516.5072,5.0
15392,,,,,725.87854,5.0
15393,,,,,800.2912,
15394,,,,,1177.2399,5.0
15395,,,,,2622.3074,5.0
15396,,,,,1503.0941,5.0
15397,,,,,2029.6337,5.0
15398,,,,,2639.9414,
15399,,,1.0,,2295.3528,
15400,,,,,2831.847,
15401,,,,,2461.073,5.0
15402,,,1.0,,2391.326,
15403,,,,,2240.4812,5.0
15404,,,,,1791.3478,5.0
15405,1.0,,1.0,,1799.0902,
15406,,,,,1727.7439,
15407,,,,,2191.419,
15408,,,,,1756.8762,
15409,,,,,2587.9194,
15410,,,1.0,,1236.0525,
15411,,,,,1401.714,5.0
15412,,,,,3013.0215,5.0
15413,,,1.0,,943.3626,
15414,,,,,2337.6304,
15415,,,,,885.9754,5.0
15416,,,,,2140.2358,
15417,,,,,2907.5369,
15418,,,,,286.9896,5.0
15419,,,1.0,,492.5277,
15420,,,1.0,,270.37805,
15421,,,,,322.157,5.0
15422,,,1.0,,272.7043,
15423,,,,,289.8021,5.0
15424,,,,,413.93823,
15425,,,,,306.58377,
15426,,,,,57551.44,
